ISO-10303-21;
HEADER;
FILE_DESCRIPTION (( 'STEP AP214' ),
    '1' );
FILE_NAME ('303C-321018-30-04.STEP',
    '2025-08-25T15:56:33',
    ( 'LENOVO' ),
    ( '' ),
    'SwSTEP 2.0',
    'SolidWorks 2021',
    '' );
FILE_SCHEMA (( 'AUTOMOTIVE_DESIGN' ));
ENDSEC;

DATA;
#1 = CARTESIAN_POINT ( 'NONE',  ( -1.300000000000000044, 5.271320343559642296, 0.000000000000000000 ) ) ;
#2 = ORIENTED_EDGE ( 'NONE', *, *, #756, .T. ) ;
#3 = EDGE_CURVE ( 'NONE', #732, #2370, #1239, .T. ) ;
#4 = ADVANCED_FACE ( 'NONE', ( #4110 ), #4130, .T. ) ;
#5 = PRODUCT_DEFINITION_CONTEXT ( 'detailed design', #2475, 'design' ) ;
#6 = ORIENTED_EDGE ( 'NONE', *, *, #1078, .F. ) ;
#7 = DIRECTION ( 'NONE',  ( 0.000000000000000000, 0.000000000000000000, -1.000000000000000000 ) ) ;
#8 = CARTESIAN_POINT ( 'NONE',  ( 4.700000000000001066, 0.000000000000000000, 0.000000000000000000 ) ) ;
#9 = DIRECTION ( 'NONE',  ( 0.000000000000000000, 1.000000000000000000, 0.000000000000000000 ) ) ;
#10 = ORIENTED_EDGE ( 'NONE', *, *, #3949, .T. ) ;
#11 = CARTESIAN_POINT ( 'NONE',  ( 1.700000000000000178, 3.149999999999999911, 0.5000000000000004441 ) ) ;
#12 = FILL_AREA_STYLE_COLOUR ( '', #2759 ) ;
#13 = EDGE_CURVE ( 'NONE', #2783, #1810, #2689, .T. ) ;
#14 = FACE_OUTER_BOUND ( 'NONE', #722, .T. ) ;
#15 = VERTEX_POINT ( 'NONE', #1446 ) ;
#16 = LINE ( 'NONE', #3320, #1560 ) ;
#17 = ORIENTED_EDGE ( 'NONE', *, *, #3749, .T. ) ;
#18 = ORIENTED_EDGE ( 'NONE', *, *, #1261, .T. ) ;
#19 = DIRECTION ( 'NONE',  ( 0.000000000000000000, 1.000000000000000000, 0.000000000000000000 ) ) ;
#20 = CARTESIAN_POINT ( 'NONE',  ( 4.700000000000001066, 2.950000000000000178, 0.000000000000000000 ) ) ;
#21 = PRESENTATION_STYLE_ASSIGNMENT (( #2908 ) ) ;
#22 = EDGE_CURVE ( 'NONE', #2618, #2535, #4152, .T. ) ;
#23 = VERTEX_POINT ( 'NONE', #1889 ) ;
#24 = DIRECTION ( 'NONE',  ( 0.000000000000000000, 0.000000000000000000, -1.000000000000000000 ) ) ;
#25 = ORIENTED_EDGE ( 'NONE', *, *, #3674, .F. ) ;
#26 = EDGE_LOOP ( 'NONE', ( #3097, #3027, #1248, #1498, #828 ) ) ;
#27 = DIRECTION ( 'NONE',  ( 1.000000000000000000, -0.000000000000000000, 1.224646799147353207E-16 ) ) ;
#28 = ADVANCED_FACE ( 'NONE', ( #2696 ), #4050, .F. ) ;
#29 = CARTESIAN_POINT ( 'NONE',  ( -7.804999999999999716, 7.392640687119284237, -9.558368267345090462E-16 ) ) ;
#30 = EDGE_LOOP ( 'NONE', ( #803, #793, #146, #3202 ) ) ;
#31 = TOROIDAL_SURFACE ( 'NONE', #2332, 0.6999999999999997335, 0.05000000000000000278 ) ;
#32 = SURFACE_STYLE_FILL_AREA ( #3635 ) ;
#33 = CARTESIAN_POINT ( 'NONE',  ( 8.195000000000000284, 3.149999999999999911, -9.558368267345090462E-16 ) ) ;
#34 = DIRECTION ( 'NONE',  ( 0.000000000000000000, 1.000000000000000000, 0.000000000000000000 ) ) ;
#35 = ORIENTED_EDGE ( 'NONE', *, *, #3082, .T. ) ;
#36 = EDGE_CURVE ( 'NONE', #2934, #368, #2390, .T. ) ;
#37 = AXIS2_PLACEMENT_3D ( 'NONE', #224, #596, #914 ) ;
#38 = EDGE_LOOP ( 'NONE', ( #559, #389 ) ) ;
#39 = ORIENTED_EDGE ( 'NONE', *, *, #3642, .F. ) ;
#40 = CARTESIAN_POINT ( 'NONE',  ( 4.700000000000001066, 2.649999999999999911, -0.7499999999999997780 ) ) ;
#41 = LINE ( 'NONE', #3917, #4343 ) ;
#42 = AXIS2_PLACEMENT_3D ( 'NONE', #2022, #1005, #738 ) ;
#43 = ORIENTED_EDGE ( 'NONE', *, *, #2845, .F. ) ;
#44 = DIRECTION ( 'NONE',  ( 0.000000000000000000, 0.000000000000000000, 1.000000000000000000 ) ) ;
#45 = DIRECTION ( 'NONE',  ( 0.000000000000000000, 1.000000000000000000, 0.000000000000000000 ) ) ;
#46 = EDGE_LOOP ( 'NONE', ( #3715, #1595, #758, #4360 ) ) ;
#47 = DIRECTION ( 'NONE',  ( 0.000000000000000000, 0.000000000000000000, 1.000000000000000000 ) ) ;
#48 = ADVANCED_FACE ( 'NONE', ( #3792 ), #3735, .T. ) ;
#49 = VERTEX_POINT ( 'NONE', #2153 ) ;
#50 = CIRCLE ( 'NONE', #3405, 0.2500000000000003886 ) ;
#51 = PRESENTATION_LAYER_ASSIGNMENT (  '', '', ( #3942 ) ) ;
#52 = ORIENTED_EDGE ( 'NONE', *, *, #3013, .F. ) ;
#53 = ORIENTED_EDGE ( 'NONE', *, *, #4075, .F. ) ;
#54 = DIRECTION ( 'NONE',  ( 0.000000000000000000, -0.000000000000000000, 1.000000000000000000 ) ) ;
#55 = PLANE ( 'NONE',  #3520 ) ;
#56 = EDGE_CURVE ( 'NONE', #3297, #87, #2312, .T. ) ;
#57 = ORIENTED_EDGE ( 'NONE', *, *, #4014, .T. ) ;
#58 = CARTESIAN_POINT ( 'NONE',  ( -5.949999999999998401, -14.85791365496260497, -1.925999999999999934 ) ) ;
#59 = LINE ( 'NONE', #2817, #1543 ) ;
#60 = ORIENTED_EDGE ( 'NONE', *, *, #3650, .T. ) ;
#61 = CARTESIAN_POINT ( 'NONE',  ( -1.300000000000000044, 0.4000000000000001887, 0.000000000000000000 ) ) ;
#62 = CARTESIAN_POINT ( 'NONE',  ( -7.804999999999999716, 3.050000000000000711, -1.500000000000000444 ) ) ;
#63 = PLANE ( 'NONE',  #836 ) ;
#64 = CIRCLE ( 'NONE', #2038, 0.7499999999999997780 ) ;
#65 = EDGE_CURVE ( 'NONE', #2013, #3046, #899, .T. ) ;
#66 = ORIENTED_EDGE ( 'NONE', *, *, #2549, .F. ) ;
#67 = EDGE_CURVE ( 'NONE', #2013, #3244, #821, .T. ) ;
#68 = CIRCLE ( 'NONE', #1336, 0.7499999999999997780 ) ;
#69 = FACE_OUTER_BOUND ( 'NONE', #1729, .T. ) ;
#70 = DIRECTION ( 'NONE',  ( 0.000000000000000000, 1.000000000000000000, 0.000000000000000000 ) ) ;
#71 = VERTEX_POINT ( 'NONE', #4059 ) ;
#72 = ORIENTED_EDGE ( 'NONE', *, *, #1016, .T. ) ;
#73 = EDGE_CURVE ( 'NONE', #2691, #1780, #3807, .T. ) ;
#74 = LINE ( 'NONE', #435, #2988 ) ;
#75 = EDGE_LOOP ( 'NONE', ( #2767, #1496, #2851, #2356 ) ) ;
#76 = APPLICATION_PROTOCOL_DEFINITION ( 'draft international standard', 'automotive_design', 1998, #2475 ) ;
#77 = VECTOR ( 'NONE', #2739, 1000.000000000000000 ) ;
#78 = CARTESIAN_POINT ( 'NONE',  ( -5.799999999999999822, -0.3999999999999997446, -1.439999999999999947 ) ) ;
#79 =( NAMED_UNIT ( * ) SI_UNIT ( $, .STERADIAN. ) SOLID_ANGLE_UNIT ( ) );
#80 = ORIENTED_EDGE ( 'NONE', *, *, #2178, .F. ) ;
#81 = MECHANICAL_DESIGN_GEOMETRIC_PRESENTATION_REPRESENTATION (  '', ( #1038 ), #816 ) ;
#82 = DIRECTION ( 'NONE',  ( 0.000000000000000000, -0.000000000000000000, 1.000000000000000000 ) ) ;
#83 =( NAMED_UNIT ( * ) PLANE_ANGLE_UNIT ( ) SI_UNIT ( $, .RADIAN. ) );
#84 = EDGE_LOOP ( 'NONE', ( #548, #2140, #3448, #3503 ) ) ;
#85 = LINE ( 'NONE', #2314, #1426 ) ;
#86 = VECTOR ( 'NONE', #3450, 1000.000000000000000 ) ;
#87 = VERTEX_POINT ( 'NONE', #1331 ) ;
#88 = DIRECTION ( 'NONE',  ( 0.000000000000000000, 0.000000000000000000, -1.000000000000000000 ) ) ;
#89 = CARTESIAN_POINT ( 'NONE',  ( 1.700000000000000178, -1.000000000000000000, 0.000000000000000000 ) ) ;
#90 = DIRECTION ( 'NONE',  ( 0.000000000000000000, -1.000000000000000000, 0.000000000000000000 ) ) ;
#91 = VECTOR ( 'NONE', #485, 1000.000000000000000 ) ;
#92 = ADVANCED_FACE ( 'NONE', ( #3767, #3797, #3824, #942, #892, #841, #3761 ), #1230, .T. ) ;
#93 = EDGE_LOOP ( 'NONE', ( #2057, #1133, #3524, #1247 ) ) ;
#94 = DIRECTION ( 'NONE',  ( -0.000000000000000000, -1.000000000000000000, -0.000000000000000000 ) ) ;
#95 = FACE_OUTER_BOUND ( 'NONE', #376, .T. ) ;
#96 = FACE_OUTER_BOUND ( 'NONE', #2573, .T. ) ;
#97 = ORIENTED_EDGE ( 'NONE', *, *, #4123, .F. ) ;
#98 = VERTEX_POINT ( 'NONE', #2293 ) ;
#99 = AXIS2_PLACEMENT_3D ( 'NONE', #3984, #2304, #2541 ) ;
#100 = DIRECTION ( 'NONE',  ( -0.000000000000000000, 1.000000000000000000, -0.000000000000000000 ) ) ;
#101 = EDGE_CURVE ( 'NONE', #3126, #1469, #2349, .T. ) ;
#102 = AXIS2_PLACEMENT_3D ( 'NONE', #2534, #2826, #3879 ) ;
#103 = CARTESIAN_POINT ( 'NONE',  ( -4.069999999999998508, 1.049999999999999822, -1.926000000000000822 ) ) ;
#104 = LINE ( 'NONE', #2603, #2926 ) ;
#105 = EDGE_LOOP ( 'NONE', ( #3000, #3472 ) ) ;
#106 = FACE_OUTER_BOUND ( 'NONE', #3506, .T. ) ;
#107 = CIRCLE ( 'NONE', #3903, 0.5000000000000004441 ) ;
#108 = PLANE ( 'NONE',  #3670 ) ;
#109 = ORIENTED_EDGE ( 'NONE', *, *, #3392, .F. ) ;
#110 = PRESENTATION_LAYER_ASSIGNMENT (  '', '', ( #1352 ) ) ;
#111 = AXIS2_PLACEMENT_3D ( 'NONE', #1939, #3910, #2283 ) ;
#112 = EDGE_LOOP ( 'NONE', ( #262, #2550, #334, #3333, #2462 ) ) ;
#113 = COLOUR_RGB ( '',0.7921568627450980005, 0.8196078431372548767, 0.9333333333333333481 ) ;
#114 = DIRECTION ( 'NONE',  ( 0.000000000000000000, 1.000000000000000000, 0.000000000000000000 ) ) ;
#115 = DIRECTION ( 'NONE',  ( -0.000000000000000000, -1.000000000000000000, -0.000000000000000000 ) ) ;
#116 = VERTEX_POINT ( 'NONE', #802 ) ;
#117 = DIRECTION ( 'NONE',  ( 0.000000000000000000, 0.000000000000000000, 1.000000000000000000 ) ) ;
#118 = AXIS2_PLACEMENT_3D ( 'NONE', #3605, #1867, #855 ) ;
#119 =( NAMED_UNIT ( * ) PLANE_ANGLE_UNIT ( ) SI_UNIT ( $, .RADIAN. ) );
#120 = CIRCLE ( 'NONE', #574, 0.7499999999999997780 ) ;
#121 = VERTEX_POINT ( 'NONE', #2479 ) ;
#122 = TOROIDAL_SURFACE ( 'NONE', #2260, 1.550000000000000488, 0.1000000000000000056 ) ;
#123 = FACE_OUTER_BOUND ( 'NONE', #209, .T. ) ;
#124 = ORIENTED_EDGE ( 'NONE', *, *, #698, .F. ) ;
#125 = EDGE_CURVE ( 'NONE', #2542, #3007, #813, .T. ) ;
#126 = CARTESIAN_POINT ( 'NONE',  ( 5.950000000000001954, 1.049999999999999822, -1.925999999999999934 ) ) ;
#127 = CARTESIAN_POINT ( 'NONE',  ( -8.000000000000000000, 1.049999999999999822, 1.987587153559079889 ) ) ;
#128 = DIRECTION ( 'NONE',  ( 0.000000000000000000, -1.000000000000000000, 0.000000000000000000 ) ) ;
#129 = PRESENTATION_LAYER_ASSIGNMENT (  '', '', ( #3433 ) ) ;
#130 = ORIENTED_EDGE ( 'NONE', *, *, #2362, .F. ) ;
#131 = CARTESIAN_POINT ( 'NONE',  ( 5.950000000000001954, 0.4000000000000010214, 0.9259999999999999343 ) ) ;
#132 = CYLINDRICAL_SURFACE ( 'NONE', #4007, 0.2500000000000003886 ) ;
#133 = ORIENTED_EDGE ( 'NONE', *, *, #2560, .T. ) ;
#134 = ORIENTED_EDGE ( 'NONE', *, *, #1051, .F. ) ;
#135 = CARTESIAN_POINT ( 'NONE',  ( -7.804999999999999716, 3.050000000000000711, 1.499999999999998668 ) ) ;
#136 = DIRECTION ( 'NONE',  ( 0.000000000000000000, -1.000000000000000000, 0.000000000000000000 ) ) ;
#137 = DIRECTION ( 'NONE',  ( 0.000000000000000000, 0.000000000000000000, 1.000000000000000000 ) ) ;
#138 = FACE_OUTER_BOUND ( 'NONE', #1139, .T. ) ;
#139 = ADVANCED_FACE ( 'NONE', ( #835, #929 ), #1425, .T. ) ;
#140 = ORIENTED_EDGE ( 'NONE', *, *, #3880, .F. ) ;
#141 = CYLINDRICAL_SURFACE ( 'NONE', #1700, 0.8999999999999999112 ) ;
#142 = VERTEX_POINT ( 'NONE', #3827 ) ;
#143 = ORIENTED_EDGE ( 'NONE', *, *, #1118, .T. ) ;
#144 = EDGE_CURVE ( 'NONE', #98, #1531, #921, .T. ) ;
#145 = STYLED_ITEM ( 'NONE', ( #4357 ), #1091 ) ;
#146 = ORIENTED_EDGE ( 'NONE', *, *, #494, .F. ) ;
#147 = CARTESIAN_POINT ( 'NONE',  ( -1.300000000000000044, -1.000000000000000000, -0.2500000000000003886 ) ) ;
#148 =( NAMED_UNIT ( * ) PLANE_ANGLE_UNIT ( ) SI_UNIT ( $, .RADIAN. ) );
#149 = ORIENTED_EDGE ( 'NONE', *, *, #3488, .F. ) ;
#150 = DIRECTION ( 'NONE',  ( 0.000000000000000000, -0.000000000000000000, 1.000000000000000000 ) ) ;
#151 = CIRCLE ( 'NONE', #965, 0.7499999999999997780 ) ;
#152 = AXIS2_PLACEMENT_3D ( 'NONE', #1020, #1275, #1301 ) ;
#153 = LINE ( 'NONE', #2497, #1551 ) ;
#154 = ORIENTED_EDGE ( 'NONE', *, *, #4164, .F. ) ;
#155 = ORIENTED_EDGE ( 'NONE', *, *, #594, .F. ) ;
#156 = DIRECTION ( 'NONE',  ( 0.000000000000000000, 1.000000000000000000, 0.000000000000000000 ) ) ;
#157 = ADVANCED_FACE ( 'NONE', ( #3748 ), #2385, .T. ) ;
#158 = DIRECTION ( 'NONE',  ( -1.000000000000000000, 0.000000000000000000, 0.000000000000000000 ) ) ;
#159 = CIRCLE ( 'NONE', #4001, 0.5000000000000004441 ) ;
#160 = AXIS2_PLACEMENT_3D ( 'NONE', #1136, #2775, #3866 ) ;
#161 = DIRECTION ( 'NONE',  ( 0.000000000000000000, -1.000000000000000000, 0.000000000000000000 ) ) ;
#162 = FACE_OUTER_BOUND ( 'NONE', #673, .T. ) ;
#163 = VERTEX_POINT ( 'NONE', #547 ) ;
#164 = CARTESIAN_POINT ( 'NONE',  ( -7.804999999999999716, -9.716904755831215823, -1.650000000000001465 ) ) ;
#165 = FILL_AREA_STYLE ('',( #197 ) ) ;
#166 = CARTESIAN_POINT ( 'NONE',  ( 4.700000000000001066, 3.149999999999999911, -0.5000000000000004441 ) ) ;
#167 = CARTESIAN_POINT ( 'NONE',  ( -4.299999999999999822, 3.100000000000000533, 0.000000000000000000 ) ) ;
#168 = LINE ( 'NONE', #2334, #1725 ) ;
#169 = AXIS2_PLACEMENT_3D ( 'NONE', #3438, #3771, #2754 ) ;
#170 = AXIS2_PLACEMENT_3D ( 'NONE', #3620, #4235, #229 ) ;
#171 = ORIENTED_EDGE ( 'NONE', *, *, #4123, .T. ) ;
#172 = FACE_OUTER_BOUND ( 'NONE', #4363, .T. ) ;
#173 = ADVANCED_FACE ( 'NONE', ( #854 ), #1899, .T. ) ;
#174 = CARTESIAN_POINT ( 'NONE',  ( 1.700000000000000178, 5.271320343559642296, 0.000000000000000000 ) ) ;
#175 = DIRECTION ( 'NONE',  ( -0.000000000000000000, -0.000000000000000000, -1.000000000000000000 ) ) ;
#176 = ORIENTED_EDGE ( 'NONE', *, *, #1423, .F. ) ;
#177 = EDGE_CURVE ( 'NONE', #1628, #1506, #2357, .T. ) ;
#178 = DIRECTION ( 'NONE',  ( 0.000000000000000000, 1.000000000000000000, 0.000000000000000000 ) ) ;
#179 = CARTESIAN_POINT ( 'NONE',  ( -4.299999999999999822, 2.649999999999999911, 0.000000000000000000 ) ) ;
#180 = FACE_OUTER_BOUND ( 'NONE', #2042, .T. ) ;
#181 = EDGE_CURVE ( 'NONE', #707, #639, #3852, .T. ) ;
#182 = EDGE_CURVE ( 'NONE', #2033, #291, #3814, .T. ) ;
#183 = FACE_OUTER_BOUND ( 'NONE', #3632, .T. ) ;
#184 = ORIENTED_EDGE ( 'NONE', *, *, #2285, .F. ) ;
#185 = ORIENTED_EDGE ( 'NONE', *, *, #234, .T. ) ;
#186 = AXIS2_PLACEMENT_3D ( 'NONE', #1390, #2317, #2662 ) ;
#187 = CARTESIAN_POINT ( 'NONE',  ( 4.700000000000001066, 3.509016994374947629, 0.000000000000000000 ) ) ;
#188 = CARTESIAN_POINT ( 'NONE',  ( -8.049999999999998934, 2.949999999999999734, 2.699999999999998845 ) ) ;
#189 = VECTOR ( 'NONE', #2952, 1000.000000000000000 ) ;
#190 = DIRECTION ( 'NONE',  ( 0.000000000000000000, 1.000000000000000000, 0.000000000000000000 ) ) ;
#191 = VERTEX_POINT ( 'NONE', #3855 ) ;
#192 = EDGE_LOOP ( 'NONE', ( #1214, #4245, #2836, #3141 ) ) ;
#193 = CARTESIAN_POINT ( 'NONE',  ( 5.200000000000001066, 3.509016994374947629, -6.123233995736769734E-17 ) ) ;
#194 = EDGE_CURVE ( 'NONE', #1447, #2000, #3832, .T. ) ;
#195 =( GEOMETRIC_REPRESENTATION_CONTEXT ( 3 ) GLOBAL_UNCERTAINTY_ASSIGNED_CONTEXT ( ( #1146 ) ) GLOBAL_UNIT_ASSIGNED_CONTEXT ( ( #986, #2688, #79 ) ) REPRESENTATION_CONTEXT ( 'NONE', 'WORKASPACE' ) );
#196 = ADVANCED_FACE ( 'NONE', ( #2331 ), #616, .T. ) ;
#197 = FILL_AREA_STYLE_COLOUR ( '', #2460 ) ;
#198 = VERTEX_POINT ( 'NONE', #2568 ) ;
#199 = DIRECTION ( 'NONE',  ( 0.000000000000000000, 1.000000000000000000, 0.000000000000000000 ) ) ;
#200 = DIRECTION ( 'NONE',  ( 0.000000000000000000, 1.000000000000000000, 0.000000000000000000 ) ) ;
#201 = DIRECTION ( 'NONE',  ( 0.000000000000000000, 0.000000000000000000, 1.000000000000000000 ) ) ;
#202 = EDGE_LOOP ( 'NONE', ( #2898, #4341 ) ) ;
#203 = AXIS2_PLACEMENT_3D ( 'NONE', #3104, #1298, #7 ) ;
#204 = ORIENTED_EDGE ( 'NONE', *, *, #1078, .T. ) ;
#205 = EDGE_CURVE ( 'NONE', #606, #2033, #2307, .T. ) ;
#206 = AXIS2_PLACEMENT_3D ( 'NONE', #2144, #2491, #1466 ) ;
#207 = ORIENTED_EDGE ( 'NONE', *, *, #2483, .F. ) ;
#208 = CARTESIAN_POINT ( 'NONE',  ( 1.700000000000000178, -0.9499999999999997335, 0.000000000000000000 ) ) ;
#209 = EDGE_LOOP ( 'NONE', ( #4270, #2905, #176, #1439 ) ) ;
#210 = CARTESIAN_POINT ( 'NONE',  ( -7.804999999999999716, 7.392640687119284237, -1.500000000000000444 ) ) ;
#211 = ORIENTED_EDGE ( 'NONE', *, *, #1328, .T. ) ;
#212 = AXIS2_PLACEMENT_3D ( 'NONE', #1990, #3381, #1312 ) ;
#213 = CARTESIAN_POINT ( 'NONE',  ( -4.299999999999999822, 2.649999999999999911, 0.000000000000000000 ) ) ;
#214 = DIRECTION ( 'NONE',  ( -0.000000000000000000, 1.000000000000000000, -0.000000000000000000 ) ) ;
#215 = EDGE_LOOP ( 'NONE', ( #251, #4095, #3314, #1742 ) ) ;
#216 = AXIS2_PLACEMENT_3D ( 'NONE', #3951, #3979, #972 ) ;
#217 = CYLINDRICAL_SURFACE ( 'NONE', #2192, 0.7499999999999997780 ) ;
#218 = CARTESIAN_POINT ( 'NONE',  ( 1.700000000000000178, -0.9499999999999997335, -0.2500000000000003886 ) ) ;
#219 = VERTEX_POINT ( 'NONE', #4247 ) ;
#220 = VERTEX_POINT ( 'NONE', #932 ) ;
#221 = AXIS2_PLACEMENT_3D ( 'NONE', #2616, #1555, #3217 ) ;
#222 = EDGE_LOOP ( 'NONE', ( #140, #1012, #3162, #3054 ) ) ;
#223 = DIRECTION ( 'NONE',  ( 0.000000000000000000, 0.000000000000000000, -1.000000000000000000 ) ) ;
#224 = CARTESIAN_POINT ( 'NONE',  ( -4.069999999999999396, 3.220837012152985679, 1.925999999999999934 ) ) ;
#225 = CIRCLE ( 'NONE', #2875, 0.5000000000000004441 ) ;
#226 = EDGE_LOOP ( 'NONE', ( #484, #1813, #3347, #3906 ) ) ;
#227 = EDGE_LOOP ( 'NONE', ( #1638, #2930 ) ) ;
#228 = ORIENTED_EDGE ( 'NONE', *, *, #4278, .F. ) ;
#229 = DIRECTION ( 'NONE',  ( 0.000000000000000000, 0.000000000000000000, 1.000000000000000000 ) ) ;
#230 = CARTESIAN_POINT ( 'NONE',  ( -4.299999999999999822, 3.100000000000000089, 0.7499999999999997780 ) ) ;
#231 = CARTESIAN_POINT ( 'NONE',  ( 8.000000000000000000, 2.149999999999999911, 2.026000000000002021 ) ) ;
#232 = VECTOR ( 'NONE', #1122, 1000.000000000000000 ) ;
#233 = DIRECTION ( 'NONE',  ( 0.000000000000000000, -1.000000000000000000, 0.000000000000000000 ) ) ;
#234 = EDGE_CURVE ( 'NONE', #3844, #407, #3729, .T. ) ;
#235 = ORIENTED_EDGE ( 'NONE', *, *, #708, .F. ) ;
#236 = ORIENTED_EDGE ( 'NONE', *, *, #2442, .T. ) ;
#237 = EDGE_LOOP ( 'NONE', ( #693, #1435 ) ) ;
#238 = EDGE_CURVE ( 'NONE', #2098, #456, #2328, .T. ) ;
#239 = ADVANCED_FACE ( 'NONE', ( #2300 ), #3845, .T. ) ;
#240 = ORIENTED_EDGE ( 'NONE', *, *, #1951, .T. ) ;
#241 = AXIS2_PLACEMENT_3D ( 'NONE', #3029, #1350, #2085 ) ;
#242 = ORIENTED_EDGE ( 'NONE', *, *, #73, .F. ) ;
#243 = DIRECTION ( 'NONE',  ( 0.000000000000000000, 0.000000000000000000, 1.000000000000000000 ) ) ;
#244 = ORIENTED_EDGE ( 'NONE', *, *, #194, .T. ) ;
#245 = DIRECTION ( 'NONE',  ( 0.000000000000000000, 0.000000000000000000, 1.000000000000000000 ) ) ;
#246 = VERTEX_POINT ( 'NONE', #3226 ) ;
#247 = EDGE_CURVE ( 'NONE', #1030, #1349, #3781, .T. ) ;
#248 = DIRECTION ( 'NONE',  ( 0.000000000000000000, 0.000000000000000000, -1.000000000000000000 ) ) ;
#249 = EDGE_CURVE ( 'NONE', #256, #4006, #3803, .T. ) ;
#250 = FILL_AREA_STYLE ('',( #2452 ) ) ;
#251 = ORIENTED_EDGE ( 'NONE', *, *, #1854, .T. ) ;
#252 = CIRCLE ( 'NONE', #2654, 0.1000000000000000472 ) ;
#253 = DIRECTION ( 'NONE',  ( -0.000000000000000000, -1.000000000000000000, -0.000000000000000000 ) ) ;
#254 = ORIENTED_EDGE ( 'NONE', *, *, #850, .F. ) ;
#255 = AXIS2_PLACEMENT_3D ( 'NONE', #882, #3481, #117 ) ;
#256 = VERTEX_POINT ( 'NONE', #523 ) ;
#257 = EDGE_LOOP ( 'NONE', ( #1719, #3167, #3404, #744, #4078 ) ) ;
#258 = MANIFOLD_SOLID_BREP ( 'LPattern3[1]', #1935 ) ;
#259 = CARTESIAN_POINT ( 'NONE',  ( 1.700000000000000178, -0.9499999999999997335, 0.000000000000000000 ) ) ;
#260 = CONICAL_SURFACE ( 'NONE', #826, 0.2000000000000003164, 0.7853981633974467247 ) ;
#261 = ORIENTED_EDGE ( 'NONE', *, *, #2247, .F. ) ;
#262 = ORIENTED_EDGE ( 'NONE', *, *, #2955, .T. ) ;
#263 = DIRECTION ( 'NONE',  ( -0.000000000000000000, -1.000000000000000000, -0.000000000000000000 ) ) ;
#264 = ORIENTED_EDGE ( 'NONE', *, *, #3429, .F. ) ;
#265 = CIRCLE ( 'NONE', #917, 1.000000000000000000 ) ;
#266 = CARTESIAN_POINT ( 'NONE',  ( -8.000000000000000000, 2.149999999999999911, -2.026000000000002021 ) ) ;
#267 = ORIENTED_EDGE ( 'NONE', *, *, #640, .F. ) ;
#268 = EDGE_CURVE ( 'NONE', #928, #597, #2379, .T. ) ;
#269 = EDGE_LOOP ( 'NONE', ( #3694, #4126, #4338, #2686 ) ) ;
#270 = ADVANCED_FACE ( 'NONE', ( #3839 ), #4144, .F. ) ;
#271 = ORIENTED_EDGE ( 'NONE', *, *, #2539, .T. ) ;
#272 = ORIENTED_EDGE ( 'NONE', *, *, #2503, .F. ) ;
#273 = FACE_OUTER_BOUND ( 'NONE', #1714, .T. ) ;
#274 = ORIENTED_EDGE ( 'NONE', *, *, #2350, .T. ) ;
#275 = DIRECTION ( 'NONE',  ( -0.000000000000000000, 0.000000000000000000, 1.000000000000000000 ) ) ;
#276 = ORIENTED_EDGE ( 'NONE', *, *, #3738, .T. ) ;
#277 = EDGE_CURVE ( 'NONE', #1574, #3328, #847, .T. ) ;
#278 = LINE ( 'NONE', #3900, #292 ) ;
#279 = CARTESIAN_POINT ( 'NONE',  ( -7.804999999999999716, 3.050000000000001599, 1.499999999999998668 ) ) ;
#280 = AXIS2_PLACEMENT_3D ( 'NONE', #1673, #3663, #730 ) ;
#281 = VERTEX_POINT ( 'NONE', #2257 ) ;
#282 = AXIS2_PLACEMENT_3D ( 'NONE', #1429, #425, #782 ) ;
#283 = ADVANCED_FACE ( 'NONE', ( #865 ), #3941, .T. ) ;
#284 = CARTESIAN_POINT ( 'NONE',  ( 8.195000000000000284, 2.649999999999999911, -9.558368267345090462E-16 ) ) ;
#285 = VERTEX_POINT ( 'NONE', #2545 ) ;
#286 = SPHERICAL_SURFACE ( 'NONE', #553, 0.7500000000000000000 ) ;
#287 = CARTESIAN_POINT ( 'NONE',  ( -1.300000000000000044, 3.700000000000000178, 0.000000000000000000 ) ) ;
#288 = ORIENTED_EDGE ( 'NONE', *, *, #4321, .T. ) ;
#289 = AXIS2_PLACEMENT_3D ( 'NONE', #3916, #4121, #506 ) ;
#290 = STYLED_ITEM ( 'NONE', ( #1087 ), #2639 ) ;
#291 = VERTEX_POINT ( 'NONE', #624 ) ;
#292 = VECTOR ( 'NONE', #3138, 999.9999999999998863 ) ;
#293 = DIRECTION ( 'NONE',  ( -0.000000000000000000, 1.000000000000000000, -0.000000000000000000 ) ) ;
#294 = ORIENTED_EDGE ( 'NONE', *, *, #521, .T. ) ;
#295 = EDGE_LOOP ( 'NONE', ( #2630, #463, #1759, #2612 ) ) ;
#296 = DIRECTION ( 'NONE',  ( 0.000000000000000000, 0.000000000000000000, -1.000000000000000000 ) ) ;
#297 = CARTESIAN_POINT ( 'NONE',  ( 4.700000000000001066, 3.100000000000000533, 0.7499999999999997780 ) ) ;
#298 = TOROIDAL_SURFACE ( 'NONE', #2810, 2.699999999999998845, 0.2000000000000000111 ) ;
#299 = DIRECTION ( 'NONE',  ( 0.000000000000000000, 0.000000000000000000, 1.000000000000000000 ) ) ;
#300 = VERTEX_POINT ( 'NONE', #3260 ) ;
#301 = AXIS2_PLACEMENT_3D ( 'NONE', #2789, #1929, #1546 ) ;
#302 = ORIENTED_EDGE ( 'NONE', *, *, #651, .F. ) ;
#303 = FACE_OUTER_BOUND ( 'NONE', #1670, .T. ) ;
#304 = ORIENTED_EDGE ( 'NONE', *, *, #1328, .F. ) ;
#305 = DIRECTION ( 'NONE',  ( 0.000000000000000000, 1.000000000000000000, 0.000000000000000000 ) ) ;
#306 = ORIENTED_EDGE ( 'NONE', *, *, #3880, .T. ) ;
#307 = CARTESIAN_POINT ( 'NONE',  ( -7.804999999999999716, -0.8500000000000000888, 1.649999999999999689 ) ) ;
#308 = CIRCLE ( 'NONE', #1052, 0.7499999999999997780 ) ;
#309 = DIRECTION ( 'NONE',  ( 0.000000000000000000, 0.000000000000000000, -1.000000000000000000 ) ) ;
#310 = EDGE_CURVE ( 'NONE', #2370, #291, #3922, .T. ) ;
#311 = EDGE_LOOP ( 'NONE', ( #2704, #3631 ) ) ;
#312 = DIRECTION ( 'NONE',  ( 0.000000000000000000, 1.000000000000000000, 0.000000000000000000 ) ) ;
#313 = CIRCLE ( 'NONE', #1639, 0.1000000000000000472 ) ;
#314 = VERTEX_POINT ( 'NONE', #4170 ) ;
#315 = ORIENTED_EDGE ( 'NONE', *, *, #2855, .F. ) ;
#316 = CLOSED_SHELL ( 'NONE', ( #2924, #459, #2489, #1529, #429, #1400 ) ) ;
#317 = EDGE_CURVE ( 'NONE', #1716, #71, #1061, .T. ) ;
#318 = DIRECTION ( 'NONE',  ( 0.000000000000000000, 0.000000000000000000, 1.000000000000000000 ) ) ;
#319 = EDGE_LOOP ( 'NONE', ( #3557, #2125, #469, #590 ) ) ;
#320 = DIRECTION ( 'NONE',  ( -0.000000000000000000, -0.000000000000000000, -1.000000000000000000 ) ) ;
#321 = ORIENTED_EDGE ( 'NONE', *, *, #3888, .T. ) ;
#322 = EDGE_CURVE ( 'NONE', #686, #732, #1123, .T. ) ;
#323 = CARTESIAN_POINT ( 'NONE',  ( -5.949999999999998401, -14.85791365496260497, 1.925999999999999934 ) ) ;
#324 = CARTESIAN_POINT ( 'NONE',  ( 1.700000000000000178, 3.149999999999999911, 0.000000000000000000 ) ) ;
#325 = EDGE_LOOP ( 'NONE', ( #1726, #1023, #271, #2990 ) ) ;
#326 = EDGE_LOOP ( 'NONE', ( #2886, #2770, #2210, #786 ) ) ;
#327 = EDGE_LOOP ( 'NONE', ( #2252, #2281, #1341, #1418 ) ) ;
#328 = EDGE_CURVE ( 'NONE', #3398, #4296, #2440, .T. ) ;
#329 = AXIS2_PLACEMENT_3D ( 'NONE', #179, #1553, #3905 ) ;
#330 = CARTESIAN_POINT ( 'NONE',  ( 4.700000000000001066, -5.695584412271569974, -0.8999999999999994671 ) ) ;
#331 = ORIENTED_EDGE ( 'NONE', *, *, #3707, .F. ) ;
#332 = DIRECTION ( 'NONE',  ( 0.000000000000000000, 1.000000000000000000, 0.000000000000000000 ) ) ;
#333 = EDGE_LOOP ( 'NONE', ( #2430, #1084, #417, #374 ) ) ;
#334 = ORIENTED_EDGE ( 'NONE', *, *, #2907, .F. ) ;
#335 = LINE ( 'NONE', #1387, #1708 ) ;
#336 = EDGE_LOOP ( 'NONE', ( #2904, #1789, #1431, #3838 ) ) ;
#337 = ADVANCED_FACE ( 'NONE', ( #1010, #3967 ), #2902, .T. ) ;
#338 = CARTESIAN_POINT ( 'NONE',  ( 8.205000000000000071, 2.649999999999999911, -4.898587196589386574E-17 ) ) ;
#339 = ORIENTED_EDGE ( 'NONE', *, *, #2319, .F. ) ;
#340 = VECTOR ( 'NONE', #1642, 1000.000000000000000 ) ;
#341 = CARTESIAN_POINT ( 'NONE',  ( 8.205000000000000071, 2.649999999999999911, 1.500000000000000666 ) ) ;
#342 = CARTESIAN_POINT ( 'NONE',  ( -7.804999999999999716, 2.649999999999999911, -1.500000000000000444 ) ) ;
#343 = EDGE_LOOP ( 'NONE', ( #3478, #3582, #1855, #207 ) ) ;
#344 =( NAMED_UNIT ( * ) SI_UNIT ( $, .STERADIAN. ) SOLID_ANGLE_UNIT ( ) );
#345 = EDGE_LOOP ( 'NONE', ( #3550, #2129, #1866, #617 ) ) ;
#346 = VECTOR ( 'NONE', #2425, 1000.000000000000000 ) ;
#347 = ORIENTED_EDGE ( 'NONE', *, *, #745, .T. ) ;
#348 = CARTESIAN_POINT ( 'NONE',  ( -7.804999999999999716, 3.050000000000001599, -9.558368267345090462E-16 ) ) ;
#349 = AXIS2_PLACEMENT_3D ( 'NONE', #2117, #3061, #455 ) ;
#350 = ORIENTED_EDGE ( 'NONE', *, *, #3377, .F. ) ;
#351 = PRESENTATION_LAYER_ASSIGNMENT (  '', '', ( #3513 ) ) ;
#352 = ORIENTED_EDGE ( 'NONE', *, *, #3738, .F. ) ;
#353 = DIRECTION ( 'NONE',  ( -1.000000000000000000, -0.000000000000000000, 0.000000000000000000 ) ) ;
#354 = VERTEX_POINT ( 'NONE', #3887 ) ;
#355 = CONICAL_SURFACE ( 'NONE', #3733, 0.7499999999999997780, 0.7853981633974396193 ) ;
#356 = ORIENTED_EDGE ( 'NONE', *, *, #1125, .T. ) ;
#357 = AXIS2_PLACEMENT_3D ( 'NONE', #4208, #3843, #900 ) ;
#358 = CARTESIAN_POINT ( 'NONE',  ( -4.299999999999999822, 2.649999999999999911, 0.000000000000000000 ) ) ;
#359 = ORIENTED_EDGE ( 'NONE', *, *, #2315, .T. ) ;
#360 = AXIS2_PLACEMENT_3D ( 'NONE', #4148, #2438, #1092 ) ;
#361 = VECTOR ( 'NONE', #1308, 1000.000000000000000 ) ;
#362 = DIRECTION ( 'NONE',  ( 0.000000000000000000, 0.000000000000000000, 1.000000000000000000 ) ) ;
#363 = EDGE_LOOP ( 'NONE', ( #2914, #2228, #1637, #4241 ) ) ;
#364 = EDGE_LOOP ( 'NONE', ( #1994, #646 ) ) ;
#365 = CIRCLE ( 'NONE', #2984, 1.550000000000000488 ) ;
#366 = ADVANCED_FACE ( 'NONE', ( #1025 ), #1117, .T. ) ;
#367 =( NAMED_UNIT ( * ) PLANE_ANGLE_UNIT ( ) SI_UNIT ( $, .RADIAN. ) );
#368 = VERTEX_POINT ( 'NONE', #1378 ) ;
#369 = PLANE ( 'NONE',  #926 ) ;
#370 = ORIENTED_EDGE ( 'NONE', *, *, #1644, .T. ) ;
#371 = DIRECTION ( 'NONE',  ( 0.000000000000000000, -1.000000000000000000, 0.000000000000000000 ) ) ;
#372 = LINE ( 'NONE', #1547, #232 ) ;
#373 = ORIENTED_EDGE ( 'NONE', *, *, #1279, .F. ) ;
#374 = ORIENTED_EDGE ( 'NONE', *, *, #3336, .F. ) ;
#375 = FACE_OUTER_BOUND ( 'NONE', #4057, .T. ) ;
#376 = EDGE_LOOP ( 'NONE', ( #3109, #1310, #1320, #3474 ) ) ;
#377 = EDGE_CURVE ( 'NONE', #2102, #15, #3948, .T. ) ;
#378 = DIRECTION ( 'NONE',  ( -0.000000000000000000, -1.000000000000000000, -0.000000000000000000 ) ) ;
#379 = LINE ( 'NONE', #1412, #405 ) ;
#380 = CARTESIAN_POINT ( 'NONE',  ( 4.700000000000001066, 2.649999999999999911, 0.7499999999999997780 ) ) ;
#381 = CARTESIAN_POINT ( 'NONE',  ( -1.300000000000000044, -5.695584412271569974, 0.000000000000000000 ) ) ;
#382 = EDGE_LOOP ( 'NONE', ( #2305, #2985 ) ) ;
#383 = CARTESIAN_POINT ( 'NONE',  ( -1.300000000000000044, 2.649999999999999911, 0.7499999999999997780 ) ) ;
#384 = EDGE_LOOP ( 'NONE', ( #2048, #3475, #3230, #1763 ) ) ;
#385 = CIRCLE ( 'NONE', #3471, 0.2500000000000003886 ) ;
#386 = ORIENTED_EDGE ( 'NONE', *, *, #2552, .F. ) ;
#387 = CARTESIAN_POINT ( 'NONE',  ( 8.195000000000000284, -9.716904755831215823, 1.649999999999999689 ) ) ;
#388 = ADVANCED_FACE ( 'NONE', ( #1019, #1080 ), #768, .T. ) ;
#389 = ORIENTED_EDGE ( 'NONE', *, *, #654, .T. ) ;
#390 = VECTOR ( 'NONE', #565, 1000.000000000000000 ) ;
#391 = EDGE_LOOP ( 'NONE', ( #1346, #4369 ) ) ;
#393 = UNCERTAINTY_MEASURE_WITH_UNIT (LENGTH_MEASURE( 1.000000000000000082E-05 ), #910, 'distance_accuracy_value', 'NONE');
#392 = DIRECTION ( 'NONE',  ( 0.000000000000000000, 1.000000000000000000, 0.000000000000000000 ) ) ;
#394 = ORIENTED_EDGE ( 'NONE', *, *, #3336, .T. ) ;
#395 = EDGE_CURVE ( 'NONE', #3115, #3563, #3994, .T. ) ;
#396 = DIRECTION ( 'NONE',  ( -0.000000000000000000, -1.000000000000000000, -0.000000000000000000 ) ) ;
#397 = CIRCLE ( 'NONE', #3847, 0.7499999999999997780 ) ;
#398 = CARTESIAN_POINT ( 'NONE',  ( -1.300000000000000044, 3.100000000000000089, 0.7499999999999997780 ) ) ;
#399 = EDGE_LOOP ( 'NONE', ( #2885, #568, #2107, #585 ) ) ;
#400 = AXIS2_PLACEMENT_3D ( 'NONE', #4040, #2017, #2957 ) ;
#401 = ORIENTED_EDGE ( 'NONE', *, *, #420, .F. ) ;
#402 = VECTOR ( 'NONE', #3853, 1000.000000000000000 ) ;
#403 = DIRECTION ( 'NONE',  ( 1.000000000000000000, -0.000000000000000000, 1.224646799147353207E-16 ) ) ;
#404 = CARTESIAN_POINT ( 'NONE',  ( 5.950000000000001954, -14.85791365496260497, -1.925999999999999934 ) ) ;
#405 = VECTOR ( 'NONE', #3440, 1000.000000000000000 ) ;
#406 = CARTESIAN_POINT ( 'NONE',  ( 8.195000000000000284, -0.8500000000000000888, -9.558368267345090462E-16 ) ) ;
#407 = VERTEX_POINT ( 'NONE', #3720 ) ;
#408 = AXIS2_PLACEMENT_3D ( 'NONE', #2234, #3310, #2880 ) ;
#409 = VERTEX_POINT ( 'NONE', #3388 ) ;
#410 = CIRCLE ( 'NONE', #216, 0.2500000000000003886 ) ;
#411 = ADVANCED_FACE ( 'NONE', ( #1003 ), #3964, .F. ) ;
#412 = ORIENTED_EDGE ( 'NONE', *, *, #2446, .F. ) ;
#413 = FACE_OUTER_BOUND ( 'NONE', #325, .T. ) ;
#414 = CARTESIAN_POINT ( 'NONE',  ( -4.299999999999999822, -5.695584412271569974, 0.000000000000000000 ) ) ;
#415 = CARTESIAN_POINT ( 'NONE',  ( 4.700000000000001066, 3.100000000000000533, 0.7499999999999997780 ) ) ;
#416 = DIRECTION ( 'NONE',  ( -0.000000000000000000, 1.000000000000000000, -0.000000000000000000 ) ) ;
#417 = ORIENTED_EDGE ( 'NONE', *, *, #194, .F. ) ;
#418 = CIRCLE ( 'NONE', #462, 0.5000000000000004441 ) ;
#419 = CARTESIAN_POINT ( 'NONE',  ( -8.049999999999998934, 3.149999999999999911, 0.000000000000000000 ) ) ;
#420 = EDGE_CURVE ( 'NONE', #71, #1069, #1129, .T. ) ;
#421 = CARTESIAN_POINT ( 'NONE',  ( -8.000000000000000000, 2.149999999999999911, -2.026000000000002021 ) ) ;
#422 = ORIENTED_EDGE ( 'NONE', *, *, #2087, .T. ) ;
#423 = ORIENTED_EDGE ( 'NONE', *, *, #948, .F. ) ;
#424 = PRODUCT_DEFINITION ( 'UNKNOWN', '', #4259, #5 ) ;
#425 = DIRECTION ( 'NONE',  ( -0.000000000000000000, -1.000000000000000000, -0.000000000000000000 ) ) ;
#426 = AXIS2_PLACEMENT_3D ( 'NONE', #4028, #3309, #2032 ) ;
#427 = CIRCLE ( 'NONE', #2621, 0.7499999999999997780 ) ;
#428 = DIRECTION ( 'NONE',  ( -0.000000000000000000, 0.000000000000000000, 1.000000000000000000 ) ) ;
#429 = ADVANCED_FACE ( 'NONE', ( #3909 ), #2309, .F. ) ;
#430 = CARTESIAN_POINT ( 'NONE',  ( -4.299999999999999822, 2.649999999999999911, 0.000000000000000000 ) ) ;
#431 = CYLINDRICAL_SURFACE ( 'NONE', #2254, 0.5000000000000004441 ) ;
#432 = DIRECTION ( 'NONE',  ( 0.000000000000000000, 0.000000000000000000, -1.000000000000000000 ) ) ;
#433 = EDGE_LOOP ( 'NONE', ( #2128, #714 ) ) ;
#434 = FACE_OUTER_BOUND ( 'NONE', #3315, .T. ) ;
#435 = CARTESIAN_POINT ( 'NONE',  ( 4.700000000000001066, -5.695584412271569974, 0.8999999999999994671 ) ) ;
#436 = CARTESIAN_POINT ( 'NONE',  ( 1.700000000000000178, 2.649999999999999911, -0.7499999999999997780 ) ) ;
#437 = DIRECTION ( 'NONE',  ( 0.000000000000000000, 1.000000000000000000, 0.000000000000000000 ) ) ;
#438 = VERTEX_POINT ( 'NONE', #1684 ) ;
#439 = EDGE_CURVE ( 'NONE', #4023, #1661, #2554, .T. ) ;
#440 = DIRECTION ( 'NONE',  ( -0.000000000000000000, -1.000000000000000000, -0.000000000000000000 ) ) ;
#441 = LINE ( 'NONE', #3840, #3437 ) ;
#442 = SURFACE_SIDE_STYLE ('',( #2883 ) ) ;
#443 = ORIENTED_EDGE ( 'NONE', *, *, #3400, .F. ) ;
#444 = LINE ( 'NONE', #147, #3419 ) ;
#445 = DIRECTION ( 'NONE',  ( 0.000000000000000000, -1.000000000000000000, 0.000000000000000000 ) ) ;
#446 = AXIS2_PLACEMENT_3D ( 'NONE', #1173, #488, #3242 ) ;
#447 = TOROIDAL_SURFACE ( 'NONE', #3408, 0.6999999999999997335, 0.05000000000000000278 ) ;
#448 = ORIENTED_EDGE ( 'NONE', *, *, #3485, .T. ) ;
#449 = DIRECTION ( 'NONE',  ( 0.000000000000000000, 1.000000000000000000, 0.000000000000000000 ) ) ;
#450 = DIRECTION ( 'NONE',  ( 0.000000000000000000, 1.000000000000000000, 0.000000000000000000 ) ) ;
#451 = CARTESIAN_POINT ( 'NONE',  ( -1.299999999999999822, 0.000000000000000000, -0.8999999999999999112 ) ) ;
#452 = AXIS2_PLACEMENT_3D ( 'NONE', #3038, #4323, #2094 ) ;
#453 = AXIS2_PLACEMENT_3D ( 'NONE', #323, #2342, #3123 ) ;
#454 = CIRCLE ( 'NONE', #3898, 0.2000000000000003164 ) ;
#455 = DIRECTION ( 'NONE',  ( 0.000000000000000000, -0.000000000000000000, 1.000000000000000000 ) ) ;
#456 = VERTEX_POINT ( 'NONE', #1621 ) ;
#457 = FACE_OUTER_BOUND ( 'NONE', #38, .T. ) ;
#458 = CARTESIAN_POINT ( 'NONE',  ( -7.804999999999999716, 3.050000000000000711, -9.558368267345090462E-16 ) ) ;
#459 = ADVANCED_FACE ( 'NONE', ( #4004 ), #2518, .T. ) ;
#460 = DIRECTION ( 'NONE',  ( -0.000000000000000000, -1.000000000000000000, -0.000000000000000000 ) ) ;
#461 = FACE_OUTER_BOUND ( 'NONE', #4254, .T. ) ;
#462 = AXIS2_PLACEMENT_3D ( 'NONE', #4376, #2322, #952 ) ;
#463 = ORIENTED_EDGE ( 'NONE', *, *, #2933, .T. ) ;
#464 = FACE_OUTER_BOUND ( 'NONE', #2785, .T. ) ;
#465 = AXIS2_PLACEMENT_3D ( 'NONE', #844, #3592, #4173 ) ;
#466 = AXIS2_PLACEMENT_3D ( 'NONE', #2962, #3329, #4017 ) ;
#467 = FACE_OUTER_BOUND ( 'NONE', #556, .T. ) ;
#468 = DIRECTION ( 'NONE',  ( 0.000000000000000000, -1.000000000000000000, 0.000000000000000000 ) ) ;
#469 = ORIENTED_EDGE ( 'NONE', *, *, #486, .T. ) ;
#470 = FACE_OUTER_BOUND ( 'NONE', #3947, .T. ) ;
#471 = EDGE_LOOP ( 'NONE', ( #130, #2421, #57, #869 ) ) ;
#472 = CARTESIAN_POINT ( 'NONE',  ( -7.804999999999999716, 3.149999999999999911, -1.400000000000000355 ) ) ;
#473 = VECTOR ( 'NONE', #2326, 1000.000000000000114 ) ;
#474 = ORIENTED_EDGE ( 'NONE', *, *, #587, .F. ) ;
#475 = FACE_OUTER_BOUND ( 'NONE', #3584, .T. ) ;
#476 = DIRECTION ( 'NONE',  ( 0.000000000000000000, 1.000000000000000000, 0.000000000000000000 ) ) ;
#477 = CARTESIAN_POINT ( 'NONE',  ( -1.300000000000000044, 3.149999999999999911, -0.5000000000000004441 ) ) ;
#478 = ORIENTED_EDGE ( 'NONE', *, *, #3935, .T. ) ;
#479 = EDGE_CURVE ( 'NONE', #3122, #15, #1067, .T. ) ;
#480 = DIRECTION ( 'NONE',  ( 0.000000000000000000, 1.000000000000000000, 0.000000000000000000 ) ) ;
#481 = DIRECTION ( 'NONE',  ( 0.000000000000000000, 1.000000000000000000, 0.000000000000000000 ) ) ;
#482 = ORIENTED_EDGE ( 'NONE', *, *, #486, .F. ) ;
#483 = DIRECTION ( 'NONE',  ( -0.000000000000000000, -1.000000000000000000, -0.000000000000000000 ) ) ;
#484 = ORIENTED_EDGE ( 'NONE', *, *, #2732, .F. ) ;
#485 = DIRECTION ( 'NONE',  ( -0.8660254037844418162, 0.000000000000000000, 0.4999999999999946154 ) ) ;
#486 = EDGE_CURVE ( 'NONE', #2098, #3115, #2538, .T. ) ;
#487 = CARTESIAN_POINT ( 'NONE',  ( 7.950000000000001954, 3.149999999999999911, 0.000000000000000000 ) ) ;
#488 = DIRECTION ( 'NONE',  ( 0.000000000000000000, 1.000000000000000000, 0.000000000000000000 ) ) ;
#489 = FACE_OUTER_BOUND ( 'NONE', #257, .T. ) ;
#490 = ADVANCED_FACE ( 'NONE', ( #2474, #2454, #2482 ), #4390, .F. ) ;
#491 = TOROIDAL_SURFACE ( 'NONE', #1926, 0.2000000000000003442, 0.05000000000000000278 ) ;
#492 = DIRECTION ( 'NONE',  ( 0.000000000000000000, 0.000000000000000000, 1.000000000000000000 ) ) ;
#493 = DIRECTION ( 'NONE',  ( 0.000000000000000000, 1.000000000000000000, 0.000000000000000000 ) ) ;
#494 = EDGE_CURVE ( 'NONE', #3516, #639, #2468, .T. ) ;
#495 = LINE ( 'NONE', #581, #1890 ) ;
#496 = CARTESIAN_POINT ( 'NONE',  ( 4.700000000000001066, -1.000000000000000000, -0.2000000000000003164 ) ) ;
#497 = DIRECTION ( 'NONE',  ( -0.000000000000000000, 0.9993908270190956511, 0.03489949670250104552 ) ) ;
#498 = CIRCLE ( 'NONE', #2301, 0.1000000000000000472 ) ;
#499 = CARTESIAN_POINT ( 'NONE',  ( -1.300000000000000044, 2.649999999999999911, 0.000000000000000000 ) ) ;
#500 = CARTESIAN_POINT ( 'NONE',  ( -4.299999999999999822, 3.100000000000000089, -0.6999999999999997335 ) ) ;
#501 = CARTESIAN_POINT ( 'NONE',  ( 8.195000000000000284, 7.392640687119284237, -9.558368267345090462E-16 ) ) ;
#502 = TOROIDAL_SURFACE ( 'NONE', #2337, 0.6999999999999997335, 0.05000000000000000278 ) ;
#503 = CIRCLE ( 'NONE', #2090, 0.8999999999999999112 ) ;
#504 = DIRECTION ( 'NONE',  ( 0.000000000000000000, 0.000000000000000000, 1.000000000000000000 ) ) ;
#505 = AXIS2_PLACEMENT_3D ( 'NONE', #2297, #2634, #2951 ) ;
#506 = DIRECTION ( 'NONE',  ( 0.000000000000000000, 0.000000000000000000, 1.000000000000000000 ) ) ;
#507 = FACE_OUTER_BOUND ( 'NONE', #1545, .T. ) ;
#508 = CARTESIAN_POINT ( 'NONE',  ( -8.049999999999998934, 2.149999999999999911, 2.899999999999999023 ) ) ;
#509 = DIRECTION ( 'NONE',  ( 0.000000000000000000, 0.000000000000000000, -1.000000000000000000 ) ) ;
#510 = STYLED_ITEM ( 'NONE', ( #790 ), #2200 ) ;
#511 = LINE ( 'NONE', #3262, #592 ) ;
#512 = COLOUR_RGB ( '',1.000000000000000000, 0.8117647058823529438, 0.5019607843137254832 ) ;
#513 = DIRECTION ( 'NONE',  ( -0.000000000000000000, -1.000000000000000000, -0.000000000000000000 ) ) ;
#514 = CARTESIAN_POINT ( 'NONE',  ( 4.700000000000001066, 3.149999999999999911, 0.5000000000000004441 ) ) ;
#515 = FACE_OUTER_BOUND ( 'NONE', #1757, .T. ) ;
#516 = CARTESIAN_POINT ( 'NONE',  ( -8.049999999999998934, 3.149999999999999911, 0.000000000000000000 ) ) ;
#517 = AXIS2_PLACEMENT_3D ( 'NONE', #78, #3782, #4083 ) ;
#518 = DIRECTION ( 'NONE',  ( 0.000000000000000000, 0.000000000000000000, 1.000000000000000000 ) ) ;
#519 = ADVANCED_FACE ( 'NONE', ( #994 ), #2511, .T. ) ;
#520 = VECTOR ( 'NONE', #4313, 1000.000000000000227 ) ;
#521 = EDGE_CURVE ( 'NONE', #1628, #3134, #1096, .T. ) ;
#522 = CARTESIAN_POINT ( 'NONE',  ( -4.299999999999999822, 2.649999999999999911, 0.000000000000000000 ) ) ;
#523 = CARTESIAN_POINT ( 'NONE',  ( -4.299999999999999822, 3.100000000000000089, -0.7499999999999997780 ) ) ;
#524 = AXIS2_PLACEMENT_3D ( 'NONE', #406, #1039, #3442 ) ;
#525 = DIRECTION ( 'NONE',  ( 0.000000000000000000, 0.000000000000000000, 1.000000000000000000 ) ) ;
#526 = DIRECTION ( 'NONE',  ( 0.000000000000000000, 0.000000000000000000, -1.000000000000000000 ) ) ;
#527 = ORIENTED_EDGE ( 'NONE', *, *, #3749, .F. ) ;
#528 = EDGE_CURVE ( 'NONE', #2471, #2783, #4025, .T. ) ;
#529 = EDGE_CURVE ( 'NONE', #3274, #3074, #2577, .T. ) ;
#530 = SURFACE_SIDE_STYLE ('',( #1017 ) ) ;
#531 = ORIENTED_EDGE ( 'NONE', *, *, #2324, .T. ) ;
#532 =( NAMED_UNIT ( * ) SI_UNIT ( $, .STERADIAN. ) SOLID_ANGLE_UNIT ( ) );
#533 = CARTESIAN_POINT ( 'NONE',  ( -1.300000000000000044, 0.000000000000000000, 0.000000000000000000 ) ) ;
#534 = DIRECTION ( 'NONE',  ( -0.000000000000000000, -1.000000000000000000, -0.000000000000000000 ) ) ;
#535 = CARTESIAN_POINT ( 'NONE',  ( 4.950000000000001066, 1.049999999999999822, -1.925999999999999934 ) ) ;
#536 = ORIENTED_EDGE ( 'NONE', *, *, #2503, .T. ) ;
#537 = PRESENTATION_STYLE_ASSIGNMENT (( #1910 ) ) ;
#538 = ADVANCED_FACE ( 'NONE', ( #3981 ), #1074, .T. ) ;
#539 = VERTEX_POINT ( 'NONE', #2058 ) ;
#540 = EDGE_CURVE ( 'NONE', #2344, #4309, #2547, .T. ) ;
#541 = SPHERICAL_SURFACE ( 'NONE', #1402, 0.7500000000000000000 ) ;
#542 = DIRECTION ( 'NONE',  ( -0.000000000000000000, -1.000000000000000000, -0.000000000000000000 ) ) ;
#543 = DIRECTION ( 'NONE',  ( 0.000000000000000000, 0.000000000000000000, 1.000000000000000000 ) ) ;
#544 = ORIENTED_EDGE ( 'NONE', *, *, #2247, .T. ) ;
#545 = VERTEX_POINT ( 'NONE', #2375 ) ;
#546 = TOROIDAL_SURFACE ( 'NONE', #1250, 0.6999999999999997335, 0.05000000000000000278 ) ;
#547 = CARTESIAN_POINT ( 'NONE',  ( 8.195000000000000284, 3.050000000000000711, 1.499999999999998668 ) ) ;
#548 = ORIENTED_EDGE ( 'NONE', *, *, #1771, .T. ) ;
#549 = ADVANCED_FACE ( 'NONE', ( #3914 ), #4011, .T. ) ;
#550 = DIRECTION ( 'NONE',  ( 0.000000000000000000, 1.000000000000000000, 0.000000000000000000 ) ) ;
#551 = MECHANICAL_DESIGN_GEOMETRIC_PRESENTATION_REPRESENTATION (  '', ( #3907 ), #954 ) ;
#552 = PLANE ( 'NONE',  #349 ) ;
#553 = AXIS2_PLACEMENT_3D ( 'NONE', #2410, #638, #672 ) ;
#554 = TOROIDAL_SURFACE ( 'NONE', #4244, 1.399999999999999467, 0.1000000000000000056 ) ;
#555 = EDGE_LOOP ( 'NONE', ( #2214, #422, #2583, #1842 ) ) ;
#556 = EDGE_LOOP ( 'NONE', ( #3105, #3597, #1803, #2024 ) ) ;
#557 = CIRCLE ( 'NONE', #3859, 0.7499999999999997780 ) ;
#558 = CARTESIAN_POINT ( 'NONE',  ( -7.804999999999999716, -0.8500000000000000888, -9.558368267345090462E-16 ) ) ;
#559 = ORIENTED_EDGE ( 'NONE', *, *, #1605, .T. ) ;
#560 = MECHANICAL_DESIGN_GEOMETRIC_PRESENTATION_REPRESENTATION (  '', ( #1815 ), #3108 ) ;
#561 = CARTESIAN_POINT ( 'NONE',  ( -4.299999999999999822, 3.700000000000000178, 0.000000000000000000 ) ) ;
#562 = FACE_OUTER_BOUND ( 'NONE', #555, .T. ) ;
#563 = EDGE_CURVE ( 'NONE', #2535, #3873, #4038, .T. ) ;
#564 = AXIS2_PLACEMENT_3D ( 'NONE', #2299, #493, #2507 ) ;
#565 = DIRECTION ( 'NONE',  ( -0.000000000000000000, 1.000000000000000000, -0.000000000000000000 ) ) ;
#566 = VERTEX_POINT ( 'NONE', #1730 ) ;
#567 =( LENGTH_UNIT ( ) NAMED_UNIT ( * ) SI_UNIT ( .MILLI., .METRE. ) );
#568 = ORIENTED_EDGE ( 'NONE', *, *, #3901, .T. ) ;
#569 = CARTESIAN_POINT ( 'NONE',  ( -7.804999999999999716, 7.392640687119284237, -9.558368267345090462E-16 ) ) ;
#570 = CARTESIAN_POINT ( 'NONE',  ( -4.299999999999999822, -0.9499999999999997335, 0.2500000000000003886 ) ) ;
#571 = DIRECTION ( 'NONE',  ( 0.000000000000000000, -1.000000000000000000, 0.000000000000000000 ) ) ;
#572 = CARTESIAN_POINT ( 'NONE',  ( 7.950000000000001954, -0.9499999999999995115, 0.000000000000000000 ) ) ;
#573 = DIRECTION ( 'NONE',  ( 0.000000000000000000, 0.000000000000000000, 1.000000000000000000 ) ) ;
#574 = AXIS2_PLACEMENT_3D ( 'NONE', #1918, #3564, #2778 ) ;
#575 = AXIS2_PLACEMENT_3D ( 'NONE', #2003, #1916, #2261 ) ;
#576 = ORIENTED_EDGE ( 'NONE', *, *, #328, .T. ) ;
#577 = EDGE_LOOP ( 'NONE', ( #4141, #739, #2967, #1520 ) ) ;
#578 = CIRCLE ( 'NONE', #4125, 1.650000000000000577 ) ;
#579 = EDGE_LOOP ( 'NONE', ( #18, #1582, #6, #2761, #2360 ) ) ;
#580 = CIRCLE ( 'NONE', #221, 0.2500000000000002220 ) ;
#581 = CARTESIAN_POINT ( 'NONE',  ( -1.300000000000000044, 3.100000000000000533, 0.7499999999999997780 ) ) ;
#582 = CARTESIAN_POINT ( 'NONE',  ( -4.949999999999998401, 1.049999999999999822, 0.2632312247338886579 ) ) ;
#583 = ORIENTED_EDGE ( 'NONE', *, *, #777, .F. ) ;
#584 = CARTESIAN_POINT ( 'NONE',  ( 4.700000000000001066, 3.149999999999999911, 0.000000000000000000 ) ) ;
#585 = ORIENTED_EDGE ( 'NONE', *, *, #1027, .T. ) ;
#586 = DIRECTION ( 'NONE',  ( 0.000000000000000000, 0.000000000000000000, 1.000000000000000000 ) ) ;
#587 = EDGE_CURVE ( 'NONE', #3115, #3959, #2571, .T. ) ;
#588 = DIRECTION ( 'NONE',  ( 0.000000000000000000, 1.000000000000000000, 0.000000000000000000 ) ) ;
#589 = ORIENTED_EDGE ( 'NONE', *, *, #2498, .T. ) ;
#590 = ORIENTED_EDGE ( 'NONE', *, *, #3977, .F. ) ;
#591 = AXIS2_PLACEMENT_3D ( 'NONE', #213, #4131, #4158 ) ;
#592 = VECTOR ( 'NONE', #4139, 1000.000000000000000 ) ;
#593 = ORIENTED_EDGE ( 'NONE', *, *, #1650, .F. ) ;
#594 = EDGE_CURVE ( 'NONE', #3978, #3221, #1100, .T. ) ;
#595 = DIRECTION ( 'NONE',  ( -0.000000000000000000, -1.000000000000000000, -0.000000000000000000 ) ) ;
#596 = DIRECTION ( 'NONE',  ( 0.4999999999999950040, 0.000000000000000000, -0.8660254037844415942 ) ) ;
#597 = VERTEX_POINT ( 'NONE', #472 ) ;
#598 = EDGE_CURVE ( 'NONE', #2401, #1263, #2502, .T. ) ;
#599 = DIRECTION ( 'NONE',  ( -0.000000000000000000, -1.000000000000000000, -0.000000000000000000 ) ) ;
#600 = ORIENTED_EDGE ( 'NONE', *, *, #860, .F. ) ;
#601 = CARTESIAN_POINT ( 'NONE',  ( -4.299999999999999822, 2.649999999999999911, 0.000000000000000000 ) ) ;
#602 = DIRECTION ( 'NONE',  ( 0.000000000000000000, -1.000000000000000000, 0.000000000000000000 ) ) ;
#603 = CARTESIAN_POINT ( 'NONE',  ( -4.299999999999999822, 3.100000000000000533, -0.7499999999999997780 ) ) ;
#604 = UNCERTAINTY_MEASURE_WITH_UNIT (LENGTH_MEASURE( 1.000000000000000082E-05 ), #1894, 'distance_accuracy_value', 'NONE');
#605 = AXIS2_PLACEMENT_3D ( 'NONE', #3724, #4022, #299 ) ;
#606 = VERTEX_POINT ( 'NONE', #3482 ) ;
#607 = ORIENTED_EDGE ( 'NONE', *, *, #3707, .T. ) ;
#608 = EDGE_CURVE ( 'NONE', #368, #846, #1047, .T. ) ;
#609 = EDGE_LOOP ( 'NONE', ( #1384, #2792, #171, #1330 ) ) ;
#610 = DIRECTION ( 'NONE',  ( 0.000000000000000000, 0.000000000000000000, -1.000000000000000000 ) ) ;
#611 = DIRECTION ( 'NONE',  ( -0.000000000000000000, -1.000000000000000000, -0.000000000000000000 ) ) ;
#612 = ORIENTED_EDGE ( 'NONE', *, *, #2780, .T. ) ;
#613 = ORIENTED_EDGE ( 'NONE', *, *, #4304, .T. ) ;
#614 = AXIS2_PLACEMENT_3D ( 'NONE', #508, #3874, #2529 ) ;
#615 = VECTOR ( 'NONE', #378, 1000.000000000000000 ) ;
#616 = PLANE ( 'NONE',  #2543 ) ;
#617 = ORIENTED_EDGE ( 'NONE', *, *, #2400, .F. ) ;
#618 = DIRECTION ( 'NONE',  ( 0.000000000000000000, 0.000000000000000000, 1.000000000000000000 ) ) ;
#619 = AXIS2_PLACEMENT_3D ( 'NONE', #1201, #2266, #3629 ) ;
#620 = FILL_AREA_STYLE_COLOUR ( '', #512 ) ;
#621 = ORIENTED_EDGE ( 'NONE', *, *, #4285, .T. ) ;
#622 = LINE ( 'NONE', #1043, #2073 ) ;
#623 = ORIENTED_EDGE ( 'NONE', *, *, #3342, .F. ) ;
#624 = CARTESIAN_POINT ( 'NONE',  ( -5.799999999999999822, 1.049999999999999822, -1.690000000000000169 ) ) ;
#625 = DIRECTION ( 'NONE',  ( 0.000000000000000000, 0.000000000000000000, 1.000000000000000000 ) ) ;
#626 = ORIENTED_EDGE ( 'NONE', *, *, #2549, .T. ) ;
#627 = FACE_OUTER_BOUND ( 'NONE', #93, .T. ) ;
#628 = DIRECTION ( 'NONE',  ( -0.000000000000000000, -1.000000000000000000, -0.000000000000000000 ) ) ;
#629 = ORIENTED_EDGE ( 'NONE', *, *, #1217, .F. ) ;
#630 = AXIS2_PLACEMENT_3D ( 'NONE', #922, #1112, #1168 ) ;
#631 = CARTESIAN_POINT ( 'NONE',  ( 8.049999999999997158, 2.949999999999999734, -2.899999999999999023 ) ) ;
#632 = VECTOR ( 'NONE', #1372, 1000.000000000000000 ) ;
#633 = ORIENTED_EDGE ( 'NONE', *, *, #1026, .T. ) ;
#634 = CIRCLE ( 'NONE', #605, 0.6999999999999997335 ) ;
#635 = ORIENTED_EDGE ( 'NONE', *, *, #3722, .T. ) ;
#636 = CIRCLE ( 'NONE', #3999, 0.7499999999999997780 ) ;
#637 = CARTESIAN_POINT ( 'NONE',  ( 8.195000000000000284, 3.149999999999999911, -9.558368267345090462E-16 ) ) ;
#638 = DIRECTION ( 'NONE',  ( -0.000000000000000000, -0.000000000000000000, -1.000000000000000000 ) ) ;
#639 = VERTEX_POINT ( 'NONE', #804 ) ;
#640 = EDGE_CURVE ( 'NONE', #597, #928, #2523, .T. ) ;
#641 = FACE_OUTER_BOUND ( 'NONE', #3043, .T. ) ;
#642 = ORIENTED_EDGE ( 'NONE', *, *, #4265, .F. ) ;
#643 = DIRECTION ( 'NONE',  ( -0.000000000000000000, -1.000000000000000000, -0.000000000000000000 ) ) ;
#644 = LINE ( 'NONE', #3355, #670 ) ;
#645 = CARTESIAN_POINT ( 'NONE',  ( -4.299999999999999822, -1.000000000000000000, -0.2500000000000003886 ) ) ;
#646 = ORIENTED_EDGE ( 'NONE', *, *, #1615, .T. ) ;
#647 = FACE_OUTER_BOUND ( 'NONE', #579, .T. ) ;
#648 = ORIENTED_EDGE ( 'NONE', *, *, #1272, .F. ) ;
#649 = DIRECTION ( 'NONE',  ( 0.000000000000000000, 0.7071067811865536790, 0.7071067811865414665 ) ) ;
#650 = DIRECTION ( 'NONE',  ( 0.000000000000000000, 1.000000000000000000, 0.000000000000000000 ) ) ;
#651 = EDGE_CURVE ( 'NONE', #1703, #945, #3962, .T. ) ;
#652 = DIRECTION ( 'NONE',  ( 0.000000000000000000, 0.000000000000000000, -1.000000000000000000 ) ) ;
#653 = FACE_OUTER_BOUND ( 'NONE', #2664, .T. ) ;
#654 = EDGE_CURVE ( 'NONE', #4316, #1094, #3928, .T. ) ;
#655 = ORIENTED_EDGE ( 'NONE', *, *, #1347, .T. ) ;
#656 = ORIENTED_EDGE ( 'NONE', *, *, #4219, .F. ) ;
#657 = CIRCLE ( 'NONE', #3444, 0.2500000000000003886 ) ;
#658 = ORIENTED_EDGE ( 'NONE', *, *, #4187, .F. ) ;
#659 = UNCERTAINTY_MEASURE_WITH_UNIT (LENGTH_MEASURE( 1.000000000000000082E-05 ), #977, 'distance_accuracy_value', 'NONE');
#660 = DIRECTION ( 'NONE',  ( 0.000000000000000000, 0.000000000000000000, -1.000000000000000000 ) ) ;
#661 = AXIS2_PLACEMENT_3D ( 'NONE', #2709, #4297, #2351 ) ;
#662 = CARTESIAN_POINT ( 'NONE',  ( -1.300000000000000044, 2.649999999999999911, 0.7499999999999997780 ) ) ;
#663 = EDGE_CURVE ( 'NONE', #1971, #1840, #1054, .T. ) ;
#664 = AXIS2_PLACEMENT_3D ( 'NONE', #430, #2670, #1611 ) ;
#665 = PLANE ( 'NONE',  #2472 ) ;
#666 = CIRCLE ( 'NONE', #3811, 1.500000000000000666 ) ;
#667 = ORIENTED_EDGE ( 'NONE', *, *, #181, .F. ) ;
#668 = LINE ( 'NONE', #2195, #3461 ) ;
#669 = ORIENTED_EDGE ( 'NONE', *, *, #4278, .T. ) ;
#670 = VECTOR ( 'NONE', #3611, 1000.000000000000000 ) ;
#671 = PLANE ( 'NONE',  #3808 ) ;
#672 = DIRECTION ( 'NONE',  ( -1.000000000000000000, 0.000000000000000000, 0.000000000000000000 ) ) ;
#673 = EDGE_LOOP ( 'NONE', ( #3760, #3653, #770, #2672 ) ) ;
#674 = ORIENTED_EDGE ( 'NONE', *, *, #36, .F. ) ;
#675 = DIRECTION ( 'NONE',  ( -0.000000000000000000, 1.000000000000000000, -0.000000000000000000 ) ) ;
#676 = CARTESIAN_POINT ( 'NONE',  ( 1.700000000000000178, 2.649999999999999911, 0.7499999999999997780 ) ) ;
#677 = AXIS2_PLACEMENT_3D ( 'NONE', #1856, #845, #3234 ) ;
#678 = FACE_OUTER_BOUND ( 'NONE', #759, .T. ) ;
#679 = PLANE ( 'NONE',  #1106 ) ;
#680 = ORIENTED_EDGE ( 'NONE', *, *, #814, .F. ) ;
#681 = VERTEX_POINT ( 'NONE', #1075 ) ;
#682 = DIRECTION ( 'NONE',  ( 0.000000000000000000, -1.000000000000000000, 0.000000000000000000 ) ) ;
#683 = CARTESIAN_POINT ( 'NONE',  ( -1.300000000000000044, -1.000000000000000000, 0.2000000000000003164 ) ) ;
#684 = AXIS2_PLACEMENT_3D ( 'NONE', #2065, #2738, #3367 ) ;
#685 = FACE_OUTER_BOUND ( 'NONE', #959, .T. ) ;
#686 = VERTEX_POINT ( 'NONE', #1764 ) ;
#687 = DIRECTION ( 'NONE',  ( 0.000000000000000000, 0.000000000000000000, 1.000000000000000000 ) ) ;
#688 = DIRECTION ( 'NONE',  ( 0.000000000000000000, 0.000000000000000000, 1.000000000000000000 ) ) ;
#689 = EDGE_CURVE ( 'NONE', #3113, #1724, #4018, .T. ) ;
#690 = DIRECTION ( 'NONE',  ( -1.000000000000000000, 0.000000000000000000, 1.224646799147353700E-16 ) ) ;
#691 =( LENGTH_UNIT ( ) NAMED_UNIT ( * ) SI_UNIT ( .MILLI., .METRE. ) );
#692 = CIRCLE ( 'NONE', #2295, 0.7499999999999997780 ) ;
#693 = ORIENTED_EDGE ( 'NONE', *, *, #708, .T. ) ;
#694 = ORIENTED_EDGE ( 'NONE', *, *, #1181, .F. ) ;
#695 = DIRECTION ( 'NONE',  ( 0.000000000000000000, 1.000000000000000000, 0.000000000000000000 ) ) ;
#696 = VECTOR ( 'NONE', #2423, 1000.000000000000000 ) ;
#697 = EDGE_CURVE ( 'NONE', #2844, #300, #2563, .T. ) ;
#698 = EDGE_CURVE ( 'NONE', #2408, #1749, #4034, .T. ) ;
#699 = DIRECTION ( 'NONE',  ( -0.000000000000000000, -1.000000000000000000, -0.000000000000000000 ) ) ;
#700 = CARTESIAN_POINT ( 'NONE',  ( -5.949999999999998401, 0.4000000000000010214, 1.925999999999999934 ) ) ;
#701 = ORIENTED_EDGE ( 'NONE', *, *, #777, .T. ) ;
#702 = ORIENTED_EDGE ( 'NONE', *, *, #4321, .F. ) ;
#703 = CARTESIAN_POINT ( 'NONE',  ( 1.700000000000000178, 2.649999999999999911, 0.000000000000000000 ) ) ;
#704 = CARTESIAN_POINT ( 'NONE',  ( 8.049999999999998934, 2.149999999999999911, 2.899999999999999023 ) ) ;
#705 = CARTESIAN_POINT ( 'NONE',  ( -8.049999999999998934, 3.149999999999999911, 0.000000000000000000 ) ) ;
#706 = DIRECTION ( 'NONE',  ( 0.000000000000000000, 0.000000000000000000, 1.000000000000000000 ) ) ;
#707 = VERTEX_POINT ( 'NONE', #1901 ) ;
#708 = EDGE_CURVE ( 'NONE', #1469, #3126, #2674, .T. ) ;
#709 = SHAPE_DEFINITION_REPRESENTATION ( #4362, #2570 ) ;
#710 = DIRECTION ( 'NONE',  ( -0.000000000000000000, 1.000000000000000000, -0.000000000000000000 ) ) ;
#711 = DIRECTION ( 'NONE',  ( 0.000000000000000000, 0.000000000000000000, -1.000000000000000000 ) ) ;
#712 = TOROIDAL_SURFACE ( 'NONE', #2720, 1.399999999999999467, 0.1000000000000000056 ) ;
#713 = ORIENTED_EDGE ( 'NONE', *, *, #3456, .F. ) ;
#714 = ORIENTED_EDGE ( 'NONE', *, *, #4187, .T. ) ;
#715 = DIRECTION ( 'NONE',  ( 0.000000000000000000, 0.000000000000000000, 1.000000000000000000 ) ) ;
#716 = AXIS2_PLACEMENT_3D ( 'NONE', #3119, #90, #811 ) ;
#717 = CARTESIAN_POINT ( 'NONE',  ( -5.799999999999999822, -4.657106781186548083, -1.439999999999999947 ) ) ;
#718 = DIRECTION ( 'NONE',  ( -1.224646799147353207E-16, 0.000000000000000000, -1.000000000000000000 ) ) ;
#720 = MANIFOLD_SOLID_BREP ( 'LPattern2[5]', #1794 ) ;
#719 = CARTESIAN_POINT ( 'NONE',  ( -4.299999999999999822, -5.695584412271569974, 0.8999999999999999112 ) ) ;
#721 = VECTOR ( 'NONE', #2204, 1000.000000000000000 ) ;
#722 = EDGE_LOOP ( 'NONE', ( #386, #3144, #974, #321 ) ) ;
#723 = ORIENTED_EDGE ( 'NONE', *, *, #3885, .F. ) ;
#724 = CARTESIAN_POINT ( 'NONE',  ( 4.700000000000001066, 2.649999999999999911, 0.000000000000000000 ) ) ;
#725 = AXIS2_PLACEMENT_3D ( 'NONE', #4116, #1062, #4349 ) ;
#726 = EDGE_CURVE ( 'NONE', #1800, #4312, #2602, .T. ) ;
#727 = AXIS2_PLACEMENT_3D ( 'NONE', #4157, #115, #1838 ) ;
#728 = AXIS2_PLACEMENT_3D ( 'NONE', #3459, #2485, #3939 ) ;
#729 = CARTESIAN_POINT ( 'NONE',  ( 4.700000000000001066, -5.695584412271569974, 0.000000000000000000 ) ) ;
#730 = DIRECTION ( 'NONE',  ( 0.000000000000000000, 0.000000000000000000, -1.000000000000000000 ) ) ;
#731 = ORIENTED_EDGE ( 'NONE', *, *, #1557, .F. ) ;
#732 = VERTEX_POINT ( 'NONE', #3828 ) ;
#733 = FACE_OUTER_BOUND ( 'NONE', #1064, .T. ) ;
#734 = AXIS2_PLACEMENT_3D ( 'NONE', #1197, #1885, #4150 ) ;
#735 = DIRECTION ( 'NONE',  ( -0.000000000000000000, -1.000000000000000000, -0.000000000000000000 ) ) ;
#736 =( GEOMETRIC_REPRESENTATION_CONTEXT ( 3 ) GLOBAL_UNCERTAINTY_ASSIGNED_CONTEXT ( ( #3517 ) ) GLOBAL_UNIT_ASSIGNED_CONTEXT ( ( #567, #896, #1374 ) ) REPRESENTATION_CONTEXT ( 'NONE', 'WORKASPACE' ) );
#737 = DIRECTION ( 'NONE',  ( 0.000000000000000000, 0.000000000000000000, 1.000000000000000000 ) ) ;
#738 = DIRECTION ( 'NONE',  ( 0.000000000000000000, 0.000000000000000000, 1.000000000000000000 ) ) ;
#739 = ORIENTED_EDGE ( 'NONE', *, *, #2231, .T. ) ;
#740 = DIRECTION ( 'NONE',  ( -1.000000000000000000, 0.000000000000000000, -0.000000000000000000 ) ) ;
#741 = ADVANCED_FACE ( 'NONE', ( #4169 ), #4093, .T. ) ;
#742 = DIRECTION ( 'NONE',  ( 0.000000000000000000, 0.000000000000000000, 1.000000000000000000 ) ) ;
#743 = ORIENTED_EDGE ( 'NONE', *, *, #2166, .T. ) ;
#744 = ORIENTED_EDGE ( 'NONE', *, *, #3082, .F. ) ;
#745 = EDGE_CURVE ( 'NONE', #1693, #3684, #2620, .T. ) ;
#746 = PLANE ( 'NONE',  #1256 ) ;
#747 = DIRECTION ( 'NONE',  ( 0.000000000000000000, 0.000000000000000000, 1.000000000000000000 ) ) ;
#748 = DIRECTION ( 'NONE',  ( 0.000000000000000000, 1.000000000000000000, 0.000000000000000000 ) ) ;
#749 = COLOUR_RGB ( '',1.000000000000000000, 0.8117647058823529438, 0.5019607843137254832 ) ;
#750 = ORIENTED_EDGE ( 'NONE', *, *, #1225, .T. ) ;
#751 = ORIENTED_EDGE ( 'NONE', *, *, #3537, .F. ) ;
#752 = DIRECTION ( 'NONE',  ( 1.000000000000000000, 0.000000000000000000, 0.000000000000000000 ) ) ;
#753 = FILL_AREA_STYLE ('',( #12 ) ) ;
#754 = CIRCLE ( 'NONE', #630, 0.5000000000000004441 ) ;
#755 = CARTESIAN_POINT ( 'NONE',  ( 4.700000000000001066, -0.9499999999999997335, 0.000000000000000000 ) ) ;
#756 = EDGE_CURVE ( 'NONE', #3844, #163, #2657, .T. ) ;
#757 = DIRECTION ( 'NONE',  ( -0.000000000000000000, -0.000000000000000000, -1.000000000000000000 ) ) ;
#758 = ORIENTED_EDGE ( 'NONE', *, *, #2633, .F. ) ;
#759 = EDGE_LOOP ( 'NONE', ( #2500, #3912, #1887, #3351, #3258 ) ) ;
#760 = DIRECTION ( 'NONE',  ( 0.000000000000000000, -0.000000000000000000, 1.000000000000000000 ) ) ;
#761 = DIRECTION ( 'NONE',  ( 0.000000000000000000, 0.000000000000000000, -1.000000000000000000 ) ) ;
#762 = EDGE_CURVE ( 'NONE', #2471, #879, #4135, .T. ) ;
#763 = CIRCLE ( 'NONE', #1986, 0.7499999999999997780 ) ;
#764 = DIRECTION ( 'NONE',  ( -0.000000000000000000, -1.000000000000000000, -0.000000000000000000 ) ) ;
#765 = ORIENTED_EDGE ( 'NONE', *, *, #3669, .T. ) ;
#766 = DIRECTION ( 'NONE',  ( 0.8660254037844415942, -0.000000000000000000, 0.4999999999999950040 ) ) ;
#767 = DIRECTION ( 'NONE',  ( 0.000000000000000000, 0.000000000000000000, 1.000000000000000000 ) ) ;
#768 = PLANE ( 'NONE',  #3876 ) ;
#769 = AXIS2_PLACEMENT_3D ( 'NONE', #2818, #2784, #201 ) ;
#770 = ORIENTED_EDGE ( 'NONE', *, *, #3, .T. ) ;
#771 = ADVANCED_FACE ( 'NONE', ( #2706 ), #1233, .T. ) ;
#772 = DIRECTION ( 'NONE',  ( 0.000000000000000000, 0.000000000000000000, 1.000000000000000000 ) ) ;
#773 = CARTESIAN_POINT ( 'NONE',  ( -1.300000000000000044, -0.9499999999999997335, 0.000000000000000000 ) ) ;
#774 = DIRECTION ( 'NONE',  ( 0.000000000000000000, 1.000000000000000000, 0.000000000000000000 ) ) ;
#775 = FACE_OUTER_BOUND ( 'NONE', #3493, .T. ) ;
#776 = ORIENTED_EDGE ( 'NONE', *, *, #1905, .T. ) ;
#777 = EDGE_CURVE ( 'NONE', #2401, #1036, #2712, .T. ) ;
#778 = DIRECTION ( 'NONE',  ( 0.000000000000000000, 0.000000000000000000, -1.000000000000000000 ) ) ;
#779 = CARTESIAN_POINT ( 'NONE',  ( 1.700000000000000178, 3.509016994374947629, 0.5000000000000004441 ) ) ;
#780 = MECHANICAL_DESIGN_GEOMETRIC_PRESENTATION_REPRESENTATION (  '', ( #3513 ), #3858 ) ;
#781 = VECTOR ( 'NONE', #4386, 1000.000000000000000 ) ;
#782 = DIRECTION ( 'NONE',  ( 0.000000000000000000, 0.000000000000000000, 1.000000000000000000 ) ) ;
#783 = DIRECTION ( 'NONE',  ( 0.000000000000000000, -0.000000000000000000, -1.000000000000000000 ) ) ;
#784 = CARTESIAN_POINT ( 'NONE',  ( -4.800000000000000711, 3.509016994374947629, 0.000000000000000000 ) ) ;
#785 = AXIS2_PLACEMENT_3D ( 'NONE', #2729, #3096, #504 ) ;
#786 = ORIENTED_EDGE ( 'NONE', *, *, #3511, .T. ) ;
#787 = VECTOR ( 'NONE', #3779, 1000.000000000000000 ) ;
#788 = CARTESIAN_POINT ( 'NONE',  ( 4.700000000000001066, -1.000000000000000000, 0.000000000000000000 ) ) ;
#789 = CARTESIAN_POINT ( 'NONE',  ( -4.299999999999999822, 2.649999999999999911, -0.7499999999999997780 ) ) ;
#790 = PRESENTATION_STYLE_ASSIGNMENT (( #2373 ) ) ;
#791 = ADVANCED_FACE ( 'NONE', ( #1165 ), #2718, .T. ) ;
#792 = DIRECTION ( 'NONE',  ( 0.000000000000000000, 1.000000000000000000, 0.000000000000000000 ) ) ;
#793 = ORIENTED_EDGE ( 'NONE', *, *, #181, .T. ) ;
#794 = DIRECTION ( 'NONE',  ( 0.000000000000000000, 0.000000000000000000, 1.000000000000000000 ) ) ;
#795 = EDGE_CURVE ( 'NONE', #2318, #1707, #4073, .T. ) ;
#796 = ORIENTED_EDGE ( 'NONE', *, *, #3092, .T. ) ;
#797 = VECTOR ( 'NONE', #2380, 1000.000000000000000 ) ;
#798 = AXIS2_PLACEMENT_3D ( 'NONE', #4122, #2782, #825 ) ;
#799 = DIRECTION ( 'NONE',  ( 0.000000000000000000, 0.000000000000000000, 1.000000000000000000 ) ) ;
#800 = CARTESIAN_POINT ( 'NONE',  ( 4.700000000000001066, -1.000000000000000000, -0.2500000000000003886 ) ) ;
#801 = CYLINDRICAL_SURFACE ( 'NONE', #2083, 1.499999999999999556 ) ;
#802 = CARTESIAN_POINT ( 'NONE',  ( -1.300000000000000044, 3.149999999999999911, -0.7999999999999986011 ) ) ;
#803 = ORIENTED_EDGE ( 'NONE', *, *, #2049, .F. ) ;
#804 = CARTESIAN_POINT ( 'NONE',  ( 4.700000000000001066, -0.9499999999999997335, -0.2500000000000003886 ) ) ;
#805 = EDGE_CURVE ( 'NONE', #2079, #539, #4081, .T. ) ;
#806 = LINE ( 'NONE', #2653, #797 ) ;
#807 = ADVANCED_FACE ( 'NONE', ( #2641 ), #4061, .T. ) ;
#808 = EDGE_CURVE ( 'NONE', #3884, #981, #4177, .T. ) ;
#809 = CARTESIAN_POINT ( 'NONE',  ( -4.299999999999999822, 3.100000000000000533, 0.000000000000000000 ) ) ;
#810 = DIRECTION ( 'NONE',  ( 0.000000000000000000, 1.000000000000000000, 0.000000000000000000 ) ) ;
#811 = DIRECTION ( 'NONE',  ( 0.000000000000000000, -0.000000000000000000, -1.000000000000000000 ) ) ;
#812 = ORIENTED_EDGE ( 'NONE', *, *, #205, .F. ) ;
#813 = CIRCLE ( 'NONE', #3332, 0.7999999999999986011 ) ;
#814 = EDGE_CURVE ( 'NONE', #3860, #281, #2632, .T. ) ;
#815 = DIRECTION ( 'NONE',  ( 0.000000000000000000, 1.000000000000000000, 0.000000000000000000 ) ) ;
#816 =( GEOMETRIC_REPRESENTATION_CONTEXT ( 3 ) GLOBAL_UNCERTAINTY_ASSIGNED_CONTEXT ( ( #2001 ) ) GLOBAL_UNIT_ASSIGNED_CONTEXT ( ( #2766, #119, #1211 ) ) REPRESENTATION_CONTEXT ( 'NONE', 'WORKASPACE' ) );
#817 = AXIS2_PLACEMENT_3D ( 'NONE', #2104, #2629, #3080 ) ;
#818 = PLANE ( 'NONE',  #4046 ) ;
#819 = DIRECTION ( 'NONE',  ( 0.000000000000000000, -1.000000000000000000, 0.000000000000000000 ) ) ;
#820 = ORIENTED_EDGE ( 'NONE', *, *, #944, .T. ) ;
#821 = CIRCLE ( 'NONE', #2354, 0.7499999999999997780 ) ;
#822 = DIRECTION ( 'NONE',  ( 0.000000000000000000, 0.000000000000000000, 1.000000000000000000 ) ) ;
#823 = AXIS2_PLACEMENT_3D ( 'NONE', #4264, #2265, #901 ) ;
#824 = DIRECTION ( 'NONE',  ( 0.000000000000000000, 1.000000000000000000, 0.000000000000000000 ) ) ;
#825 = DIRECTION ( 'NONE',  ( 0.000000000000000000, 0.000000000000000000, 1.000000000000000000 ) ) ;
#826 = AXIS2_PLACEMENT_3D ( 'NONE', #3952, #1029, #4065 ) ;
#827 = ADVANCED_FACE ( 'NONE', ( #4184 ), #1841, .F. ) ;
#828 = ORIENTED_EDGE ( 'NONE', *, *, #3841, .T. ) ;
#829 = SURFACE_STYLE_FILL_AREA ( #1908 ) ;
#830 = CARTESIAN_POINT ( 'NONE',  ( 0.000000000000000000, 0.000000000000000000, 0.000000000000000000 ) ) ;
#831 = DIRECTION ( 'NONE',  ( -0.000000000000000000, 1.000000000000000000, -0.000000000000000000 ) ) ;
#832 = CARTESIAN_POINT ( 'NONE',  ( 8.195000000000000284, 3.050000000000000711, -9.558368267345090462E-16 ) ) ;
#833 = ORIENTED_EDGE ( 'NONE', *, *, #3601, .T. ) ;
#834 = DIRECTION ( 'NONE',  ( 0.000000000000000000, 0.000000000000000000, -1.000000000000000000 ) ) ;
#835 = FACE_BOUND ( 'NONE', #2311, .T. ) ;
#836 = AXIS2_PLACEMENT_3D ( 'NONE', #2395, #682, #1748 ) ;
#837 = DIRECTION ( 'NONE',  ( 0.000000000000000000, 0.000000000000000000, 1.000000000000000000 ) ) ;
#838 = DIRECTION ( 'NONE',  ( -0.000000000000000000, 1.000000000000000000, -0.000000000000000000 ) ) ;
#839 = ORIENTED_EDGE ( 'NONE', *, *, #3327, .F. ) ;
#840 = CARTESIAN_POINT ( 'NONE',  ( -5.799999999999999822, 1.049999999999999822, -1.439999999999999947 ) ) ;
#841 = FACE_BOUND ( 'NONE', #992, .T. ) ;
#842 = ADVANCED_FACE ( 'NONE', ( #1203 ), #1216, .T. ) ;
#843 = PLANE ( 'NONE',  #2561 ) ;
#844 = CARTESIAN_POINT ( 'NONE',  ( -1.300000000000000044, -1.000000000000000000, 0.000000000000000000 ) ) ;
#845 = DIRECTION ( 'NONE',  ( 0.000000000000000000, 1.000000000000000000, 0.000000000000000000 ) ) ;
#846 = VERTEX_POINT ( 'NONE', #4342 ) ;
#847 = CIRCLE ( 'NONE', #2223, 0.8999999999999994671 ) ;
#848 = DIRECTION ( 'NONE',  ( -0.000000000000000000, 1.000000000000000000, -0.000000000000000000 ) ) ;
#849 = SURFACE_STYLE_USAGE ( .BOTH. , #3972 ) ;
#850 = EDGE_CURVE ( 'NONE', #3161, #2934, #2680, .T. ) ;
#851 = CARTESIAN_POINT ( 'NONE',  ( 5.950000000000001954, 0.4000000000000010214, -1.925999999999999934 ) ) ;
#852 = MECHANICAL_DESIGN_GEOMETRIC_PRESENTATION_REPRESENTATION (  '', ( #3433 ), #3975 ) ;
#853 = ORIENTED_EDGE ( 'NONE', *, *, #1772, .T. ) ;
#854 = FACE_OUTER_BOUND ( 'NONE', #2164, .T. ) ;
#855 = DIRECTION ( 'NONE',  ( 0.000000000000000000, 0.000000000000000000, -1.000000000000000000 ) ) ;
#856 = DIRECTION ( 'NONE',  ( -0.000000000000000000, -1.000000000000000000, -0.000000000000000000 ) ) ;
#857 = DIRECTION ( 'NONE',  ( -0.000000000000000000, -1.000000000000000000, -0.000000000000000000 ) ) ;
#858 = ADVANCED_FACE ( 'NONE', ( #1193 ), #4143, .F. ) ;
#859 = VERTEX_POINT ( 'NONE', #4012 ) ;
#860 = EDGE_CURVE ( 'NONE', #4316, #2917, #2625, .T. ) ;
#861 = DIRECTION ( 'NONE',  ( 0.000000000000000000, 0.000000000000000000, 1.000000000000000000 ) ) ;
#862 = ORIENTED_EDGE ( 'NONE', *, *, #2645, .T. ) ;
#863 = ADVANCED_FACE ( 'NONE', ( #2727 ), #1152, .T. ) ;
#864 = CARTESIAN_POINT ( 'NONE',  ( -1.300000000000000044, 0.000000000000000000, 0.000000000000000000 ) ) ;
#865 = FACE_OUTER_BOUND ( 'NONE', #1424, .T. ) ;
#866 = CARTESIAN_POINT ( 'NONE',  ( 5.950000000000001954, 0.4000000000000010214, -0.9259999999999999343 ) ) ;
#867 = PLANE ( 'NONE',  #465 ) ;
#868 = DIRECTION ( 'NONE',  ( 0.000000000000000000, 1.000000000000000000, 0.000000000000000000 ) ) ;
#869 = ORIENTED_EDGE ( 'NONE', *, *, #980, .T. ) ;
#870 = EDGE_CURVE ( 'NONE', #2917, #2542, #1243, .T. ) ;
#871 = VECTOR ( 'NONE', #1454, 1000.000000000000000 ) ;
#872 = AXIS2_PLACEMENT_3D ( 'NONE', #1306, #2668, #3017 ) ;
#873 = DIRECTION ( 'NONE',  ( 0.000000000000000000, 0.000000000000000000, -1.000000000000000000 ) ) ;
#874 = CARTESIAN_POINT ( 'NONE',  ( 8.195000000000000284, 1.049999999999999822, -1.650000000000001465 ) ) ;
#875 = DIRECTION ( 'NONE',  ( 0.000000000000000000, 1.000000000000000000, 0.000000000000000000 ) ) ;
#876 = ADVANCED_FACE ( 'NONE', ( #2692 ), #1145, .T. ) ;
#877 = DIRECTION ( 'NONE',  ( -0.000000000000000000, 1.000000000000000000, -0.000000000000000000 ) ) ;
#878 = AXIS2_PLACEMENT_3D ( 'NONE', #3936, #1907, #2255 ) ;
#879 = VERTEX_POINT ( 'NONE', #975 ) ;
#880 = DIRECTION ( 'NONE',  ( 0.000000000000000000, 0.000000000000000000, -1.000000000000000000 ) ) ;
#881 = DIRECTION ( 'NONE',  ( 0.000000000000000000, 1.000000000000000000, 0.000000000000000000 ) ) ;
#882 = CARTESIAN_POINT ( 'NONE',  ( -1.300000000000000044, 0.000000000000000000, 0.000000000000000000 ) ) ;
#883 = AXIS2_PLACEMENT_3D ( 'NONE', #4246, #1450, #799 ) ;
#884 = ORIENTED_EDGE ( 'NONE', *, *, #948, .T. ) ;
#885 = SURFACE_SIDE_STYLE ('',( #1175 ) ) ;
#886 = CARTESIAN_POINT ( 'NONE',  ( -4.299999999999999822, 3.100000000000000533, -0.7499999999999997780 ) ) ;
#887 = EDGE_CURVE ( 'NONE', #4309, #2344, #1159, .T. ) ;
#888 = DIRECTION ( 'NONE',  ( -0.000000000000000000, 1.000000000000000000, -0.000000000000000000 ) ) ;
#889 = ADVANCED_FACE ( 'NONE', ( #1361 ), #4318, .T. ) ;
#890 = ORIENTED_EDGE ( 'NONE', *, *, #247, .T. ) ;
#891 = CARTESIAN_POINT ( 'NONE',  ( 4.700000000000001066, 0.4000000000000001887, 0.000000000000000000 ) ) ;
#892 = FACE_OUTER_BOUND ( 'NONE', #2921, .T. ) ;
#893 = DIRECTION ( 'NONE',  ( 0.000000000000000000, 1.000000000000000000, 0.000000000000000000 ) ) ;
#894 = CARTESIAN_POINT ( 'NONE',  ( -5.799999999999999822, -0.3499999999999996447, -1.439999999999999947 ) ) ;
#895 = EDGE_CURVE ( 'NONE', #2437, #1949, #4250, .T. ) ;
#896 =( NAMED_UNIT ( * ) PLANE_ANGLE_UNIT ( ) SI_UNIT ( $, .RADIAN. ) );
#897 = ORIENTED_EDGE ( 'NONE', *, *, #1712, .F. ) ;
#898 = ADVANCED_FACE ( 'NONE', ( #4207 ), #2045, .F. ) ;
#899 = LINE ( 'NONE', #3425, #2364 ) ;
#900 = DIRECTION ( 'NONE',  ( 0.000000000000000000, 0.000000000000000000, 1.000000000000000000 ) ) ;
#901 = DIRECTION ( 'NONE',  ( 0.000000000000000000, 0.000000000000000000, -1.000000000000000000 ) ) ;
#902 = DIRECTION ( 'NONE',  ( 0.000000000000000000, -0.000000000000000000, 1.000000000000000000 ) ) ;
#903 = DIRECTION ( 'NONE',  ( -0.000000000000000000, 1.000000000000000000, -0.000000000000000000 ) ) ;
#904 = EDGE_LOOP ( 'NONE', ( #1119, #1041, #3173, #3891 ) ) ;
#905 = EDGE_CURVE ( 'NONE', #4098, #1155, #4298, .T. ) ;
#906 = DIRECTION ( 'NONE',  ( 1.000000000000000000, -0.000000000000000000, 1.224646799147353207E-16 ) ) ;
#907 = DIRECTION ( 'NONE',  ( 0.000000000000000000, 1.000000000000000000, 0.000000000000000000 ) ) ;
#908 = VERTEX_POINT ( 'NONE', #3956 ) ;
#909 = DIRECTION ( 'NONE',  ( 0.000000000000000000, -1.000000000000000000, 0.000000000000000000 ) ) ;
#910 =( LENGTH_UNIT ( ) NAMED_UNIT ( * ) SI_UNIT ( .MILLI., .METRE. ) );
#911 = DIRECTION ( 'NONE',  ( 0.000000000000000000, 0.000000000000000000, 1.000000000000000000 ) ) ;
#912 = ORIENTED_EDGE ( 'NONE', *, *, #177, .F. ) ;
#913 = DIRECTION ( 'NONE',  ( 0.000000000000000000, 0.000000000000000000, 1.000000000000000000 ) ) ;
#914 = DIRECTION ( 'NONE',  ( -0.8660254037844415942, 0.000000000000000000, -0.4999999999999950040 ) ) ;
#915 = AXIS2_PLACEMENT_3D ( 'NONE', #3124, #1088, #2020 ) ;
#916 = DIRECTION ( 'NONE',  ( 0.000000000000000000, 1.000000000000000000, 0.000000000000000000 ) ) ;
#917 = AXIS2_PLACEMENT_3D ( 'NONE', #582, #907, #245 ) ;
#918 = ADVANCED_FACE ( 'NONE', ( #1278 ), #2816, .F. ) ;
#919 = CARTESIAN_POINT ( 'NONE',  ( 1.700000000000000178, 3.149999999999999911, 0.7999999999999986011 ) ) ;
#920 = ORIENTED_EDGE ( 'NONE', *, *, #2178, .T. ) ;
#921 = LINE ( 'NONE', #3250, #2372 ) ;
#922 = CARTESIAN_POINT ( 'NONE',  ( -4.299999999999999822, 3.509016994374947629, 0.000000000000000000 ) ) ;
#923 = CARTESIAN_POINT ( 'NONE',  ( 1.700000000000000178, -1.000000000000000000, 0.000000000000000000 ) ) ;
#924 = DIRECTION ( 'NONE',  ( 0.000000000000000000, 0.000000000000000000, -1.000000000000000000 ) ) ;
#925 = DIRECTION ( 'NONE',  ( -0.000000000000000000, -1.000000000000000000, -0.000000000000000000 ) ) ;
#926 = AXIS2_PLACEMENT_3D ( 'NONE', #3417, #1375, #1093 ) ;
#927 = AXIS2_PLACEMENT_3D ( 'NONE', #1160, #2143, #783 ) ;
#928 = VERTEX_POINT ( 'NONE', #1058 ) ;
#929 = FACE_OUTER_BOUND ( 'NONE', #433, .T. ) ;
#930 = CARTESIAN_POINT ( 'NONE',  ( -4.299999999999999822, -0.9499999999999997335, -0.2500000000000003886 ) ) ;
#931 = CARTESIAN_POINT ( 'NONE',  ( -7.804999999999999716, 3.050000000000001599, -9.558368267345090462E-16 ) ) ;
#932 = CARTESIAN_POINT ( 'NONE',  ( 4.700000000000001066, 2.649999999999999911, -0.7499999999999997780 ) ) ;
#933 = ORIENTED_EDGE ( 'NONE', *, *, #3674, .T. ) ;
#934 = DIRECTION ( 'NONE',  ( 0.000000000000000000, 0.000000000000000000, -1.000000000000000000 ) ) ;
#935 = PRODUCT ( '303C-321018-30-04', '303C-321018-30-04', '', ( #2856 ) ) ;
#936 = EDGE_CURVE ( 'NONE', #3186, #2599, #2731, .T. ) ;
#937 = CARTESIAN_POINT ( 'NONE',  ( 1.700000000000000178, 3.149999999999999911, -0.7999999999999986011 ) ) ;
#938 = AXIS2_PLACEMENT_3D ( 'NONE', #4200, #1563, #223 ) ;
#939 = EDGE_LOOP ( 'NONE', ( #60, #2294 ) ) ;
#940 = CARTESIAN_POINT ( 'NONE',  ( -5.799999999999999822, -0.3499999999999996447, -1.239999999999999547 ) ) ;
#941 = DIRECTION ( 'NONE',  ( -1.224646799147353207E-16, 0.000000000000000000, -1.000000000000000000 ) ) ;
#942 = FACE_BOUND ( 'NONE', #2873, .T. ) ;
#943 =( LENGTH_UNIT ( ) NAMED_UNIT ( * ) SI_UNIT ( .MILLI., .METRE. ) );
#944 = EDGE_CURVE ( 'NONE', #681, #3113, #4289, .T. ) ;
#945 = VERTEX_POINT ( 'NONE', #2325 ) ;
#946 = EDGE_CURVE ( 'NONE', #3037, #2853, #2842, .T. ) ;
#947 = CARTESIAN_POINT ( 'NONE',  ( -1.300000000000000044, 0.000000000000000000, 0.000000000000000000 ) ) ;
#948 = EDGE_CURVE ( 'NONE', #3684, #1693, #4229, .T. ) ;
#949 = AXIS2_PLACEMENT_3D ( 'NONE', #1500, #4172, #1191 ) ;
#950 = ADVANCED_FACE ( 'NONE', ( #2797 ), #1317, .T. ) ;
#951 = ORIENTED_EDGE ( 'NONE', *, *, #1597, .F. ) ;
#952 = DIRECTION ( 'NONE',  ( 0.000000000000000000, 0.000000000000000000, -1.000000000000000000 ) ) ;
#953 = CARTESIAN_POINT ( 'NONE',  ( -4.299999999999999822, 2.649999999999999911, -0.7499999999999997780 ) ) ;
#954 =( GEOMETRIC_REPRESENTATION_CONTEXT ( 3 ) GLOBAL_UNCERTAINTY_ASSIGNED_CONTEXT ( ( #3166 ) ) GLOBAL_UNIT_ASSIGNED_CONTEXT ( ( #691, #2037, #344 ) ) REPRESENTATION_CONTEXT ( 'NONE', 'WORKASPACE' ) );
#955 = ORIENTED_EDGE ( 'NONE', *, *, #2122, .F. ) ;
#956 = ADVANCED_FACE ( 'NONE', ( #2769 ), #3354, .F. ) ;
#957 = CARTESIAN_POINT ( 'NONE',  ( 8.195000000000000284, -0.9499999999999995115, 1.549999999999999822 ) ) ;
#958 = CARTESIAN_POINT ( 'NONE',  ( 1.700000000000000178, 3.100000000000000533, 0.7499999999999997780 ) ) ;
#959 = EDGE_LOOP ( 'NONE', ( #331, #3210, #2607, #3389 ) ) ;
#960 = CARTESIAN_POINT ( 'NONE',  ( 1.700000000000000178, 5.271320343559642296, -0.7499999999999997780 ) ) ;
#961 = CARTESIAN_POINT ( 'NONE',  ( 1.700000000000000178, 3.149999999999999911, 0.000000000000000000 ) ) ;
#962 = CIRCLE ( 'NONE', #1156, 1.599999999999996980 ) ;
#963 = CARTESIAN_POINT ( 'NONE',  ( 4.700000000000001066, 0.4000000000000001887, 0.000000000000000000 ) ) ;
#964 = VERTEX_POINT ( 'NONE', #866 ) ;
#965 = AXIS2_PLACEMENT_3D ( 'NONE', #3818, #1227, #2847 ) ;
#966 = DIRECTION ( 'NONE',  ( 0.000000000000000000, -0.000000000000000000, -1.000000000000000000 ) ) ;
#967 = AXIS2_PLACEMENT_3D ( 'NONE', #187, #2721, #3552 ) ;
#968 = DIRECTION ( 'NONE',  ( 0.000000000000000000, 1.000000000000000000, -0.000000000000000000 ) ) ;
#969 = DIRECTION ( 'NONE',  ( -0.000000000000000000, -1.000000000000000000, -0.000000000000000000 ) ) ;
#970 = ADVANCED_FACE ( 'NONE', ( #2737 ), #3590, .F. ) ;
#971 = ORIENTED_EDGE ( 'NONE', *, *, #988, .F. ) ;
#972 = DIRECTION ( 'NONE',  ( 0.000000000000000000, 0.000000000000000000, -1.000000000000000000 ) ) ;
#973 = EDGE_CURVE ( 'NONE', #2946, #314, #2804, .T. ) ;
#974 = ORIENTED_EDGE ( 'NONE', *, *, #563, .T. ) ;
#975 = CARTESIAN_POINT ( 'NONE',  ( 1.700000000000000178, 3.100000000000000533, -0.7499999999999997780 ) ) ;
#976 = CIRCLE ( 'NONE', #677, 0.7499999999999997780 ) ;
#977 =( LENGTH_UNIT ( ) NAMED_UNIT ( * ) SI_UNIT ( .MILLI., .METRE. ) );
#978 = ORIENTED_EDGE ( 'NONE', *, *, #3235, .F. ) ;
#979 = ADVANCED_FACE ( 'NONE', ( #1332 ), #2824, .T. ) ;
#980 = EDGE_CURVE ( 'NONE', #191, #3261, #1288, .T. ) ;
#981 = VERTEX_POINT ( 'NONE', #1532 ) ;
#982 = CARTESIAN_POINT ( 'NONE',  ( 8.195000000000000284, -0.8500000000000000888, 1.649999999999999689 ) ) ;
#983 = AXIS2_PLACEMENT_3D ( 'NONE', #3447, #3477, #966 ) ;
#984 = DIRECTION ( 'NONE',  ( 0.000000000000000000, -0.03489949670250105246, 0.9993908270190957621 ) ) ;
#986 =( LENGTH_UNIT ( ) NAMED_UNIT ( * ) SI_UNIT ( .MILLI., .METRE. ) );
#985 = FACE_OUTER_BOUND ( 'NONE', #1482, .T. ) ;
#987 = VECTOR ( 'NONE', #2374, 1000.000000000000000 ) ;
#988 = EDGE_CURVE ( 'NONE', #1107, #438, #4344, .T. ) ;
#989 = AXIS2_PLACEMENT_3D ( 'NONE', #3512, #4133, #518 ) ;
#990 = DIRECTION ( 'NONE',  ( 0.000000000000000000, -0.000000000000000000, 1.000000000000000000 ) ) ;
#991 = CARTESIAN_POINT ( 'NONE',  ( -5.949999999999998401, 0.4000000000000010214, -1.925999999999999934 ) ) ;
#992 = EDGE_LOOP ( 'NONE', ( #3467, #3455 ) ) ;
#993 = LINE ( 'NONE', #3969, #3961 ) ;
#994 = FACE_OUTER_BOUND ( 'NONE', #215, .T. ) ;
#995 = AXIS2_PLACEMENT_3D ( 'NONE', #3945, #2940, #2813 ) ;
#996 = DIRECTION ( 'NONE',  ( 0.000000000000000000, 0.000000000000000000, 1.000000000000000000 ) ) ;
#997 = DIRECTION ( 'NONE',  ( -0.000000000000000000, -1.000000000000000000, -0.000000000000000000 ) ) ;
#998 = AXIS2_PLACEMENT_3D ( 'NONE', #3085, #3116, #1367 ) ;
#999 = VERTEX_POINT ( 'NONE', #561 ) ;
#1000 = CARTESIAN_POINT ( 'NONE',  ( 4.700000000000001066, 3.100000000000000533, -0.7499999999999997780 ) ) ;
#1001 = CARTESIAN_POINT ( 'NONE',  ( 1.700000000000000178, -1.000000000000000000, -0.2000000000000003164 ) ) ;
#1002 = SURFACE_STYLE_FILL_AREA ( #3026 ) ;
#1003 = FACE_OUTER_BOUND ( 'NONE', #609, .T. ) ;
#1004 = DIRECTION ( 'NONE',  ( 0.000000000000000000, -0.000000000000000000, 1.000000000000000000 ) ) ;
#1005 = DIRECTION ( 'NONE',  ( -1.000000000000000000, 0.000000000000000000, 0.000000000000000000 ) ) ;
#1006 = DIRECTION ( 'NONE',  ( 0.000000000000000000, 0.000000000000000000, 1.000000000000000000 ) ) ;
#1007 = CLOSED_SHELL ( 'NONE', ( #1768, #519, #3135, #3970, #2584, #1883, #28, #1131, #3418, #3713, #3882, #1666, #876, #1050, #858, #1271, #4005, #2070, #3595, #1362, #3869, #2684, #1492, #1915, #490, #4197, #863, #196, #2953, #3296, #92, #3484, #2348, #366, #1377, #3658, #2396, #2779, #950, #1033, #2747, #956, #411, #2821, #1342, #4137, #1459, #3819, #3445, #2715, #3619, #3228, #1114, #2894, #2422, #3211, #2613, #970, #2284, #173, #2308, #2151, #4354, #3554, #4039, #1205, #4260, #3035, #918, #3744, #3649, #3012, #2246 ) ) ;
#1008 = DIRECTION ( 'NONE',  ( 0.000000000000000000, -0.000000000000000000, -1.000000000000000000 ) ) ;
#1009 = VECTOR ( 'NONE', #1821, 1000.000000000000000 ) ;
#1010 = FACE_BOUND ( 'NONE', #3206, .T. ) ;
#1011 = PRESENTATION_LAYER_ASSIGNMENT (  '', '', ( #2558 ) ) ;
#1012 = ORIENTED_EDGE ( 'NONE', *, *, #2540, .F. ) ;
#1013 = ADVANCED_FACE ( 'NONE', ( #4281 ), #4191, .T. ) ;
#1014 = CARTESIAN_POINT ( 'NONE',  ( 4.700000000000001066, 0.000000000000000000, -0.2500000000000003886 ) ) ;
#1015 = CARTESIAN_POINT ( 'NONE',  ( -7.804999999999999716, 3.050000000000000711, 1.399999999999998579 ) ) ;
#1016 = EDGE_CURVE ( 'NONE', #198, #3046, #2860, .T. ) ;
#1018 = CARTESIAN_POINT ( 'NONE',  ( -8.049999999999997158, 2.949999999999999734, -2.699999999999999289 ) ) ;
#1017 = SURFACE_STYLE_FILL_AREA ( #165 ) ;
#1019 = FACE_BOUND ( 'NONE', #2803, .T. ) ;
#1020 = CARTESIAN_POINT ( 'NONE',  ( -7.804999999999999716, 3.050000000000000711, -9.558368267345090462E-16 ) ) ;
#1021 = DIRECTION ( 'NONE',  ( 0.000000000000000000, 1.000000000000000000, 0.000000000000000000 ) ) ;
#1022 = AXIS2_PLACEMENT_3D ( 'NONE', #3068, #3441, #4077 ) ;
#1023 = ORIENTED_EDGE ( 'NONE', *, *, #317, .F. ) ;
#1024 = VECTOR ( 'NONE', #1265, 1000.000000000000000 ) ;
#1025 = FACE_OUTER_BOUND ( 'NONE', #46, .T. ) ;
#1026 = EDGE_CURVE ( 'NONE', #1155, #3398, #4272, .T. ) ;
#1027 = EDGE_CURVE ( 'NONE', #2882, #3254, #2834, .T. ) ;
#1028 = DIRECTION ( 'NONE',  ( 0.000000000000000000, 0.000000000000000000, 1.000000000000000000 ) ) ;
#1029 = DIRECTION ( 'NONE',  ( 0.000000000000000000, 1.000000000000000000, 0.000000000000000000 ) ) ;
#1030 = VERTEX_POINT ( 'NONE', #131 ) ;
#1031 = DIRECTION ( 'NONE',  ( 0.000000000000000000, 0.000000000000000000, 1.000000000000000000 ) ) ;
#1032 = DIRECTION ( 'NONE',  ( 0.000000000000000000, 0.000000000000000000, -1.000000000000000000 ) ) ;
#1033 = ADVANCED_FACE ( 'NONE', ( #1296 ), #843, .F. ) ;
#1034 = DIRECTION ( 'NONE',  ( 0.000000000000000000, 0.000000000000000000, 1.000000000000000000 ) ) ;
#1035 = CARTESIAN_POINT ( 'NONE',  ( -5.949999999999998401, 0.4000000000000010214, -1.925999999999999934 ) ) ;
#1036 = VERTEX_POINT ( 'NONE', #2198 ) ;
#1037 = DIRECTION ( 'NONE',  ( -0.000000000000000000, -1.000000000000000000, -0.000000000000000000 ) ) ;
#1038 = STYLED_ITEM ( 'NONE', ( #4163 ), #720 ) ;
#1039 = DIRECTION ( 'NONE',  ( 0.000000000000000000, 1.000000000000000000, 0.000000000000000000 ) ) ;
#1040 = VECTOR ( 'NONE', #2648, 1000.000000000000000 ) ;
#1041 = ORIENTED_EDGE ( 'NONE', *, *, #4079, .F. ) ;
#1042 = EDGE_CURVE ( 'NONE', #2776, #707, #1382, .T. ) ;
#1043 = CARTESIAN_POINT ( 'NONE',  ( -4.299999999999999822, 5.271320343559642296, 0.7499999999999997780 ) ) ;
#1044 = CARTESIAN_POINT ( 'NONE',  ( 4.950000000000001954, 1.049999999999998934, -0.9259999999999999343 ) ) ;
#1045 = AXIS2_PLACEMENT_3D ( 'NONE', #1333, #4002, #3047 ) ;
#1046 = CIRCLE ( 'NONE', #2389, 0.8999999999999994671 ) ;
#1047 = LINE ( 'NONE', #421, #2495 ) ;
#1048 =( LENGTH_UNIT ( ) NAMED_UNIT ( * ) SI_UNIT ( .MILLI., .METRE. ) );
#1049 = EDGE_LOOP ( 'NONE', ( #629, #3556, #2109, #2082, #3624, #3486, #25, #621, #97, #3492 ) ) ;
#1050 = ADVANCED_FACE ( 'NONE', ( #4311 ), #4213, .T. ) ;
#1051 = EDGE_CURVE ( 'NONE', #3113, #2408, #1408, .T. ) ;
#1052 = AXIS2_PLACEMENT_3D ( 'NONE', #2611, #2363, #2635 ) ;
#1053 = AXIS2_PLACEMENT_3D ( 'NONE', #1396, #2771, #3833 ) ;
#1054 = CIRCLE ( 'NONE', #1970, 1.499999999999999556 ) ;
#1055 = DIRECTION ( 'NONE',  ( -0.000000000000000000, 1.000000000000000000, -0.000000000000000000 ) ) ;
#1056 = CARTESIAN_POINT ( 'NONE',  ( -8.049999999999998934, 2.949999999999999734, 0.000000000000000000 ) ) ;
#1057 = ORIENTED_EDGE ( 'NONE', *, *, #3279, .T. ) ;
#1058 = CARTESIAN_POINT ( 'NONE',  ( -7.804999999999999716, 3.149999999999999911, 1.399999999999998579 ) ) ;
#1059 = AXIS2_PLACEMENT_3D ( 'NONE', #2808, #1882, #2149 ) ;
#1060 = CIRCLE ( 'NONE', #3957, 1.550000000000000488 ) ;
#1061 = CIRCLE ( 'NONE', #2490, 0.7499999999999997780 ) ;
#1062 = DIRECTION ( 'NONE',  ( 0.000000000000000000, -1.000000000000000000, 0.000000000000000000 ) ) ;
#1063 = DIRECTION ( 'NONE',  ( -0.000000000000000000, -1.000000000000000000, -0.000000000000000000 ) ) ;
#1064 = EDGE_LOOP ( 'NONE', ( #3224, #3294 ) ) ;
#1065 = CARTESIAN_POINT ( 'NONE',  ( -1.300000000000000044, 3.100000000000000089, 0.000000000000000000 ) ) ;
#1066 = AXIS2_PLACEMENT_3D ( 'NONE', #2763, #3878, #2215 ) ;
#1067 = LINE ( 'NONE', #683, #4045 ) ;
#1068 = ADVANCED_FACE ( 'NONE', ( #1340 ), #4223, .T. ) ;
#1069 = VERTEX_POINT ( 'NONE', #1163 ) ;
#1070 = CARTESIAN_POINT ( 'NONE',  ( -4.299999999999999822, 3.509016994374947629, 0.000000000000000000 ) ) ;
#1071 = CARTESIAN_POINT ( 'NONE',  ( 8.049999999999998934, 2.949999999999999734, 2.699999999999998845 ) ) ;
#1073 = DIRECTION ( 'NONE',  ( 0.000000000000000000, 1.000000000000000000, 0.000000000000000000 ) ) ;
#1072 = VECTOR ( 'NONE', #3192, 1000.000000000000000 ) ;
#1074 = CYLINDRICAL_SURFACE ( 'NONE', #1839, 0.7499999999999997780 ) ;
#1075 = CARTESIAN_POINT ( 'NONE',  ( -5.949999999999998401, 1.049999999999999822, -0.2632312247338903788 ) ) ;
#1076 = CARTESIAN_POINT ( 'NONE',  ( -5.949999999999998401, 1.049999999999999822, 0.2632312247338876032 ) ) ;
#1077 = VERTEX_POINT ( 'NONE', #4115 ) ;
#1078 = EDGE_CURVE ( 'NONE', #2853, #3037, #2788, .T. ) ;
#1079 = EDGE_CURVE ( 'NONE', #4188, #1155, #1304, .T. ) ;
#1080 = FACE_OUTER_BOUND ( 'NONE', #1931, .T. ) ;
#1081 = CARTESIAN_POINT ( 'NONE',  ( -8.049999999999998934, 2.949999999999999734, 2.899999999999999023 ) ) ;
#1082 = EDGE_CURVE ( 'NONE', #1693, #1745, #2762, .T. ) ;
#1083 = CARTESIAN_POINT ( 'NONE',  ( 8.049999999999998934, 2.149999999999999911, 0.000000000000000000 ) ) ;
#1084 = ORIENTED_EDGE ( 'NONE', *, *, #4337, .T. ) ;
#1085 = ADVANCED_FACE ( 'NONE', ( #1427 ), #2866, .T. ) ;
#1086 = DIRECTION ( 'NONE',  ( 0.000000000000000000, -0.000000000000000000, 1.000000000000000000 ) ) ;
#1087 = PRESENTATION_STYLE_ASSIGNMENT (( #2230 ) ) ;
#1088 = DIRECTION ( 'NONE',  ( -0.000000000000000000, -1.000000000000000000, -0.000000000000000000 ) ) ;
#1089 = EDGE_CURVE ( 'NONE', #3297, #1155, #4335, .T. ) ;
#1090 = MECHANICAL_DESIGN_GEOMETRIC_PRESENTATION_REPRESENTATION (  '', ( #145 ), #195 ) ;
#1091 = MANIFOLD_SOLID_BREP ( 'Fillet5', #3920 ) ;
#1092 = DIRECTION ( 'NONE',  ( 0.000000000000000000, -0.000000000000000000, 1.000000000000000000 ) ) ;
#1093 = DIRECTION ( 'NONE',  ( 0.000000000000000000, -0.000000000000000000, -1.000000000000000000 ) ) ;
#1094 = VERTEX_POINT ( 'NONE', #2100 ) ;
#1095 = FACE_BOUND ( 'NONE', #227, .T. ) ;
#1096 = LINE ( 'NONE', #1751, #3934 ) ;
#1097 = EDGE_LOOP ( 'NONE', ( #3602, #633, #1581, #3073 ) ) ;
#1098 = CARTESIAN_POINT ( 'NONE',  ( 8.195000000000000284, -0.8500000000000000888, -9.558368267345090462E-16 ) ) ;
#1099 = DIRECTION ( 'NONE',  ( -0.000000000000000000, 1.000000000000000000, -0.000000000000000000 ) ) ;
#1100 = CIRCLE ( 'NONE', #3507, 0.5000000000000004441 ) ;
#1101 = AXIS2_PLACEMENT_3D ( 'NONE', #2403, #1099, #2449 ) ;
#1102 = ORIENTED_EDGE ( 'NONE', *, *, #4165, .F. ) ;
#1103 = VECTOR ( 'NONE', #1667, 1000.000000000000000 ) ;
#1104 = AXIS2_PLACEMENT_3D ( 'NONE', #1977, #2658, #4263 ) ;
#1105 = DIRECTION ( 'NONE',  ( 0.000000000000000000, -0.000000000000000000, 1.000000000000000000 ) ) ;
#1106 = AXIS2_PLACEMENT_3D ( 'NONE', #1653, #868, #1167 ) ;
#1107 = VERTEX_POINT ( 'NONE', #1664 ) ;
#1108 = CARTESIAN_POINT ( 'NONE',  ( 1.700000000000000178, 3.149999999999999911, 0.000000000000000000 ) ) ;
#1109 = VECTOR ( 'NONE', #3612, 1000.000000000000000 ) ;
#1110 = DIRECTION ( 'NONE',  ( 0.000000000000000000, 1.000000000000000000, 0.000000000000000000 ) ) ;
#1111 = DIRECTION ( 'NONE',  ( 0.000000000000000000, 0.000000000000000000, -1.000000000000000000 ) ) ;
#1112 = DIRECTION ( 'NONE',  ( -0.000000000000000000, -1.000000000000000000, -0.000000000000000000 ) ) ;
#1113 = EDGE_LOOP ( 'NONE', ( #2074, #2135, #2945, #1562 ) ) ;
#1114 = ADVANCED_FACE ( 'NONE', ( #4374 ), #1518, .T. ) ;
#1115 = CARTESIAN_POINT ( 'NONE',  ( 1.700000000000000178, 0.000000000000000000, 0.000000000000000000 ) ) ;
#1116 = CARTESIAN_POINT ( 'NONE',  ( -4.299999999999999822, 3.149999999999999911, -0.7999999999999986011 ) ) ;
#1117 = CYLINDRICAL_SURFACE ( 'NONE', #1422, 0.2000000000000000944 ) ;
#1118 = EDGE_CURVE ( 'NONE', #2795, #3371, #2912, .T. ) ;
#1119 = ORIENTED_EDGE ( 'NONE', *, *, #1659, .F. ) ;
#1120 = AXIS2_PLACEMENT_3D ( 'NONE', #2302, #3929, #3664 ) ;
#1121 = DIRECTION ( 'NONE',  ( -0.000000000000000000, 1.000000000000000000, -0.000000000000000000 ) ) ;
#1122 = DIRECTION ( 'NONE',  ( 0.000000000000000000, 1.000000000000000000, 0.000000000000000000 ) ) ;
#1123 = CIRCLE ( 'NONE', #1484, 0.04999999999999991257 ) ;
#1124 = CARTESIAN_POINT ( 'NONE',  ( -7.804999999999999716, 2.649999999999999911, -9.558368267345090462E-16 ) ) ;
#1125 = EDGE_CURVE ( 'NONE', #1588, #1754, #1544, .T. ) ;
#1126 = ORIENTED_EDGE ( 'NONE', *, *, #3722, .F. ) ;
#1127 = EDGE_CURVE ( 'NONE', #639, #4312, #2973, .T. ) ;
#1128 = FACE_OUTER_BOUND ( 'NONE', #2478, .T. ) ;
#1129 = LINE ( 'NONE', #960, #2488 ) ;
#1130 = CARTESIAN_POINT ( 'NONE',  ( 1.700000000000000178, 0.000000000000000000, -0.2500000000000003886 ) ) ;
#1131 = ADVANCED_FACE ( 'NONE', ( #2961 ), #4365, .F. ) ;
#1132 = DIRECTION ( 'NONE',  ( -0.000000000000000000, -1.000000000000000000, -0.000000000000000000 ) ) ;
#1133 = ORIENTED_EDGE ( 'NONE', *, *, #860, .T. ) ;
#1134 = AXIS2_PLACEMENT_3D ( 'NONE', #1878, #1778, #525 ) ;
#1135 = CIRCLE ( 'NONE', #3778, 1.599999999999997202 ) ;
#1136 = CARTESIAN_POINT ( 'NONE',  ( -7.804999999999999716, 3.149999999999999911, -9.558368267345090462E-16 ) ) ;
#1137 = PLANE ( 'NONE',  #2528 ) ;
#1138 = DIRECTION ( 'NONE',  ( 0.000000000000000000, 0.000000000000000000, 1.000000000000000000 ) ) ;
#1139 = EDGE_LOOP ( 'NONE', ( #288, #1645, #3623, #4257 ) ) ;
#1140 = AXIS2_PLACEMENT_3D ( 'NONE', #1948, #200, #4178 ) ;
#1141 =( LENGTH_UNIT ( ) NAMED_UNIT ( * ) SI_UNIT ( .MILLI., .METRE. ) );
#1142 = DIRECTION ( 'NONE',  ( 0.000000000000000000, 0.000000000000000000, -1.000000000000000000 ) ) ;
#1143 = AXIS2_PLACEMENT_3D ( 'NONE', #20, #757, #2433 ) ;
#1144 = LINE ( 'NONE', #1536, #4044 ) ;
#1145 = CYLINDRICAL_SURFACE ( 'NONE', #4234, 0.8999999999999999112 ) ;
#1146 = UNCERTAINTY_MEASURE_WITH_UNIT (LENGTH_MEASURE( 1.000000000000000082E-05 ), #986, 'distance_accuracy_value', 'NONE');
#1147 = EDGE_LOOP ( 'NONE', ( #3001, #4161 ) ) ;
#1148 = ADVANCED_FACE ( 'NONE', ( #69 ), #1434, .T. ) ;
#1149 = CARTESIAN_POINT ( 'NONE',  ( 1.700000000000000178, 2.649999999999999911, 0.000000000000000000 ) ) ;
#1151 = CARTESIAN_POINT ( 'NONE',  ( -1.300000000000000044, 3.149999999999999911, 0.000000000000000000 ) ) ;
#1150 = CIRCLE ( 'NONE', #878, 0.2500000000000003886 ) ;
#1152 = CYLINDRICAL_SURFACE ( 'NONE', #4182, 2.899999999999999023 ) ;
#1153 = DIRECTION ( 'NONE',  ( 0.000000000000000000, 1.000000000000000000, 0.000000000000000000 ) ) ;
#1154 = CARTESIAN_POINT ( 'NONE',  ( 4.700000000000001066, 0.000000000000000000, 0.000000000000000000 ) ) ;
#1155 = VERTEX_POINT ( 'NONE', #1695 ) ;
#1156 = AXIS2_PLACEMENT_3D ( 'NONE', #1504, #483, #2417 ) ;
#1157 = DIRECTION ( 'NONE',  ( 0.000000000000000000, -1.000000000000000000, 0.000000000000000000 ) ) ;
#1158 = FACE_OUTER_BOUND ( 'NONE', #364, .T. ) ;
#1159 = CIRCLE ( 'NONE', #4286, 1.650000000000000577 ) ;
#1160 = CARTESIAN_POINT ( 'NONE',  ( 8.195000000000000284, 1.049999999999999822, -9.558368267345090462E-16 ) ) ;
#1161 = DIRECTION ( 'NONE',  ( -0.000000000000000000, -1.000000000000000000, -0.000000000000000000 ) ) ;
#1162 = EDGE_LOOP ( 'NONE', ( #4273, #2900, #2056, #1600 ) ) ;
#1163 = CARTESIAN_POINT ( 'NONE',  ( 1.700000000000000178, 2.649999999999999911, -0.7499999999999997780 ) ) ;
#1164 = TOROIDAL_SURFACE ( 'NONE', #1755, 1.550000000000000488, 0.1000000000000000056 ) ;
#1165 = FACE_OUTER_BOUND ( 'NONE', #3806, .T. ) ;
#1166 = DIRECTION ( 'NONE',  ( -0.000000000000000000, 1.000000000000000000, -0.000000000000000000 ) ) ;
#1167 = DIRECTION ( 'NONE',  ( 0.000000000000000000, -0.000000000000000000, 1.000000000000000000 ) ) ;
#1168 = DIRECTION ( 'NONE',  ( 0.000000000000000000, 0.000000000000000000, -1.000000000000000000 ) ) ;
#1169 = CARTESIAN_POINT ( 'NONE',  ( 4.950000000000001954, 0.4000000000000010214, -0.9259999999999999343 ) ) ;
#1170 = EDGE_LOOP ( 'NONE', ( #2021, #680, #2165, #43 ) ) ;
#1171 = EDGE_CURVE ( 'NONE', #71, #3274, #1528, .T. ) ;
#1172 = EDGE_CURVE ( 'NONE', #300, #1971, #3015, .T. ) ;
#1173 = CARTESIAN_POINT ( 'NONE',  ( 1.700000000000000178, -1.000000000000000000, 0.000000000000000000 ) ) ;
#1174 = FACE_OUTER_BOUND ( 'NONE', #2622, .T. ) ;
#1175 = SURFACE_STYLE_FILL_AREA ( #250 ) ;
#1176 = ADVANCED_FACE ( 'NONE', ( #1441 ), #3033, .T. ) ;
#1177 = CLOSED_SHELL ( 'NONE', ( #1683, #549, #1013, #1955, #1893, #2608, #139, #3159, #3963, #3525 ) ) ;
#1178 = CARTESIAN_POINT ( 'NONE',  ( -1.300000000000000044, 0.000000000000000000, -0.2500000000000003886 ) ) ;
#1179 = CARTESIAN_POINT ( 'NONE',  ( -1.300000000000000044, 3.509016994374947629, 0.000000000000000000 ) ) ;
#1180 = COLOUR_RGB ( '',1.000000000000000000, 0.8117647058823529438, 0.5019607843137254832 ) ;
#1181 = EDGE_CURVE ( 'NONE', #4153, #3007, #1490, .T. ) ;
#1182 = CARTESIAN_POINT ( 'NONE',  ( 1.700000000000000178, 3.100000000000000533, 0.000000000000000000 ) ) ;
#1183 = EDGE_LOOP ( 'NONE', ( #2520, #3031, #3865, #1578 ) ) ;
#1184 = ADVANCED_FACE ( 'NONE', ( #96 ), #1580, .T. ) ;
#1185 = DIRECTION ( 'NONE',  ( 0.000000000000000000, 0.000000000000000000, -1.000000000000000000 ) ) ;
#1186 = AXIS2_PLACEMENT_3D ( 'NONE', #3422, #4053, #660 ) ;
#1187 = LINE ( 'NONE', #1497, #4109 ) ;
#1188 = VECTOR ( 'NONE', #3059, 1000.000000000000000 ) ;
#1189 = CARTESIAN_POINT ( 'NONE',  ( 4.700000000000001066, 0.000000000000000000, -0.8999999999999994671 ) ) ;
#1190 = ORIENTED_EDGE ( 'NONE', *, *, #3739, .T. ) ;
#1191 = DIRECTION ( 'NONE',  ( 0.000000000000000000, 0.000000000000000000, 1.000000000000000000 ) ) ;
#1192 = VECTOR ( 'NONE', #263, 1000.000000000000000 ) ;
#1193 = FACE_OUTER_BOUND ( 'NONE', #1675, .T. ) ;
#1194 = DIRECTION ( 'NONE',  ( 0.000000000000000000, 0.000000000000000000, -1.000000000000000000 ) ) ;
#1195 = AXIS2_PLACEMENT_3D ( 'NONE', #2161, #4056, #2131 ) ;
#1196 = AXIS2_PLACEMENT_3D ( 'NONE', #2387, #699, #996 ) ;
#1197 = CARTESIAN_POINT ( 'NONE',  ( 8.049999999999998934, 3.149999999999999911, 0.000000000000000000 ) ) ;
#1198 = CARTESIAN_POINT ( 'NONE',  ( -1.300000000000000044, 3.100000000000000533, 0.000000000000000000 ) ) ;
#1199 = ORIENTED_EDGE ( 'NONE', *, *, #3977, .T. ) ;
#1200 = CARTESIAN_POINT ( 'NONE',  ( 8.195000000000000284, 1.049999999999999822, -9.558368267345090462E-16 ) ) ;
#1201 = CARTESIAN_POINT ( 'NONE',  ( -7.804999999999999716, -0.8500000000000000888, 1.549999999999999822 ) ) ;
#1202 = DIRECTION ( 'NONE',  ( 0.000000000000000000, 0.000000000000000000, 1.000000000000000000 ) ) ;
#1203 = FACE_OUTER_BOUND ( 'NONE', #3252, .T. ) ;
#1204 = AXIS2_PLACEMENT_3D ( 'NONE', #3091, #4068, #761 ) ;
#1205 = ADVANCED_FACE ( 'NONE', ( #1552 ), #1587, .F. ) ;
#1206 = AXIS2_PLACEMENT_3D ( 'NONE', #2939, #3703, #3971 ) ;
#1207 = VERTEX_POINT ( 'NONE', #4329 ) ;
#1208 = DIRECTION ( 'NONE',  ( 0.000000000000000000, 0.000000000000000000, -1.000000000000000000 ) ) ;
#1209 = EDGE_LOOP ( 'NONE', ( #897, #124, #134, #1489 ) ) ;
#1210 = DIRECTION ( 'NONE',  ( 0.000000000000000000, 0.000000000000000000, 1.000000000000000000 ) ) ;
#1211 =( NAMED_UNIT ( * ) SI_UNIT ( $, .STERADIAN. ) SOLID_ANGLE_UNIT ( ) );
#1212 = ORIENTED_EDGE ( 'NONE', *, *, #1659, .T. ) ;
#1213 = CARTESIAN_POINT ( 'NONE',  ( 8.205000000000000071, 3.050000000000002487, 1.500000000000000666 ) ) ;
#1214 = ORIENTED_EDGE ( 'NONE', *, *, #3661, .T. ) ;
#1215 = VECTOR ( 'NONE', #2837, 1000.000000000000000 ) ;
#1216 = CONICAL_SURFACE ( 'NONE', #1616, 0.2000000000000003164, 0.7853981633974467247 ) ;
#1217 = EDGE_CURVE ( 'NONE', #285, #1648, #1470, .T. ) ;
#1218 = CARTESIAN_POINT ( 'NONE',  ( -7.804999999999999716, 2.649999999999999911, 1.499999999999998668 ) ) ;
#1219 = CARTESIAN_POINT ( 'NONE',  ( -7.804999999999999716, 3.149999999999999911, -9.558368267345090462E-16 ) ) ;
#1220 = DIRECTION ( 'NONE',  ( 0.000000000000000000, 0.000000000000000000, 1.000000000000000000 ) ) ;
#1221 = AXIS2_PLACEMENT_3D ( 'NONE', #3746, #1037, #3693 ) ;
#1222 = DIRECTION ( 'NONE',  ( 0.000000000000000000, -0.000000000000000000, 1.000000000000000000 ) ) ;
#1223 = ORIENTED_EDGE ( 'NONE', *, *, #3949, .F. ) ;
#1224 = FACE_OUTER_BOUND ( 'NONE', #3285, .T. ) ;
#1225 = EDGE_CURVE ( 'NONE', #3221, #4198, #107, .T. ) ;
#1226 = DIRECTION ( 'NONE',  ( 0.000000000000000000, 0.000000000000000000, 1.000000000000000000 ) ) ;
#1227 = DIRECTION ( 'NONE',  ( 0.000000000000000000, 1.000000000000000000, 0.000000000000000000 ) ) ;
#1228 = ORIENTED_EDGE ( 'NONE', *, *, #2132, .T. ) ;
#1229 = DIRECTION ( 'NONE',  ( 0.000000000000000000, -1.000000000000000000, 0.000000000000000000 ) ) ;
#1230 = PLANE ( 'NONE',  #1847 ) ;
#1231 = ORIENTED_EDGE ( 'NONE', *, *, #4174, .F. ) ;
#1232 = FACE_OUTER_BOUND ( 'NONE', #1558, .T. ) ;
#1233 = CONICAL_SURFACE ( 'NONE', #2450, 0.2000000000000003164, 0.7853981633974467247 ) ;
#1234 = EDGE_LOOP ( 'NONE', ( #1322, #2242, #3796, #72 ) ) ;
#1235 = EDGE_CURVE ( 'NONE', #2995, #3860, #16, .T. ) ;
#1236 = ORIENTED_EDGE ( 'NONE', *, *, #2791, .F. ) ;
#1237 = CIRCLE ( 'NONE', #4196, 0.5000000000000004441 ) ;
#1238 = CARTESIAN_POINT ( 'NONE',  ( -8.049999999999997158, 2.149999999999999911, -2.899999999999999467 ) ) ;
#1239 = LINE ( 'NONE', #2206, #2682 ) ;
#1240 = CARTESIAN_POINT ( 'NONE',  ( 8.195000000000000284, 1.049999999999999822, 1.649999999999999689 ) ) ;
#1241 = VERTEX_POINT ( 'NONE', #514 ) ;
#1242 = FACE_OUTER_BOUND ( 'NONE', #1998, .T. ) ;
#1243 = LINE ( 'NONE', #1000, #2586 ) ;
#1244 = ADVANCED_FACE ( 'NONE', ( #123 ), #4380, .T. ) ;
#1245 = CARTESIAN_POINT ( 'NONE',  ( 4.950000000000001066, 0.4000000000000010214, 0.9259999999999999343 ) ) ;
#1246 = DIRECTION ( 'NONE',  ( -0.000000000000000000, -1.000000000000000000, -0.000000000000000000 ) ) ;
#1247 = ORIENTED_EDGE ( 'NONE', *, *, #2809, .F. ) ;
#1248 = ORIENTED_EDGE ( 'NONE', *, *, #4128, .F. ) ;
#1249 = CIRCLE ( 'NONE', #1805, 1.000000000000000000 ) ;
#1250 = AXIS2_PLACEMENT_3D ( 'NONE', #2719, #19, #1809 ) ;
#1251 = DIRECTION ( 'NONE',  ( -0.000000000000000000, 0.000000000000000000, -1.000000000000000000 ) ) ;
#1252 = DIRECTION ( 'NONE',  ( -0.000000000000000000, -1.000000000000000000, -0.000000000000000000 ) ) ;
#1253 = DIRECTION ( 'NONE',  ( 0.000000000000000000, 1.000000000000000000, 0.000000000000000000 ) ) ;
#1254 = ORIENTED_EDGE ( 'NONE', *, *, #1347, .F. ) ;
#1255 = LINE ( 'NONE', #3706, #2796 ) ;
#1256 = AXIS2_PLACEMENT_3D ( 'NONE', #4328, #984, #1358 ) ;
#1257 = ORIENTED_EDGE ( 'NONE', *, *, #2845, .T. ) ;
#1258 = DIRECTION ( 'NONE',  ( 1.000000000000000000, 0.000000000000000000, 0.000000000000000000 ) ) ;
#1259 = CARTESIAN_POINT ( 'NONE',  ( -1.300000000000000044, -5.695584412271569974, 0.000000000000000000 ) ) ;
#1260 = MANIFOLD_SOLID_BREP ( 'Fillet4', #2445 ) ;
#1261 = EDGE_CURVE ( 'NONE', #945, #3186, #225, .T. ) ;
#1262 = CARTESIAN_POINT ( 'NONE',  ( 4.700000000000001066, 0.000000000000000000, 0.2500000000000003886 ) ) ;
#1263 = VERTEX_POINT ( 'NONE', #2862 ) ;
#1264 = FACE_OUTER_BOUND ( 'NONE', #4366, .T. ) ;
#1265 = DIRECTION ( 'NONE',  ( -0.000000000000000000, 1.000000000000000000, -0.000000000000000000 ) ) ;
#1266 = DIRECTION ( 'NONE',  ( 0.000000000000000000, 0.000000000000000000, -1.000000000000000000 ) ) ;
#1267 = EDGE_CURVE ( 'NONE', #163, #3844, #1643, .T. ) ;
#1268 = ORIENTED_EDGE ( 'NONE', *, *, #2637, .T. ) ;
#1269 = VECTOR ( 'NONE', #416, 1000.000000000000000 ) ;
#1270 = VECTOR ( 'NONE', #4067, 1000.000000000000000 ) ;
#1271 = ADVANCED_FACE ( 'NONE', ( #1674 ), #1812, .F. ) ;
#1272 = EDGE_CURVE ( 'NONE', #4153, #2917, #1747, .T. ) ;
#1273 = CARTESIAN_POINT ( 'NONE',  ( 4.950000000000001066, 1.049999999999998934, 0.9259999999999999343 ) ) ;
#1274 = CARTESIAN_POINT ( 'NONE',  ( -1.300000000000000044, 2.649999999999999911, 0.000000000000000000 ) ) ;
#1275 = DIRECTION ( 'NONE',  ( -0.000000000000000000, -1.000000000000000000, -0.000000000000000000 ) ) ;
#1276 = ORIENTED_EDGE ( 'NONE', *, *, #2773, .F. ) ;
#1277 = LINE ( 'NONE', #1859, #1303 ) ;
#1278 = FACE_OUTER_BOUND ( 'NONE', #222, .T. ) ;
#1279 = EDGE_CURVE ( 'NONE', #1779, #116, #1720, .T. ) ;
#1280 = AXIS2_PLACEMENT_3D ( 'NONE', #3714, #3380, #3021 ) ;
#1281 = DIRECTION ( 'NONE',  ( -0.000000000000000000, 1.000000000000000000, -0.000000000000000000 ) ) ;
#1282 = ORIENTED_EDGE ( 'NONE', *, *, #3086, .F. ) ;
#1283 = LINE ( 'NONE', #1634, #4228 ) ;
#1284 = CARTESIAN_POINT ( 'NONE',  ( -5.949999999999998401, -14.85791365496260497, -0.2632312247338899902 ) ) ;
#1285 = AXIS2_PLACEMENT_3D ( 'NONE', #2669, #997, #3737 ) ;
#1286 = SURFACE_SIDE_STYLE ('',( #1976 ) ) ;
#1287 = ORIENTED_EDGE ( 'NONE', *, *, #4175, .T. ) ;
#1288 = CIRCLE ( 'NONE', #1561, 1.500000000000000666 ) ;
#1289 = DIRECTION ( 'NONE',  ( -0.000000000000000000, 0.000000000000000000, 1.000000000000000000 ) ) ;
#1290 = AXIS2_PLACEMENT_3D ( 'NONE', #324, #3585, #2897 ) ;
#1291 = CARTESIAN_POINT ( 'NONE',  ( 4.700000000000001066, -1.000000000000000000, 0.000000000000000000 ) ) ;
#1292 = EDGE_CURVE ( 'NONE', #4378, #3398, #372, .T. ) ;
#1293 = AXIS2_PLACEMENT_3D ( 'NONE', #1151, #2244, #3283 ) ;
#1294 = ORIENTED_EDGE ( 'NONE', *, *, #2122, .T. ) ;
#1295 = LINE ( 'NONE', #387, #2751 ) ;
#1296 = FACE_OUTER_BOUND ( 'NONE', #2927, .T. ) ;
#1297 = AXIS2_PLACEMENT_3D ( 'NONE', #3894, #2289, #137 ) ;
#1298 = DIRECTION ( 'NONE',  ( -0.000000000000000000, -1.000000000000000000, -0.000000000000000000 ) ) ;
#1299 = PRESENTATION_LAYER_ASSIGNMENT (  '', '', ( #290 ) ) ;
#1300 = DIRECTION ( 'NONE',  ( 0.000000000000000000, 0.000000000000000000, 1.000000000000000000 ) ) ;
#1301 = DIRECTION ( 'NONE',  ( 0.000000000000000000, 0.000000000000000000, 1.000000000000000000 ) ) ;
#1302 = ORIENTED_EDGE ( 'NONE', *, *, #2781, .F. ) ;
#1303 = VECTOR ( 'NONE', #3271, 1000.000000000000000 ) ;
#1304 = LINE ( 'NONE', #1816, #1392 ) ;
#1305 = ADVANCED_FACE ( 'NONE', ( #3125 ), #3176, .T. ) ;
#1306 = CARTESIAN_POINT ( 'NONE',  ( -1.300000000000000044, 3.149999999999999911, 0.000000000000000000 ) ) ;
#1307 = ORIENTED_EDGE ( 'NONE', *, *, #1042, .F. ) ;
#1308 = DIRECTION ( 'NONE',  ( 1.000000000000000000, -0.000000000000000000, 0.000000000000000000 ) ) ;
#1309 = EDGE_CURVE ( 'NONE', #2578, #2079, #3102, .T. ) ;
#1310 = ORIENTED_EDGE ( 'NONE', *, *, #1865, .T. ) ;
#1311 = DIRECTION ( 'NONE',  ( 0.000000000000000000, 0.000000000000000000, 1.000000000000000000 ) ) ;
#1312 = DIRECTION ( 'NONE',  ( 0.000000000000000000, -0.000000000000000000, 1.000000000000000000 ) ) ;
#1313 = CARTESIAN_POINT ( 'NONE',  ( -4.299999999999999822, -1.000000000000000000, 0.2000000000000003164 ) ) ;
#1314 = AXIS2_PLACEMENT_3D ( 'NONE', #2444, #2757, #3311 ) ;
#1315 = ORIENTED_EDGE ( 'NONE', *, *, #756, .F. ) ;
#1316 = PRESENTATION_STYLE_ASSIGNMENT (( #4108 ) ) ;
#1317 = CONICAL_SURFACE ( 'NONE', #400, 2.026000000000002021, 0.03490658503988666728 ) ;
#1318 = CARTESIAN_POINT ( 'NONE',  ( -7.804999999999999716, -0.9499999999999995115, -9.558368267345090462E-16 ) ) ;
#1319 = CARTESIAN_POINT ( 'NONE',  ( -4.069999999999999396, 0.4000000000000001887, 1.925999999999999934 ) ) ;
#1320 = ORIENTED_EDGE ( 'NONE', *, *, #2799, .T. ) ;
#1321 = EDGE_CURVE ( 'NONE', #3191, #1843, #265, .T. ) ;
#1322 = ORIENTED_EDGE ( 'NONE', *, *, #65, .F. ) ;
#1323 = ORIENTED_EDGE ( 'NONE', *, *, #2799, .F. ) ;
#1324 = DIRECTION ( 'NONE',  ( -0.000000000000000000, -1.000000000000000000, -0.000000000000000000 ) ) ;
#1325 = AXIS2_PLACEMENT_3D ( 'NONE', #1070, #440, #2685 ) ;
#1326 = DIRECTION ( 'NONE',  ( 0.000000000000000000, 1.000000000000000000, 0.000000000000000000 ) ) ;
#1327 = SURFACE_STYLE_USAGE ( .BOTH. , #442 ) ;
#1328 = EDGE_CURVE ( 'NONE', #1840, #1971, #3275, .T. ) ;
#1329 = CARTESIAN_POINT ( 'NONE',  ( 4.700000000000001066, 3.149999999999999911, 0.7999999999999986011 ) ) ;
#1330 = ORIENTED_EDGE ( 'NONE', *, *, #1597, .T. ) ;
#1331 = CARTESIAN_POINT ( 'NONE',  ( -8.049999999999998934, 3.149999999999999911, 2.699999999999998845 ) ) ;
#1332 = FACE_OUTER_BOUND ( 'NONE', #326, .T. ) ;
#1333 = CARTESIAN_POINT ( 'NONE',  ( -7.804999999999999716, -0.8500000000000000888, -9.558368267345090462E-16 ) ) ;
#1334 = DIRECTION ( 'NONE',  ( -0.000000000000000000, 1.000000000000000000, -0.000000000000000000 ) ) ;
#1335 = ORIENTED_EDGE ( 'NONE', *, *, #1898, .F. ) ;
#1336 = AXIS2_PLACEMENT_3D ( 'NONE', #2291, #3871, #2582 ) ;
#1337 = DIRECTION ( 'NONE',  ( 0.000000000000000000, 0.000000000000000000, 1.000000000000000000 ) ) ;
#1338 = ORIENTED_EDGE ( 'NONE', *, *, #2956, .T. ) ;
#1339 = CARTESIAN_POINT ( 'NONE',  ( -1.300000000000000044, 2.950000000000000178, 0.000000000000000000 ) ) ;
#1340 = FACE_OUTER_BOUND ( 'NONE', #319, .T. ) ;
#1341 = ORIENTED_EDGE ( 'NONE', *, *, #3456, .T. ) ;
#1342 = ADVANCED_FACE ( 'NONE', ( #1698 ), #3544, .F. ) ;
#1343 = CARTESIAN_POINT ( 'NONE',  ( -1.300000000000000044, 2.649999999999999911, 0.000000000000000000 ) ) ;
#1344 = DIRECTION ( 'NONE',  ( 0.000000000000000000, 1.000000000000000000, 0.000000000000000000 ) ) ;
#1345 = DIRECTION ( 'NONE',  ( 0.000000000000000000, 0.000000000000000000, 1.000000000000000000 ) ) ;
#1346 = ORIENTED_EDGE ( 'NONE', *, *, #1042, .T. ) ;
#1347 = EDGE_CURVE ( 'NONE', #116, #1779, #3114, .T. ) ;
#1348 = DIRECTION ( 'NONE',  ( 0.000000000000000000, 0.000000000000000000, 1.000000000000000000 ) ) ;
#1349 = VERTEX_POINT ( 'NONE', #2189 ) ;
#1350 = DIRECTION ( 'NONE',  ( 0.000000000000000000, 1.000000000000000000, 0.000000000000000000 ) ) ;
#1351 = MECHANICAL_DESIGN_GEOMETRIC_PRESENTATION_REPRESENTATION (  '', ( #2558 ), #3069 ) ;
#1352 = STYLED_ITEM ( 'NONE', ( #21 ), #2287 ) ;
#1353 = CLOSED_SHELL ( 'NONE', ( #3058, #3340, #2854, #3180, #2183, #4 ) ) ;
#1354 = FACE_OUTER_BOUND ( 'NONE', #202, .T. ) ;
#1355 = AXIS2_PLACEMENT_3D ( 'NONE', #2551, #3943, #2600 ) ;
#1356 = VERTEX_POINT ( 'NONE', #1609 ) ;
#1357 = CARTESIAN_POINT ( 'NONE',  ( -1.299999999999999822, -5.695584412271569974, -0.8999999999999999112 ) ) ;
#1358 = DIRECTION ( 'NONE',  ( 0.000000000000000000, -0.9993908270190956511, -0.03489949670250104552 ) ) ;
#1359 = DIRECTION ( 'NONE',  ( -1.000000000000000000, 0.000000000000000000, 0.000000000000000000 ) ) ;
#1360 = EDGE_LOOP ( 'NONE', ( #2954, #820, #2710, #3780 ) ) ;
#1361 = FACE_OUTER_BOUND ( 'NONE', #2716, .T. ) ;
#1362 = ADVANCED_FACE ( 'NONE', ( #3201 ), #1704, .F. ) ;
#1363 =( NAMED_UNIT ( * ) SI_UNIT ( $, .STERADIAN. ) SOLID_ANGLE_UNIT ( ) );
#1364 = ORIENTED_EDGE ( 'NONE', *, *, #377, .T. ) ;
#1365 = EDGE_CURVE ( 'NONE', #285, #121, #1688, .T. ) ;
#1366 = EDGE_CURVE ( 'NONE', #1818, #1754, #3140, .T. ) ;
#1367 = DIRECTION ( 'NONE',  ( 0.000000000000000000, 0.000000000000000000, 1.000000000000000000 ) ) ;
#1368 = VERTEX_POINT ( 'NONE', #2044 ) ;
#1369 = VERTEX_POINT ( 'NONE', #3088 ) ;
#1370 = AXIS2_PLACEMENT_3D ( 'NONE', #1245, #2459, #3863 ) ;
#1371 = DIRECTION ( 'NONE',  ( 0.000000000000000000, 1.000000000000000000, 0.000000000000000000 ) ) ;
#1372 = DIRECTION ( 'NONE',  ( -0.000000000000000000, 1.000000000000000000, -0.000000000000000000 ) ) ;
#1373 = ORIENTED_EDGE ( 'NONE', *, *, #3132, .T. ) ;
#1374 =( NAMED_UNIT ( * ) SI_UNIT ( $, .STERADIAN. ) SOLID_ANGLE_UNIT ( ) );
#1375 = DIRECTION ( 'NONE',  ( 0.000000000000000000, -1.000000000000000000, 0.000000000000000000 ) ) ;
#1376 = ORIENTED_EDGE ( 'NONE', *, *, #2966, .F. ) ;
#1377 = ADVANCED_FACE ( 'NONE', ( #1680 ), #298, .T. ) ;
#1378 = CARTESIAN_POINT ( 'NONE',  ( -8.000000000000000000, 2.149999999999999911, -2.026000000000002021 ) ) ;
#1379 = EDGE_CURVE ( 'NONE', #71, #1716, #308, .T. ) ;
#1380 = EDGE_LOOP ( 'NONE', ( #978, #3289, #1877, #1057, #3974 ) ) ;
#1381 = FACE_OUTER_BOUND ( 'NONE', #1662, .T. ) ;
#1382 = CIRCLE ( 'NONE', #2916, 0.2000000000000003164 ) ;
#1383 = MECHANICAL_DESIGN_GEOMETRIC_PRESENTATION_REPRESENTATION (  '', ( #4180 ), #1792 ) ;
#1384 = ORIENTED_EDGE ( 'NONE', *, *, #1557, .T. ) ;
#1385 = EDGE_CURVE ( 'NONE', #163, #1534, #252, .T. ) ;
#1386 = DIRECTION ( 'NONE',  ( -0.000000000000000000, -1.000000000000000000, -0.000000000000000000 ) ) ;
#1387 = CARTESIAN_POINT ( 'NONE',  ( -8.000000000000000000, 1.049999999999999822, -1.987587153559079889 ) ) ;
#1388 = DIRECTION ( 'NONE',  ( 0.000000000000000000, 0.000000000000000000, 1.000000000000000000 ) ) ;
#1389 = ORIENTED_EDGE ( 'NONE', *, *, #2850, .F. ) ;
#1390 = CARTESIAN_POINT ( 'NONE',  ( 8.195000000000000284, -0.9499999999999995115, -9.558368267345090462E-16 ) ) ;
#1391 = CYLINDRICAL_SURFACE ( 'NONE', #823, 1.000000000000000000 ) ;
#1392 = VECTOR ( 'NONE', #45, 1000.000000000000000 ) ;
#1393 = ORIENTED_EDGE ( 'NONE', *, *, #1309, .T. ) ;
#1394 = AXIS2_PLACEMENT_3D ( 'NONE', #2714, #718, #690 ) ;
#1395 = AXIS2_PLACEMENT_3D ( 'NONE', #637, #4306, #318 ) ;
#1396 = CARTESIAN_POINT ( 'NONE',  ( 8.195000000000000284, -9.716904755831215823, -9.558368267345090462E-16 ) ) ;
#1397 = ORIENTED_EDGE ( 'NONE', *, *, #1457, .F. ) ;
#1398 = DIRECTION ( 'NONE',  ( 0.000000000000000000, 0.7071067811865536790, 0.7071067811865414665 ) ) ;
#1399 = VECTOR ( 'NONE', #1647, 1000.000000000000000 ) ;
#1400 = ADVANCED_FACE ( 'NONE', ( #1776 ), #260, .T. ) ;
#1401 = ORIENTED_EDGE ( 'NONE', *, *, #3075, .F. ) ;
#1402 = AXIS2_PLACEMENT_3D ( 'NONE', #4252, #3255, #3641 ) ;
#1403 = DIRECTION ( 'NONE',  ( -0.000000000000000000, 1.000000000000000000, -0.000000000000000000 ) ) ;
#1404 = AXIS2_PLACEMENT_3D ( 'NONE', #2676, #764, #3384 ) ;
#1405 = DIRECTION ( 'NONE',  ( -0.000000000000000000, -1.000000000000000000, -0.000000000000000000 ) ) ;
#1406 = ORIENTED_EDGE ( 'NONE', *, *, #144, .T. ) ;
#1407 = CYLINDRICAL_SURFACE ( 'NONE', #995, 0.2500000000000003886 ) ;
#1408 = CIRCLE ( 'NONE', #1134, 1.000000000000000000 ) ;
#1409 = DIRECTION ( 'NONE',  ( 0.000000000000000000, -0.000000000000000000, 1.000000000000000000 ) ) ;
#1410 = CARTESIAN_POINT ( 'NONE',  ( 8.049999999999998934, 3.149999999999999911, 2.699999999999998845 ) ) ;
#1411 = ORIENTED_EDGE ( 'NONE', *, *, #3476, .F. ) ;
#1412 = CARTESIAN_POINT ( 'NONE',  ( 5.950000000000001954, -14.85791365496260497, 0.9259999999999999343 ) ) ;
#1413 = AXIS2_PLACEMENT_3D ( 'NONE', #2160, #1121, #1837 ) ;
#1414 = CARTESIAN_POINT ( 'NONE',  ( -1.300000000000000044, -1.000000000000000000, 0.000000000000000000 ) ) ;
#1415 = ORIENTED_EDGE ( 'NONE', *, *, #2933, .F. ) ;
#1416 = COLOUR_RGB ( '',0.7921568627450980005, 0.8196078431372548767, 0.9333333333333333481 ) ;
#1417 = EDGE_CURVE ( 'NONE', #1840, #2193, #3185, .T. ) ;
#1418 = ORIENTED_EDGE ( 'NONE', *, *, #4175, .F. ) ;
#1419 = ADVANCED_FACE ( 'NONE', ( #273 ), #286, .T. ) ;
#1420 = DIRECTION ( 'NONE',  ( 0.000000000000000000, 0.000000000000000000, -1.000000000000000000 ) ) ;
#1421 = CARTESIAN_POINT ( 'NONE',  ( 1.700000000000000178, 3.100000000000000089, -0.6999999999999997335 ) ) ;
#1422 = AXIS2_PLACEMENT_3D ( 'NONE', #188, #3938, #4255 ) ;
#1423 = EDGE_CURVE ( 'NONE', #1777, #945, #1654, .T. ) ;
#1424 = EDGE_LOOP ( 'NONE', ( #743, #2910, #833, #149 ) ) ;
#1425 = PLANE ( 'NONE',  #3834 ) ;
#1426 = VECTOR ( 'NONE', #3272, 999.9999999999998863 ) ;
#1427 = FACE_OUTER_BOUND ( 'NONE', #2187, .T. ) ;
#1428 = CARTESIAN_POINT ( 'NONE',  ( -7.804999999999999716, 3.149999999999999911, -9.558368267345090462E-16 ) ) ;
#1429 = CARTESIAN_POINT ( 'NONE',  ( -4.299999999999999822, 3.100000000000000089, 0.000000000000000000 ) ) ;
#1430 = AXIS2_PLACEMENT_3D ( 'NONE', #840, #595, #3187 ) ;
#1431 = ORIENTED_EDGE ( 'NONE', *, *, #3576, .F. ) ;
#1432 = DIRECTION ( 'NONE',  ( 0.000000000000000000, -0.000000000000000000, 1.000000000000000000 ) ) ;
#1433 = VECTOR ( 'NONE', #2046, 1000.000000000000000 ) ;
#1434 = TOROIDAL_SURFACE ( 'NONE', #3991, 1.399999999999999467, 0.1000000000000000056 ) ;
#1435 = ORIENTED_EDGE ( 'NONE', *, *, #101, .T. ) ;
#1436 = DIRECTION ( 'NONE',  ( 0.000000000000000000, 0.000000000000000000, -1.000000000000000000 ) ) ;
#1437 = DIRECTION ( 'NONE',  ( 0.000000000000000000, 1.000000000000000000, -0.000000000000000000 ) ) ;
#1438 = EDGE_CURVE ( 'NONE', #3684, #1804, #1793, .T. ) ;
#1439 = ORIENTED_EDGE ( 'NONE', *, *, #4350, .F. ) ;
#1440 = FACE_OUTER_BOUND ( 'NONE', #399, .T. ) ;
#1441 = FACE_OUTER_BOUND ( 'NONE', #1701, .T. ) ;
#1442 = CARTESIAN_POINT ( 'NONE',  ( 1.700000000000000178, -1.000000000000000000, 0.2000000000000003164 ) ) ;
#1443 = EDGE_LOOP ( 'NONE', ( #4147, #3174, #3501, #3508 ) ) ;
#1444 = CARTESIAN_POINT ( 'NONE',  ( 1.700000000000000178, 2.649999999999999911, 0.000000000000000000 ) ) ;
#1445 = EDGE_LOOP ( 'NONE', ( #4220, #1401, #1475, #267 ) ) ;
#1446 = CARTESIAN_POINT ( 'NONE',  ( -1.300000000000000044, -0.9499999999999997335, 0.2500000000000003886 ) ) ;
#1447 = VERTEX_POINT ( 'NONE', #3018 ) ;
#1448 = CIRCLE ( 'NONE', #2512, 2.899999999999999023 ) ;
#1449 = ORIENTED_EDGE ( 'NONE', *, *, #887, .T. ) ;
#1450 = DIRECTION ( 'NONE',  ( -0.000000000000000000, -1.000000000000000000, -0.000000000000000000 ) ) ;
#1451 = DIRECTION ( 'NONE',  ( 0.8660254037844418162, 0.000000000000000000, -0.4999999999999946154 ) ) ;
#1452 = AXIS2_PLACEMENT_3D ( 'NONE', #2080, #481, #3718 ) ;
#1453 = ORIENTED_EDGE ( 'NONE', *, *, #247, .F. ) ;
#1454 = DIRECTION ( 'NONE',  ( 8.659560562354920532E-17, 0.7071067811865486830, -0.7071067811865464625 ) ) ;
#1455 = SURFACE_STYLE_FILL_AREA ( #3681 ) ;
#1456 = ORIENTED_EDGE ( 'NONE', *, *, #1279, .T. ) ;
#1457 = EDGE_CURVE ( 'NONE', #1834, #4198, #3107, .T. ) ;
#1458 = DIRECTION ( 'NONE',  ( -0.000000000000000000, -0.000000000000000000, -1.000000000000000000 ) ) ;
#1459 = ADVANCED_FACE ( 'NONE', ( #3220 ), #1756, .T. ) ;
#1460 = CARTESIAN_POINT ( 'NONE',  ( -1.299999999999999822, 0.4000000000000001887, -0.8999999999999999112 ) ) ;
#1461 = DIRECTION ( 'NONE',  ( 0.000000000000000000, 0.000000000000000000, 1.000000000000000000 ) ) ;
#1462 = ORIENTED_EDGE ( 'NONE', *, *, #4174, .T. ) ;
#1463 = PRESENTATION_STYLE_ASSIGNMENT (( #849 ) ) ;
#1464 = AXIS2_PLACEMENT_3D ( 'NONE', #3986, #1617, #1034 ) ;
#1465 = ORIENTED_EDGE ( 'NONE', *, *, #1089, .T. ) ;
#1466 = DIRECTION ( 'NONE',  ( 0.000000000000000000, 0.000000000000000000, 1.000000000000000000 ) ) ;
#1467 = CARTESIAN_POINT ( 'NONE',  ( 1.700000000000000178, 3.100000000000000089, 0.7499999999999997780 ) ) ;
#1468 = VECTOR ( 'NONE', #2580, 1000.000000000000114 ) ;
#1469 = VERTEX_POINT ( 'NONE', #2695 ) ;
#1470 = LINE ( 'NONE', #2790, #3009 ) ;
#1471 = AXIS2_PLACEMENT_3D ( 'NONE', #8, #3730, #688 ) ;
#1472 = DIRECTION ( 'NONE',  ( 0.000000000000000000, 0.000000000000000000, 1.000000000000000000 ) ) ;
#1473 = ORIENTED_EDGE ( 'NONE', *, *, #439, .F. ) ;
#1474 =( NAMED_UNIT ( * ) PLANE_ANGLE_UNIT ( ) SI_UNIT ( $, .RADIAN. ) );
#1475 = ORIENTED_EDGE ( 'NONE', *, *, #3651, .T. ) ;
#1476 =( NAMED_UNIT ( * ) PLANE_ANGLE_UNIT ( ) SI_UNIT ( $, .RADIAN. ) );
#1477 = CARTESIAN_POINT ( 'NONE',  ( 4.700000000000001066, 3.149999999999999911, 0.000000000000000000 ) ) ;
#1478 = EDGE_CURVE ( 'NONE', #4378, #4188, #1739, .T. ) ;
#1479 = LINE ( 'NONE', #103, #91 ) ;
#1480 = ORIENTED_EDGE ( 'NONE', *, *, #322, .T. ) ;
#1481 = ADVANCED_FACE ( 'NONE', ( #3232 ), #1766, .T. ) ;
#1482 = EDGE_LOOP ( 'NONE', ( #2019, #3678, #1287, #3665 ) ) ;
#1483 = ORIENTED_EDGE ( 'NONE', *, *, #1051, .T. ) ;
#1484 = AXIS2_PLACEMENT_3D ( 'NONE', #940, #158, #913 ) ;
#1485 = CARTESIAN_POINT ( 'NONE',  ( 8.205000000000000071, 3.050000000000002487, -4.898587196589386574E-17 ) ) ;
#1486 = DIRECTION ( 'NONE',  ( 1.000000000000000000, 0.000000000000000000, 0.000000000000000000 ) ) ;
#1487 = CIRCLE ( 'NONE', #2881, 0.7499999999999997780 ) ;
#1488 = EDGE_CURVE ( 'NONE', #3204, #1349, #3243, .T. ) ;
#1489 = ORIENTED_EDGE ( 'NONE', *, *, #944, .F. ) ;
#1490 = LINE ( 'NONE', #415, #77 ) ;
#1491 = ORIENTED_EDGE ( 'NONE', *, *, #805, .F. ) ;
#1492 = ADVANCED_FACE ( 'NONE', ( #1783 ), #217, .F. ) ;
#1493 = DIRECTION ( 'NONE',  ( 0.000000000000000000, 0.000000000000000000, 1.000000000000000000 ) ) ;
#1494 = DIRECTION ( 'NONE',  ( 0.000000000000000000, -0.000000000000000000, -1.000000000000000000 ) ) ;
#1495 = CYLINDRICAL_SURFACE ( 'NONE', #3117, 1.499999999999999556 ) ;
#1496 = ORIENTED_EDGE ( 'NONE', *, *, #698, .T. ) ;
#1497 = CARTESIAN_POINT ( 'NONE',  ( -4.299999999999999822, -5.695584412271569974, -0.8999999999999999112 ) ) ;
#1498 = ORIENTED_EDGE ( 'NONE', *, *, #144, .F. ) ;
#1499 = ADVANCED_FACE ( 'NONE', ( #1822 ), #1832, .T. ) ;
#1500 = CARTESIAN_POINT ( 'NONE',  ( -1.300000000000000044, 2.649999999999999911, 0.000000000000000000 ) ) ;
#1501 = DIRECTION ( 'NONE',  ( 0.000000000000000000, 1.000000000000000000, 0.000000000000000000 ) ) ;
#1502 = LINE ( 'NONE', #2371, #2958 ) ;
#1503 = VERTEX_POINT ( 'NONE', #4113 ) ;
#1504 = CARTESIAN_POINT ( 'NONE',  ( -7.804999999999999716, 3.149999999999999911, -9.558368267345090462E-16 ) ) ;
#1505 = DIRECTION ( 'NONE',  ( 0.000000000000000000, 0.000000000000000000, 1.000000000000000000 ) ) ;
#1506 = VERTEX_POINT ( 'NONE', #451 ) ;
#1507 = DIRECTION ( 'NONE',  ( 0.000000000000000000, 1.000000000000000000, 0.000000000000000000 ) ) ;
#1508 = AXIS2_PLACEMENT_3D ( 'NONE', #533, #3895, #2290 ) ;
#1509 = CARTESIAN_POINT ( 'NONE',  ( 8.195000000000000284, 2.649999999999999911, -1.500000000000000444 ) ) ;
#1510 = CIRCLE ( 'NONE', #426, 0.2000000000000003164 ) ;
#1511 = ORIENTED_EDGE ( 'NONE', *, *, #2694, .T. ) ;
#1512 = ORIENTED_EDGE ( 'NONE', *, *, #3799, .T. ) ;
#1513 = VERTEX_POINT ( 'NONE', #784 ) ;
#1514 = CARTESIAN_POINT ( 'NONE',  ( 4.700000000000001066, 5.271320343559642296, -0.7499999999999997780 ) ) ;
#1515 = DIRECTION ( 'NONE',  ( 0.000000000000000000, 0.000000000000000000, -1.000000000000000000 ) ) ;
#1516 = AXIS2_PLACEMENT_3D ( 'NONE', #832, #3606, #2216 ) ;
#1517 = CIRCLE ( 'NONE', #2256, 0.6999999999999997335 ) ;
#1518 = CYLINDRICAL_SURFACE ( 'NONE', #2742, 0.8999999999999999112 ) ;
#1519 = DIRECTION ( 'NONE',  ( 0.000000000000000000, 0.000000000000000000, 1.000000000000000000 ) ) ;
#1520 = ORIENTED_EDGE ( 'NONE', *, *, #3689, .F. ) ;
#1521 = CARTESIAN_POINT ( 'NONE',  ( -7.804999999999999716, 3.050000000000001599, 1.499999999999998668 ) ) ;
#1522 = AXIS2_PLACEMENT_3D ( 'NONE', #601, #2524, #1138 ) ;
#1523 = AXIS2_PLACEMENT_3D ( 'NONE', #499, #748, #2661 ) ;
#1524 = SURFACE_STYLE_FILL_AREA ( #3196 ) ;
#1525 = EDGE_LOOP ( 'NONE', ( #1282, #2758, #3673, #4132 ) ) ;
#1526 = CARTESIAN_POINT ( 'NONE',  ( 1.700000000000000178, 3.149999999999999911, -0.5000000000000004441 ) ) ;
#1527 = COLOUR_RGB ( '',0.7921568627450980005, 0.8196078431372548767, 0.9333333333333333481 ) ;
#1528 = CIRCLE ( 'NONE', #3457, 0.05000000000000002359 ) ;
#1529 = ADVANCED_FACE ( 'NONE', ( #1902 ), #1775, .T. ) ;
#1530 = FILL_AREA_STYLE_COLOUR ( '', #2282 ) ;
#1531 = VERTEX_POINT ( 'NONE', #477 ) ;
#1532 = CARTESIAN_POINT ( 'NONE',  ( -1.300000000000000044, 3.100000000000000533, -0.7499999999999997780 ) ) ;
#1533 = DIRECTION ( 'NONE',  ( 0.000000000000000000, 0.000000000000000000, 1.000000000000000000 ) ) ;
#1534 = VERTEX_POINT ( 'NONE', #2756 ) ;
#1535 = FACE_OUTER_BOUND ( 'NONE', #1687, .T. ) ;
#1536 = CARTESIAN_POINT ( 'NONE',  ( 1.700000000000000178, 5.271320343559642296, 0.7499999999999997780 ) ) ;
#1537 = DIRECTION ( 'NONE',  ( 0.000000000000000000, 1.000000000000000000, 0.000000000000000000 ) ) ;
#1538 = ORIENTED_EDGE ( 'NONE', *, *, #3980, .F. ) ;
#1539 = DIRECTION ( 'NONE',  ( 0.000000000000000000, 1.000000000000000000, 0.000000000000000000 ) ) ;
#1540 = EDGE_CURVE ( 'NONE', #964, #1368, #1871, .T. ) ;
#1541 = CIRCLE ( 'NONE', #1404, 0.7999999999999986011 ) ;
#1542 = ORIENTED_EDGE ( 'NONE', *, *, #1981, .T. ) ;
#1543 = VECTOR ( 'NONE', #2181, 1000.000000000000000 ) ;
#1544 = CIRCLE ( 'NONE', #1394, 0.7499999999999997780 ) ;
#1545 = EDGE_LOOP ( 'NONE', ( #3660, #3064 ) ) ;
#1546 = DIRECTION ( 'NONE',  ( 0.000000000000000000, 0.000000000000000000, 1.000000000000000000 ) ) ;
#1547 = CARTESIAN_POINT ( 'NONE',  ( 8.049999999999997158, 2.149999999999999911, -2.899999999999999023 ) ) ;
#1548 = CIRCLE ( 'NONE', #466, 0.2500000000000002220 ) ;
#1549 = EDGE_LOOP ( 'NONE', ( #4381, #3523 ) ) ;
#1550 = DIRECTION ( 'NONE',  ( 1.000000000000000000, -0.000000000000000000, 1.224646799147353207E-16 ) ) ;
#1551 = VECTOR ( 'NONE', #3197, 1000.000000000000000 ) ;
#1552 = FACE_OUTER_BOUND ( 'NONE', #3065, .T. ) ;
#1553 = DIRECTION ( 'NONE',  ( 0.000000000000000000, 1.000000000000000000, 0.000000000000000000 ) ) ;
#1554 = VERTEX_POINT ( 'NONE', #1785 ) ;
#1555 = DIRECTION ( 'NONE',  ( 0.000000000000000000, 1.000000000000000000, 0.000000000000000000 ) ) ;
#1556 = LINE ( 'NONE', #3270, #2942 ) ;
#1557 = EDGE_CURVE ( 'NONE', #1030, #964, #1857, .T. ) ;
#1558 = EDGE_LOOP ( 'NONE', ( #3010, #3281, #2052, #2010 ) ) ;
#1559 = CARTESIAN_POINT ( 'NONE',  ( 4.700000000000001066, 2.649999999999999911, 0.7499999999999997780 ) ) ;
#1560 = VECTOR ( 'NONE', #4186, 1000.000000000000000 ) ;
#1561 = AXIS2_PLACEMENT_3D ( 'NONE', #2435, #3889, #4201 ) ;
#1562 = ORIENTED_EDGE ( 'NONE', *, *, #1027, .F. ) ;
#1563 = DIRECTION ( 'NONE',  ( -0.000000000000000000, -1.000000000000000000, -0.000000000000000000 ) ) ;
#1564 = DIRECTION ( 'NONE',  ( 0.000000000000000000, 1.000000000000000000, 0.000000000000000000 ) ) ;
#1565 = EDGE_LOOP ( 'NONE', ( #812, #2798, #1480, #2259 ) ) ;
#1566 = CARTESIAN_POINT ( 'NONE',  ( -1.800000000000000488, 3.509016994374947629, 0.000000000000000000 ) ) ;
#1567 = AXIS2_PLACEMENT_3D ( 'NONE', #2355, #312, #3368 ) ;
#1568 = ORIENTED_EDGE ( 'NONE', *, *, #980, .F. ) ;
#1569 = CYLINDRICAL_SURFACE ( 'NONE', #1066, 0.7499999999999997780 ) ;
#1570 = PRESENTATION_STYLE_ASSIGNMENT (( #2477 ) ) ;
#1571 = DIRECTION ( 'NONE',  ( 0.000000000000000000, -1.000000000000000000, 0.000000000000000000 ) ) ;
#1572 = AXIS2_PLACEMENT_3D ( 'NONE', #3820, #460, #794 ) ;
#1573 = DIRECTION ( 'NONE',  ( 0.000000000000000000, 1.000000000000000000, 0.000000000000000000 ) ) ;
#1574 = VERTEX_POINT ( 'NONE', #3872 ) ;
#1575 = PLANE ( 'NONE',  #4361 ) ;
#1576 = CARTESIAN_POINT ( 'NONE',  ( 8.049999999999998934, 2.949999999999999734, 0.000000000000000000 ) ) ;
#1577 = CIRCLE ( 'NONE', #2208, 0.7499999999999997780 ) ;
#1578 = ORIENTED_EDGE ( 'NONE', *, *, #4079, .T. ) ;
#1579 = LINE ( 'NONE', #1514, #3403 ) ;
#1580 = CYLINDRICAL_SURFACE ( 'NONE', #1101, 1.650000000000000577 ) ;
#1581 = ORIENTED_EDGE ( 'NONE', *, *, #1292, .F. ) ;
#1582 = ORIENTED_EDGE ( 'NONE', *, *, #3235, .T. ) ;
#1583 = CARTESIAN_POINT ( 'NONE',  ( 4.950000000000001066, -14.85791365496260497, 0.9259999999999999343 ) ) ;
#1584 = DIRECTION ( 'NONE',  ( 0.000000000000000000, 1.000000000000000000, 0.000000000000000000 ) ) ;
#1585 = CIRCLE ( 'NONE', #3955, 1.499999999999999556 ) ;
#1586 = FACE_OUTER_BOUND ( 'NONE', #3179, .T. ) ;
#1587 = CONICAL_SURFACE ( 'NONE', #2249, 1.500000000000000666, 0.7853981633974428389 ) ;
#1588 = VERTEX_POINT ( 'NONE', #3100 ) ;
#1589 = AXIS2_PLACEMENT_3D ( 'NONE', #4020, #3098, #3988 ) ;
#1590 = ORIENTED_EDGE ( 'NONE', *, *, #4304, .F. ) ;
#1591 = CARTESIAN_POINT ( 'NONE',  ( 8.000000000000000000, 2.149999999999999911, 0.000000000000000000 ) ) ;
#1592 = SURFACE_SIDE_STYLE ('',( #1002 ) ) ;
#1593 = LINE ( 'NONE', #4239, #1468 ) ;
#1594 = CIRCLE ( 'NONE', #3318, 0.5000000000000004441 ) ;
#1595 = ORIENTED_EDGE ( 'NONE', *, *, #4111, .F. ) ;
#1596 = ORIENTED_EDGE ( 'NONE', *, *, #808, .F. ) ;
#1597 = EDGE_CURVE ( 'NONE', #908, #1030, #379, .T. ) ;
#1598 = ADVANCED_FACE ( 'NONE', ( #3393 ), #3293, .T. ) ;
#1599 = DIRECTION ( 'NONE',  ( 0.000000000000000000, 0.000000000000000000, 1.000000000000000000 ) ) ;
#1600 = ORIENTED_EDGE ( 'NONE', *, *, #377, .F. ) ;
#1601 = CARTESIAN_POINT ( 'NONE',  ( 4.700000000000001066, 3.100000000000000089, 0.000000000000000000 ) ) ;
#1602 = CYLINDRICAL_SURFACE ( 'NONE', #289, 1.650000000000000577 ) ;
#1603 = ADVANCED_FACE ( 'NONE', ( #1934 ), #447, .T. ) ;
#1604 = ORIENTED_EDGE ( 'NONE', *, *, #1488, .F. ) ;
#1605 = EDGE_CURVE ( 'NONE', #1094, #4316, #397, .T. ) ;
#1606 = AXIS2_PLACEMENT_3D ( 'NONE', #2660, #1073, #1300 ) ;
#1607 = CARTESIAN_POINT ( 'NONE',  ( 4.700000000000001066, 3.100000000000000089, -0.7499999999999997780 ) ) ;
#1608 = EDGE_CURVE ( 'NONE', #407, #1534, #1892, .T. ) ;
#1609 = CARTESIAN_POINT ( 'NONE',  ( -4.299999999999999822, 3.149999999999999911, 0.7999999999999986011 ) ) ;
#1610 = CYLINDRICAL_SURFACE ( 'NONE', #4062, 0.2500000000000002220 ) ;
#1611 = DIRECTION ( 'NONE',  ( 0.000000000000000000, 0.000000000000000000, 1.000000000000000000 ) ) ;
#1612 = AXIS2_PLACEMENT_3D ( 'NONE', #4256, #941, #3965 ) ;
#1613 = ORIENTED_EDGE ( 'NONE', *, *, #1118, .F. ) ;
#1614 = CARTESIAN_POINT ( 'NONE',  ( 1.700000000000000178, 3.100000000000000089, 0.000000000000000000 ) ) ;
#1615 = EDGE_CURVE ( 'NONE', #4117, #354, #3361, .T. ) ;
#1616 = AXIS2_PLACEMENT_3D ( 'NONE', #2830, #3740, #1031 ) ;
#1617 = DIRECTION ( 'NONE',  ( -0.000000000000000000, -1.000000000000000000, -0.000000000000000000 ) ) ;
#1618 = CONICAL_SURFACE ( 'NONE', #2341, 0.7499999999999997780, 0.7853981633974396193 ) ;
#1619 = FACE_OUTER_BOUND ( 'NONE', #269, .T. ) ;
#1620 = ORIENTED_EDGE ( 'NONE', *, *, #268, .F. ) ;
#1621 = CARTESIAN_POINT ( 'NONE',  ( -4.299999999999999822, -1.000000000000000000, -0.2000000000000003164 ) ) ;
#1622 = PLANE ( 'NONE',  #3798 ) ;
#1623 = ORIENTED_EDGE ( 'NONE', *, *, #3337, .T. ) ;
#1624 = ADVANCED_FACE ( 'NONE', ( #3330 ), #108, .T. ) ;
#1625 = AXIS2_PLACEMENT_3D ( 'NONE', #3373, #275, #1671 ) ;
#1626 = CYLINDRICAL_SURFACE ( 'NONE', #3868, 0.5000000000000004441 ) ;
#1627 = PLANE ( 'NONE',  #575 ) ;
#1628 = VERTEX_POINT ( 'NONE', #2470 ) ;
#1629 = CARTESIAN_POINT ( 'NONE',  ( 8.049999999999998934, 2.949999999999999734, 2.899999999999999023 ) ) ;
#1630 = DIRECTION ( 'NONE',  ( 0.000000000000000000, 1.000000000000000000, 0.000000000000000000 ) ) ;
#1631 = EDGE_LOOP ( 'NONE', ( #2868, #1323 ) ) ;
#1632 = DIRECTION ( 'NONE',  ( -0.000000000000000000, 1.000000000000000000, -0.000000000000000000 ) ) ;
#1633 = DIRECTION ( 'NONE',  ( -1.000000000000000000, 0.000000000000000000, 0.000000000000000000 ) ) ;
#1634 = CARTESIAN_POINT ( 'NONE',  ( -4.299999999999999822, 3.149999999999999911, -0.5000000000000004441 ) ) ;
#1635 = AXIS2_PLACEMENT_3D ( 'NONE', #89, #888, #861 ) ;
#1636 = CYLINDRICAL_SURFACE ( 'NONE', #3529, 1.499999999999999556 ) ;
#1637 = ORIENTED_EDGE ( 'NONE', *, *, #3770, .F. ) ;
#1638 = ORIENTED_EDGE ( 'NONE', *, *, #2598, .F. ) ;
#1639 = AXIS2_PLACEMENT_3D ( 'NONE', #1015, #2626, #44 ) ;
#1641 = UNCERTAINTY_MEASURE_WITH_UNIT (LENGTH_MEASURE( 1.000000000000000082E-05 ), #4352, 'distance_accuracy_value', 'NONE');
#1640 = CARTESIAN_POINT ( 'NONE',  ( 1.700000000000000178, 0.4000000000000001887, 0.000000000000000000 ) ) ;
#1642 = DIRECTION ( 'NONE',  ( -1.000000000000000000, -0.000000000000000000, -0.000000000000000000 ) ) ;
#1643 = CIRCLE ( 'NONE', #1516, 1.499999999999999556 ) ;
#1644 = EDGE_CURVE ( 'NONE', #1369, #3297, #3416, .T. ) ;
#1645 = ORIENTED_EDGE ( 'NONE', *, *, #1026, .F. ) ;
#1646 = ADVANCED_FACE ( 'NONE', ( #507 ), #1921, .F. ) ;
#1647 = DIRECTION ( 'NONE',  ( 0.000000000000000000, -1.000000000000000000, 0.000000000000000000 ) ) ;
#1648 = VERTEX_POINT ( 'NONE', #535 ) ;
#1649 = DIRECTION ( 'NONE',  ( 0.000000000000000000, 0.000000000000000000, 1.000000000000000000 ) ) ;
#1650 = EDGE_CURVE ( 'NONE', #354, #2401, #3346, .T. ) ;
#1651 = DIRECTION ( 'NONE',  ( 0.000000000000000000, 0.000000000000000000, 1.000000000000000000 ) ) ;
#1652 = ORIENTED_EDGE ( 'NONE', *, *, #2298, .F. ) ;
#1653 = CARTESIAN_POINT ( 'NONE',  ( -1.300000000000000044, 2.649999999999999911, 0.000000000000000000 ) ) ;
#1654 = CIRCLE ( 'NONE', #1285, 0.5000000000000004441 ) ;
#1655 = FILL_AREA_STYLE ('',( #3130 ) ) ;
#1656 = ORIENTED_EDGE ( 'NONE', *, *, #598, .T. ) ;
#1657 = EDGE_LOOP ( 'NONE', ( #2321, #3998, #3216, #211 ) ) ;
#1658 = ORIENTED_EDGE ( 'NONE', *, *, #4274, .F. ) ;
#1659 = EDGE_CURVE ( 'NONE', #1804, #3276, #1850, .T. ) ;
#1660 = PLANE ( 'NONE',  #983 ) ;
#1661 = VERTEX_POINT ( 'NONE', #2292 ) ;
#1662 = EDGE_LOOP ( 'NONE', ( #751, #2992, #702, #184 ) ) ;
#1663 = DIRECTION ( 'NONE',  ( 0.000000000000000000, 0.000000000000000000, -1.000000000000000000 ) ) ;
#1664 = CARTESIAN_POINT ( 'NONE',  ( -4.299999999999999822, 0.000000000000000000, -0.8999999999999999112 ) ) ;
#1665 = DIRECTION ( 'NONE',  ( 0.000000000000000000, -0.000000000000000000, 1.000000000000000000 ) ) ;
#1666 = ADVANCED_FACE ( 'NONE', ( #467 ), #3375, .T. ) ;
#1667 = DIRECTION ( 'NONE',  ( 0.000000000000000000, -0.000000000000000000, 1.000000000000000000 ) ) ;
#1668 = AXIS2_PLACEMENT_3D ( 'NONE', #703, #2697, #2986 ) ;
#1669 = ORIENTED_EDGE ( 'NONE', *, *, #3750, .T. ) ;
#1670 = EDGE_LOOP ( 'NONE', ( #423, #1790, #2644, #1672 ) ) ;
#1671 = DIRECTION ( 'NONE',  ( 1.000000000000000000, 0.000000000000000000, 0.000000000000000000 ) ) ;
#1672 = ORIENTED_EDGE ( 'NONE', *, *, #1082, .F. ) ;
#1673 = CARTESIAN_POINT ( 'NONE',  ( 4.700000000000001066, 3.509016994374947629, 0.000000000000000000 ) ) ;
#1674 = FACE_OUTER_BOUND ( 'NONE', #1443, .T. ) ;
#1675 = EDGE_LOOP ( 'NONE', ( #527, #2702, #3146, #3468 ) ) ;
#1676 = DIRECTION ( 'NONE',  ( 0.000000000000000000, 0.000000000000000000, 1.000000000000000000 ) ) ;
#1677 = ORIENTED_EDGE ( 'NONE', *, *, #4225, .T. ) ;
#1678 = CARTESIAN_POINT ( 'NONE',  ( -1.300000000000000044, -0.9499999999999997335, -0.2500000000000003886 ) ) ;
#1679 = ORIENTED_EDGE ( 'NONE', *, *, #3429, .T. ) ;
#1680 = FACE_OUTER_BOUND ( 'NONE', #2588, .T. ) ;
#1681 =( NAMED_UNIT ( * ) PLANE_ANGLE_UNIT ( ) SI_UNIT ( $, .RADIAN. ) );
#1682 = ORIENTED_EDGE ( 'NONE', *, *, #2350, .F. ) ;
#1683 = ADVANCED_FACE ( 'NONE', ( #489 ), #431, .T. ) ;
#1684 = CARTESIAN_POINT ( 'NONE',  ( -4.299999999999999822, 0.000000000000000000, 0.8999999999999999112 ) ) ;
#1685 = ORIENTED_EDGE ( 'NONE', *, *, #3154, .F. ) ;
#1686 = AXIS2_PLACEMENT_3D ( 'NONE', #931, #1584, #3854 ) ;
#1687 = EDGE_LOOP ( 'NONE', ( #53, #971 ) ) ;
#1688 = LINE ( 'NONE', #3712, #3209 ) ;
#1689 = ORIENTED_EDGE ( 'NONE', *, *, #3697, .T. ) ;
#1690 =( GEOMETRIC_REPRESENTATION_CONTEXT ( 3 ) GLOBAL_UNCERTAINTY_ASSIGNED_CONTEXT ( ( #3579 ) ) GLOBAL_UNIT_ASSIGNED_CONTEXT ( ( #2878, #1474, #532 ) ) REPRESENTATION_CONTEXT ( 'NONE', 'WORKASPACE' ) );
#1691 = CARTESIAN_POINT ( 'NONE',  ( -7.804999999999999716, 2.649999999999999911, 1.499999999999998668 ) ) ;
#1692 = VERTEX_POINT ( 'NONE', #135 ) ;
#1693 = VERTEX_POINT ( 'NONE', #3190 ) ;
#1694 = DIRECTION ( 'NONE',  ( 0.000000000000000000, 0.000000000000000000, 1.000000000000000000 ) ) ;
#1695 = CARTESIAN_POINT ( 'NONE',  ( -8.049999999999997158, 2.949999999999999734, -2.899999999999999467 ) ) ;
#1696 = ORIENTED_EDGE ( 'NONE', *, *, #1172, .T. ) ;
#1697 = DIRECTION ( 'NONE',  ( 0.000000000000000000, -0.000000000000000000, -1.000000000000000000 ) ) ;
#1698 = FACE_OUTER_BOUND ( 'NONE', #75, .T. ) ;
#1699 = VERTEX_POINT ( 'NONE', #2461 ) ;
#1700 = AXIS2_PLACEMENT_3D ( 'NONE', #414, #2659, #3704 ) ;
#1701 = EDGE_LOOP ( 'NONE', ( #2913, #1512, #2015, #593 ) ) ;
#1702 = CARTESIAN_POINT ( 'NONE',  ( 4.950000000000001066, -14.85791365496260497, -1.925999999999999934 ) ) ;
#1703 = VERTEX_POINT ( 'NONE', #3561 ) ;
#1704 = CYLINDRICAL_SURFACE ( 'NONE', #2088, 0.7499999999999997780 ) ;
#1705 = EDGE_CURVE ( 'NONE', #2193, #4355, #3409, .T. ) ;
#1706 = DIRECTION ( 'NONE',  ( 0.000000000000000000, 1.000000000000000000, 0.000000000000000000 ) ) ;
#1707 = VERTEX_POINT ( 'NONE', #1880 ) ;
#1708 = VECTOR ( 'NONE', #2352, 1000.000000000000000 ) ;
#1709 = EDGE_LOOP ( 'NONE', ( #350, #1696, #3666, #1658 ) ) ;
#1710 = DIRECTION ( 'NONE',  ( 0.000000000000000000, 1.000000000000000000, 0.000000000000000000 ) ) ;
#1711 = CARTESIAN_POINT ( 'NONE',  ( 8.205000000000000071, 2.649999999999999911, -4.898587196589386574E-17 ) ) ;
#1712 = EDGE_CURVE ( 'NONE', #1749, #681, #3321, .T. ) ;
#1713 = EDGE_CURVE ( 'NONE', #3122, #1077, #454, .T. ) ;
#1714 = EDGE_LOOP ( 'NONE', ( #1835, #356, #3324, #443 ) ) ;
#1715 = FACE_OUTER_BOUND ( 'NONE', #1380, .T. ) ;
#1716 = VERTEX_POINT ( 'NONE', #1467 ) ;
#1717 = CARTESIAN_POINT ( 'NONE',  ( -4.299999999999999822, 2.950000000000000178, 0.000000000000000000 ) ) ;
#1718 = EDGE_CURVE ( 'NONE', #1843, #3741, #441, .T. ) ;
#1719 = ORIENTED_EDGE ( 'NONE', *, *, #3342, .T. ) ;
#1720 = CIRCLE ( 'NONE', #1293, 0.7999999999999986011 ) ;
#1721 = ORIENTED_EDGE ( 'NONE', *, *, #249, .F. ) ;
#1722 = ADVANCED_FACE ( 'NONE', ( #1884 ), #867, .T. ) ;
#1723 = DIRECTION ( 'NONE',  ( 0.000000000000000000, 1.000000000000000000, 0.000000000000000000 ) ) ;
#1724 = VERTEX_POINT ( 'NONE', #2202 ) ;
#1725 = VECTOR ( 'NONE', #3753, 1000.000000000000000 ) ;
#1726 = ORIENTED_EDGE ( 'NONE', *, *, #1171, .F. ) ;
#1727 = DIRECTION ( 'NONE',  ( 0.000000000000000000, 0.000000000000000000, -1.000000000000000000 ) ) ;
#1728 = PRESENTATION_LAYER_ASSIGNMENT (  '', '', ( #145 ) ) ;
#1729 = EDGE_LOOP ( 'NONE', ( #1682, #4345, #1620, #3463 ) ) ;
#1730 = CARTESIAN_POINT ( 'NONE',  ( 4.700000000000001066, 3.100000000000000089, 0.7499999999999997780 ) ) ;
#1731 = SURFACE_SIDE_STYLE ('',( #4237 ) ) ;
#1732 = CLOSED_SHELL ( 'NONE', ( #157, #3759, #3568, #3306, #4171, #1068 ) ) ;
#1733 = CIRCLE ( 'NONE', #2105, 1.500000000000000666 ) ;
#1734 = ORIENTED_EDGE ( 'NONE', *, *, #1379, .T. ) ;
#1735 = MECHANICAL_DESIGN_GEOMETRIC_PRESENTATION_REPRESENTATION (  '', ( #2755 ), #2922 ) ;
#1736 = DIRECTION ( 'NONE',  ( 0.000000000000000000, 1.000000000000000000, 0.000000000000000000 ) ) ;
#1737 = ORIENTED_EDGE ( 'NONE', *, *, #3497, .T. ) ;
#1738 = DIRECTION ( 'NONE',  ( -0.000000000000000000, 1.000000000000000000, -0.000000000000000000 ) ) ;
#1739 = LINE ( 'NONE', #3350, #340 ) ;
#1740 = EDGE_LOOP ( 'NONE', ( #242, #2827, #3019, #1276 ) ) ;
#1741 = DIRECTION ( 'NONE',  ( 0.000000000000000000, 0.000000000000000000, -1.000000000000000000 ) ) ;
#1742 = ORIENTED_EDGE ( 'NONE', *, *, #3, .F. ) ;
#1743 = EDGE_LOOP ( 'NONE', ( #3129, #3940 ) ) ;
#1744 = AXIS2_PLACEMENT_3D ( 'NONE', #4202, #1819, #1914 ) ;
#1745 = VERTEX_POINT ( 'NONE', #2492 ) ;
#1746 = EDGE_CURVE ( 'NONE', #1263, #1699, #3369, .T. ) ;
#1747 = CIRCLE ( 'NONE', #3112, 0.7499999999999997780 ) ;
#1748 = DIRECTION ( 'NONE',  ( 0.000000000000000000, -0.000000000000000000, -1.000000000000000000 ) ) ;
#1749 = VERTEX_POINT ( 'NONE', #3892 ) ;
#1750 = DIRECTION ( 'NONE',  ( 0.000000000000000000, 1.000000000000000000, 0.000000000000000000 ) ) ;
#1751 = CARTESIAN_POINT ( 'NONE',  ( -1.300000000000000044, -5.695584412271569974, 0.8999999999999999112 ) ) ;
#1752 = EDGE_LOOP ( 'NONE', ( #2, #4205, #143, #2179 ) ) ;
#1753 = EDGE_LOOP ( 'NONE', ( #3527, #626 ) ) ;
#1754 = VERTEX_POINT ( 'NONE', #193 ) ;
#1755 = AXIS2_PLACEMENT_3D ( 'NONE', #558, #2168, #3150 ) ;
#1756 = CYLINDRICAL_SURFACE ( 'NONE', #3504, 1.000000000000000000 ) ;
#1757 = EDGE_LOOP ( 'NONE', ( #2327, #2678, #2268, #4305 ) ) ;
#1758 = CARTESIAN_POINT ( 'NONE',  ( -5.949999999999998401, 1.049999999999999822, -1.925999999999999934 ) ) ;
#1759 = ORIENTED_EDGE ( 'NONE', *, *, #1705, .F. ) ;
#1760 = ORIENTED_EDGE ( 'NONE', *, *, #973, .T. ) ;
#1761 = DIRECTION ( 'NONE',  ( 0.000000000000000000, 1.000000000000000000, 0.000000000000000000 ) ) ;
#1762 = DIRECTION ( 'NONE',  ( 0.000000000000000000, 0.000000000000000000, -1.000000000000000000 ) ) ;
#1763 = ORIENTED_EDGE ( 'NONE', *, *, #3050, .F. ) ;
#1764 = CARTESIAN_POINT ( 'NONE',  ( -5.799999999999999822, -0.3999999999999997446, -1.239999999999999547 ) ) ;
#1765 = CARTESIAN_POINT ( 'NONE',  ( -4.069999999999999396, 0.4000000000000001887, 1.925999999999999934 ) ) ;
#1766 = SPHERICAL_SURFACE ( 'NONE', #3168, 0.7500000000000000000 ) ;
#1767 = EDGE_LOOP ( 'NONE', ( #3851, #2977, #3089, #2698 ) ) ;
#1768 = ADVANCED_FACE ( 'NONE', ( #461 ), #491, .T. ) ;
#1769 = CIRCLE ( 'NONE', #1471, 0.8999999999999994671 ) ;
#1770 = EDGE_LOOP ( 'NONE', ( #2819, #4119 ) ) ;
#1771 = EDGE_CURVE ( 'NONE', #2882, #4098, #1917, .T. ) ;
#1772 = EDGE_CURVE ( 'NONE', #2344, #3133, #1946, .T. ) ;
#1773 = DIRECTION ( 'NONE',  ( -0.000000000000000000, -1.000000000000000000, -0.000000000000000000 ) ) ;
#1774 = PLANE ( 'NONE',  #927 ) ;
#1775 = PLANE ( 'NONE',  #716 ) ;
#1776 = FACE_OUTER_BOUND ( 'NONE', #2888, .T. ) ;
#1777 = VERTEX_POINT ( 'NONE', #2548 ) ;
#1778 = DIRECTION ( 'NONE',  ( -0.000000000000000000, -1.000000000000000000, -0.000000000000000000 ) ) ;
#1779 = VERTEX_POINT ( 'NONE', #2173 ) ;
#1780 = VERTEX_POINT ( 'NONE', #957 ) ;
#1781 = CARTESIAN_POINT ( 'NONE',  ( 8.195000000000000284, 3.050000000000000711, -9.558368267345090462E-16 ) ) ;
#1782 = DIRECTION ( 'NONE',  ( -0.000000000000000000, 1.000000000000000000, -0.000000000000000000 ) ) ;
#1783 = FACE_OUTER_BOUND ( 'NONE', #4138, .T. ) ;
#1784 = VERTEX_POINT ( 'NONE', #1936 ) ;
#1785 = CARTESIAN_POINT ( 'NONE',  ( 8.205000000000000071, 3.149999999999999911, 1.599999999999997202 ) ) ;
#1786 = DIRECTION ( 'NONE',  ( -0.000000000000000000, 1.000000000000000000, -0.000000000000000000 ) ) ;
#1787 = VERTEX_POINT ( 'NONE', #676 ) ;
#1788 = FACE_OUTER_BOUND ( 'NONE', #1657, .T. ) ;
#1789 = ORIENTED_EDGE ( 'NONE', *, *, #3829, .F. ) ;
#1790 = ORIENTED_EDGE ( 'NONE', *, *, #1438, .T. ) ;
#1791 = ADVANCED_FACE ( 'NONE', ( #413 ), #502, .T. ) ;
#1792 =( GEOMETRIC_REPRESENTATION_CONTEXT ( 3 ) GLOBAL_UNCERTAINTY_ASSIGNED_CONTEXT ( ( #1830 ) ) GLOBAL_UNIT_ASSIGNED_CONTEXT ( ( #943, #2872, #4292 ) ) REPRESENTATION_CONTEXT ( 'NONE', 'WORKASPACE' ) );
#1793 = LINE ( 'NONE', #953, #189 ) ;
#1794 = CLOSED_SHELL ( 'NONE', ( #4160, #1244, #4074, #3789, #1814, #827, #2211, #1791, #1862, #3692 ) ) ;
#1795 = EDGE_CURVE ( 'NONE', #191, #1554, #3338, .T. ) ;
#1796 = APPLICATION_PROTOCOL_DEFINITION ( 'draft international standard', 'automotive_design', 1998, #3137 ) ;
#1797 = AXIS2_PLACEMENT_3D ( 'NONE', #358, #4310, #1311 ) ;
#1798 = ORIENTED_EDGE ( 'NONE', *, *, #4165, .T. ) ;
#1799 = CYLINDRICAL_SURFACE ( 'NONE', #3238, 1.000000000000000000 ) ;
#1800 = VERTEX_POINT ( 'NONE', #1262 ) ;
#1801 = CARTESIAN_POINT ( 'NONE',  ( -3.799999999999999378, 3.509016994374947629, -6.123233995736769734E-17 ) ) ;
#1802 = DIRECTION ( 'NONE',  ( 0.000000000000000000, 0.000000000000000000, 1.000000000000000000 ) ) ;
#1803 = ORIENTED_EDGE ( 'NONE', *, *, #2781, .T. ) ;
#1804 = VERTEX_POINT ( 'NONE', #886 ) ;
#1805 = AXIS2_PLACEMENT_3D ( 'NONE', #1169, #3565, #2581 ) ;
#1806 = ORIENTED_EDGE ( 'NONE', *, *, #2907, .T. ) ;
#1807 = CIRCLE ( 'NONE', #2811, 0.7499999999999997780 ) ;
#1808 = ORIENTED_EDGE ( 'NONE', *, *, #3154, .T. ) ;
#1809 = DIRECTION ( 'NONE',  ( 0.000000000000000000, 0.000000000000000000, 1.000000000000000000 ) ) ;
#1810 = VERTEX_POINT ( 'NONE', #937 ) ;
#1811 = DIRECTION ( 'NONE',  ( 0.000000000000000000, 0.000000000000000000, -1.000000000000000000 ) ) ;
#1812 = CONICAL_SURFACE ( 'NONE', #564, 0.7499999999999997780, 0.7853981633974396193 ) ;
#1813 = ORIENTED_EDGE ( 'NONE', *, *, #317, .T. ) ;
#1814 = ADVANCED_FACE ( 'NONE', ( #1925 ), #3426, .T. ) ;
#1815 = STYLED_ITEM ( 'NONE', ( #3521 ), #1845 ) ;
#1816 = CARTESIAN_POINT ( 'NONE',  ( -8.049999999999997158, 2.149999999999999911, -2.899999999999999467 ) ) ;
#1817 = CIRCLE ( 'NONE', #1395, 1.399999999999999467 ) ;
#1818 = VERTEX_POINT ( 'NONE', #2220 ) ;
#1819 = DIRECTION ( 'NONE',  ( 0.000000000000000000, 1.000000000000000000, 0.000000000000000000 ) ) ;
#1820 = ORIENTED_EDGE ( 'NONE', *, *, #4014, .F. ) ;
#1821 = DIRECTION ( 'NONE',  ( 0.000000000000000000, 0.7071067811865486830, 0.7071067811865464625 ) ) ;
#1822 = FACE_OUTER_BOUND ( 'NONE', #4063, .T. ) ;
#1823 = CARTESIAN_POINT ( 'NONE',  ( 1.700000000000000178, 2.649999999999999911, 0.000000000000000000 ) ) ;
#1824 = EDGE_LOOP ( 'NONE', ( #612, #669 ) ) ;
#1825 = DIRECTION ( 'NONE',  ( 0.000000000000000000, -0.000000000000000000, 1.000000000000000000 ) ) ;
#1826 = CARTESIAN_POINT ( 'NONE',  ( -8.000000000000000000, 2.149999999999999911, 0.000000000000000000 ) ) ;
#1827 = AXIS2_PLACEMENT_3D ( 'NONE', #2996, #2054, #4047 ) ;
#1828 = VERTEX_POINT ( 'NONE', #1240 ) ;
#1829 = FACE_OUTER_BOUND ( 'NONE', #2959, .T. ) ;
#1830 = UNCERTAINTY_MEASURE_WITH_UNIT (LENGTH_MEASURE( 1.000000000000000082E-05 ), #943, 'distance_accuracy_value', 'NONE');
#1831 = ORIENTED_EDGE ( 'NONE', *, *, #2457, .F. ) ;
#1832 = SPHERICAL_SURFACE ( 'NONE', #1143, 0.7500000000000000000 ) ;
#1833 = EDGE_CURVE ( 'NONE', #846, #3161, #1969, .T. ) ;
#1834 = VERTEX_POINT ( 'NONE', #287 ) ;
#1835 = ORIENTED_EDGE ( 'NONE', *, *, #2442, .F. ) ;
#1836 = FACE_OUTER_BOUND ( 'NONE', #2765, .T. ) ;
#1837 = DIRECTION ( 'NONE',  ( 0.000000000000000000, 0.000000000000000000, 1.000000000000000000 ) ) ;
#1838 = DIRECTION ( 'NONE',  ( 0.000000000000000000, 0.000000000000000000, 1.000000000000000000 ) ) ;
#1839 = AXIS2_PLACEMENT_3D ( 'NONE', #1, #3421, #3070 ) ;
#1840 = VERTEX_POINT ( 'NONE', #1521 ) ;
#1841 = PLANE ( 'NONE',  #2414 ) ;
#1842 = ORIENTED_EDGE ( 'NONE', *, *, #2855, .T. ) ;
#1843 = VERTEX_POINT ( 'NONE', #2592 ) ;
#1844 = CYLINDRICAL_SURFACE ( 'NONE', #3675, 0.7499999999999997780 ) ;
#1845 = MANIFOLD_SOLID_BREP ( 'LPattern2[4]', #3432 ) ;
#1846 = DIRECTION ( 'NONE',  ( 0.000000000000000000, 0.000000000000000000, -1.000000000000000000 ) ) ;
#1847 = AXIS2_PLACEMENT_3D ( 'NONE', #419, #1952, #3451 ) ;
#1848 = ORIENTED_EDGE ( 'NONE', *, *, #3799, .F. ) ;
#1849 = CARTESIAN_POINT ( 'NONE',  ( -8.049999999999998934, 0.000000000000000000, 0.000000000000000000 ) ) ;
#1850 = LINE ( 'NONE', #603, #3431 ) ;
#1851 = EDGE_LOOP ( 'NONE', ( #2047, #235, #4282, #154 ) ) ;
#1852 = VERTEX_POINT ( 'NONE', #218 ) ;
#1853 = DIRECTION ( 'NONE',  ( 0.000000000000000000, -1.000000000000000000, 0.000000000000000000 ) ) ;
#1854 = EDGE_CURVE ( 'NONE', #732, #2033, #580, .T. ) ;
#1855 = ORIENTED_EDGE ( 'NONE', *, *, #2413, .F. ) ;
#1856 = CARTESIAN_POINT ( 'NONE',  ( -1.300000000000000044, 2.649999999999999911, 0.000000000000000000 ) ) ;
#1857 = LINE ( 'NONE', #851, #1876 ) ;
#1858 = CARTESIAN_POINT ( 'NONE',  ( 4.700000000000001066, 3.509016994374947629, 0.5000000000000004441 ) ) ;
#1859 = CARTESIAN_POINT ( 'NONE',  ( 4.700000000000001066, 5.271320343559642296, 0.7499999999999997780 ) ) ;
#1860 = ORIENTED_EDGE ( 'NONE', *, *, #205, .T. ) ;
#1861 =( NAMED_UNIT ( * ) SI_UNIT ( $, .STERADIAN. ) SOLID_ANGLE_UNIT ( ) );
#1862 = ADVANCED_FACE ( 'NONE', ( #2096 ), #541, .T. ) ;
#1863 = EDGE_LOOP ( 'NONE', ( #1542, #1677 ) ) ;
#1864 = VECTOR ( 'NONE', #353, 1000.000000000000000 ) ;
#1865 = EDGE_CURVE ( 'NONE', #1852, #4124, #644, .T. ) ;
#1866 = ORIENTED_EDGE ( 'NONE', *, *, #895, .T. ) ;
#1867 = DIRECTION ( 'NONE',  ( 0.000000000000000000, -1.000000000000000000, 0.000000000000000000 ) ) ;
#1868 = SURFACE_SIDE_STYLE ('',( #32 ) ) ;
#1869 = AXIS2_PLACEMENT_3D ( 'NONE', #3793, #1710, #3742 ) ;
#1870 = DIRECTION ( 'NONE',  ( -0.000000000000000000, -1.000000000000000000, -0.000000000000000000 ) ) ;
#1871 = LINE ( 'NONE', #3199, #3284 ) ;
#1872 = AXIS2_PLACEMENT_3D ( 'NONE', #4036, #392, #2361 ) ;
#1873 = EDGE_LOOP ( 'NONE', ( #3317, #576, #2159, #3570 ) ) ;
#1874 = DIRECTION ( 'NONE',  ( 0.000000000000000000, 0.000000000000000000, 1.000000000000000000 ) ) ;
#1875 = DIRECTION ( 'NONE',  ( 0.000000000000000000, 0.000000000000000000, 1.000000000000000000 ) ) ;
#1876 = VECTOR ( 'NONE', #1142, 1000.000000000000000 ) ;
#1877 = ORIENTED_EDGE ( 'NONE', *, *, #4350, .T. ) ;
#1878 = CARTESIAN_POINT ( 'NONE',  ( -4.949999999999998401, 0.4000000000000010214, -0.2632312247338899902 ) ) ;
#1879 = CIRCLE ( 'NONE', #1196, 0.8999999999999999112 ) ;
#1880 = CARTESIAN_POINT ( 'NONE',  ( 4.200000000000000178, 3.509016994374947629, 0.000000000000000000 ) ) ;
#1881 = AXIS2_PLACEMENT_3D ( 'NONE', #2825, #468, #1896 ) ;
#1882 = DIRECTION ( 'NONE',  ( -1.000000000000000000, 0.000000000000000000, 0.000000000000000000 ) ) ;
#1883 = ADVANCED_FACE ( 'NONE', ( #685 ), #2063, .F. ) ;
#1884 = FACE_OUTER_BOUND ( 'NONE', #1919, .T. ) ;
#1885 = DIRECTION ( 'NONE',  ( 0.000000000000000000, 1.000000000000000000, 0.000000000000000000 ) ) ;
#1886 = CARTESIAN_POINT ( 'NONE',  ( -4.299999999999999822, 3.100000000000000089, 0.000000000000000000 ) ) ;
#1887 = ORIENTED_EDGE ( 'NONE', *, *, #3400, .T. ) ;
#1888 = CARTESIAN_POINT ( 'NONE',  ( 4.700000000000001066, 3.509016994374947629, 0.000000000000000000 ) ) ;
#1889 = CARTESIAN_POINT ( 'NONE',  ( 1.700000000000000178, -0.9499999999999997335, 0.2500000000000003886 ) ) ;
#1890 = VECTOR ( 'NONE', #3575, 1000.000000000000000 ) ;
#1891 = EDGE_CURVE ( 'NONE', #3581, #220, #3531, .T. ) ;
#1892 = CIRCLE ( 'NONE', #2078, 1.399999999999999467 ) ;
#1893 = ADVANCED_FACE ( 'NONE', ( #562 ), #2138, .T. ) ;
#1894 =( LENGTH_UNIT ( ) NAMED_UNIT ( * ) SI_UNIT ( .MILLI., .METRE. ) );
#1895 = CIRCLE ( 'NONE', #3458, 0.8999999999999999112 ) ;
#1896 = DIRECTION ( 'NONE',  ( 0.000000000000000000, 0.000000000000000000, -1.000000000000000000 ) ) ;
#1897 = CARTESIAN_POINT ( 'NONE',  ( 1.700000000000000178, 3.509016994374947629, 0.000000000000000000 ) ) ;
#1898 = EDGE_CURVE ( 'NONE', #281, #846, #2106, .T. ) ;
#1899 = PLANE ( 'NONE',  #591 ) ;
#1900 = EDGE_CURVE ( 'NONE', #1810, #2783, #3538, .T. ) ;
#1901 = CARTESIAN_POINT ( 'NONE',  ( 4.700000000000001066, -1.000000000000000000, -0.2000000000000003164 ) ) ;
#1902 = FACE_OUTER_BOUND ( 'NONE', #391, .T. ) ;
#1903 = ORIENTED_EDGE ( 'NONE', *, *, #1125, .F. ) ;
#1904 = DIRECTION ( 'NONE',  ( 0.000000000000000000, 0.000000000000000000, -1.000000000000000000 ) ) ;
#1905 = EDGE_CURVE ( 'NONE', #3741, #1724, #3571, .T. ) ;
#1906 = SPHERICAL_SURFACE ( 'NONE', #4049, 0.7500000000000000000 ) ;
#1907 = DIRECTION ( 'NONE',  ( 0.000000000000000000, -1.000000000000000000, 0.000000000000000000 ) ) ;
#1908 = FILL_AREA_STYLE ('',( #1530 ) ) ;
#1909 = VERTEX_POINT ( 'NONE', #4193 ) ;
#1910 = SURFACE_STYLE_USAGE ( .BOTH. , #1972 ) ;
#1911 = AXIS2_PLACEMENT_3D ( 'NONE', #3864, #1403, #3189 ) ;
#1912 = LINE ( 'NONE', #3543, #402 ) ;
#1913 = AXIS2_PLACEMENT_3D ( 'NONE', #3580, #909, #834 ) ;
#1914 = DIRECTION ( 'NONE',  ( 0.000000000000000000, 0.000000000000000000, 1.000000000000000000 ) ) ;
#1915 = ADVANCED_FACE ( 'NONE', ( #2040 ), #552, .T. ) ;
#1916 = DIRECTION ( 'NONE',  ( 0.000000000000000000, -0.03489949670250105246, -0.9993908270190957621 ) ) ;
#1917 = LINE ( 'NONE', #2519, #1956 ) ;
#1918 = CARTESIAN_POINT ( 'NONE',  ( -4.299999999999999822, 3.100000000000000533, 0.000000000000000000 ) ) ;
#1919 = EDGE_LOOP ( 'NONE', ( #3610, #1689 ) ) ;
#1920 = DIRECTION ( 'NONE',  ( 0.000000000000000000, 0.000000000000000000, 1.000000000000000000 ) ) ;
#1921 = PLANE ( 'NONE',  #2378 ) ;
#1922 = CYLINDRICAL_SURFACE ( 'NONE', #1413, 0.2500000000000003886 ) ;
#1923 = ORIENTED_EDGE ( 'NONE', *, *, #3875, .F. ) ;
#1924 = ADVANCED_FACE ( 'NONE', ( #3546 ), #3578, .T. ) ;
#1925 = FACE_OUTER_BOUND ( 'NONE', #226, .T. ) ;
#1926 = AXIS2_PLACEMENT_3D ( 'NONE', #894, #1501, #1533 ) ;
#1927 = CARTESIAN_POINT ( 'NONE',  ( -4.299999999999999822, -1.000000000000000000, 0.000000000000000000 ) ) ;
#1928 = CYLINDRICAL_SURFACE ( 'NONE', #3992, 1.650000000000000577 ) ;
#1929 = DIRECTION ( 'NONE',  ( -0.000000000000000000, -1.000000000000000000, -0.000000000000000000 ) ) ;
#1930 = CARTESIAN_POINT ( 'NONE',  ( 1.700000000000000178, 2.950000000000000178, 0.000000000000000000 ) ) ;
#1931 = EDGE_LOOP ( 'NONE', ( #4149, #2963 ) ) ;
#1932 = DIRECTION ( 'NONE',  ( 1.000000000000000000, -0.000000000000000000, 1.224646799147353207E-16 ) ) ;
#1933 = DIRECTION ( 'NONE',  ( 0.000000000000000000, 0.000000000000000000, 1.000000000000000000 ) ) ;
#1934 = FACE_OUTER_BOUND ( 'NONE', #1767, .T. ) ;
#1935 = CLOSED_SHELL ( 'NONE', ( #3725, #1184, #2887, #4102, #1646, #1085 ) ) ;
#1936 = CARTESIAN_POINT ( 'NONE',  ( -4.299999999999999822, 0.4000000000000001887, -0.8999999999999999112 ) ) ;
#1937 = CIRCLE ( 'NONE', #1625, 0.7499999999999997780 ) ;
#1938 = AXIS2_PLACEMENT_3D ( 'NONE', #4284, #293, #706 ) ;
#1939 = CARTESIAN_POINT ( 'NONE',  ( -8.049999999999998934, 0.4000000000000001887, 0.000000000000000000 ) ) ;
#1940 = CARTESIAN_POINT ( 'NONE',  ( 8.049999999999998934, 2.949999999999999734, 0.000000000000000000 ) ) ;
#1941 = CARTESIAN_POINT ( 'NONE',  ( 4.700000000000001066, 2.649999999999999911, 0.000000000000000000 ) ) ;
#1942 = VECTOR ( 'NONE', #1166, 1000.000000000000000 ) ;
#1943 = CIRCLE ( 'NONE', #1872, 0.2500000000000002220 ) ;
#1944 = AXIS2_PLACEMENT_3D ( 'NONE', #2274, #2448, #2505 ) ;
#1945 = CARTESIAN_POINT ( 'NONE',  ( 8.195000000000000284, -0.9499999999999995115, -1.550000000000001377 ) ) ;
#1946 = LINE ( 'NONE', #3231, #390 ) ;
#1947 = DIRECTION ( 'NONE',  ( -0.000000000000000000, -1.000000000000000000, -0.000000000000000000 ) ) ;
#1948 = CARTESIAN_POINT ( 'NONE',  ( -1.300000000000000044, 3.100000000000000089, 0.000000000000000000 ) ) ;
#1949 = VERTEX_POINT ( 'NONE', #789 ) ;
#1950 = DIRECTION ( 'NONE',  ( 0.000000000000000000, 0.000000000000000000, 1.000000000000000000 ) ) ;
#1951 = EDGE_CURVE ( 'NONE', #3307, #3134, #1989, .T. ) ;
#1952 = DIRECTION ( 'NONE',  ( 0.000000000000000000, 1.000000000000000000, 0.000000000000000000 ) ) ;
#1953 = FACE_OUTER_BOUND ( 'NONE', #3357, .T. ) ;
#1954 = AXIS2_PLACEMENT_3D ( 'NONE', #1414, #1786, #3165 ) ;
#1955 = ADVANCED_FACE ( 'NONE', ( #2071 ), #3466, .T. ) ;
#1956 = VECTOR ( 'NONE', #2843, 1000.000000000000000 ) ;
#1957 = EDGE_CURVE ( 'NONE', #1787, #2471, #3473, .T. ) ;
#1958 = LINE ( 'NONE', #4339, #1864 ) ;
#1959 = CARTESIAN_POINT ( 'NONE',  ( 8.195000000000000284, -0.9499999999999995115, -9.558368267345090462E-16 ) ) ;
#1960 = DIRECTION ( 'NONE',  ( -1.000000000000000000, 0.000000000000000000, -0.000000000000000000 ) ) ;
#1961 = DIRECTION ( 'NONE',  ( 0.000000000000000000, -1.000000000000000000, 0.000000000000000000 ) ) ;
#1962 = CARTESIAN_POINT ( 'NONE',  ( 8.205000000000000071, 3.050000000000002487, -4.898587196589386574E-17 ) ) ;
#1963 = FACE_OUTER_BOUND ( 'NONE', #3774, .T. ) ;
#1964 = SURFACE_STYLE_USAGE ( .BOTH. , #1592 ) ;
#1965 = EDGE_CURVE ( 'NONE', #3831, #566, #636, .T. ) ;
#1966 = AXIS2_PLACEMENT_3D ( 'NONE', #3997, #774, #747 ) ;
#1967 = SURFACE_STYLE_USAGE ( .BOTH. , #2487 ) ;
#1968 = DIRECTION ( 'NONE',  ( 0.000000000000000000, 0.000000000000000000, -1.000000000000000000 ) ) ;
#1969 = CIRCLE ( 'NONE', #3245, 2.026000000000002021 ) ;
#1970 = AXIS2_PLACEMENT_3D ( 'NONE', #348, #695, #47 ) ;
#1971 = VERTEX_POINT ( 'NONE', #2415 ) ;
#1972 = SURFACE_SIDE_STYLE ('',( #3549 ) ) ;
#1973 = LINE ( 'NONE', #2744, #3434 ) ;
#1974 = PRESENTATION_LAYER_ASSIGNMENT (  '', '', ( #2755 ) ) ;
#1975 = CARTESIAN_POINT ( 'NONE',  ( 1.700000000000000178, 3.100000000000000533, 0.000000000000000000 ) ) ;
#1976 = SURFACE_STYLE_FILL_AREA ( #2864 ) ;
#1977 = CARTESIAN_POINT ( 'NONE',  ( 8.000000000000000000, 2.149999999999999911, 0.000000000000000000 ) ) ;
#1978 = CARTESIAN_POINT ( 'NONE',  ( -7.804999999999999716, 2.649999999999999911, -9.558368267345090462E-16 ) ) ;
#1979 = FACE_OUTER_BOUND ( 'NONE', #2981, .T. ) ;
#1980 = ADVANCED_FACE ( 'NONE', ( #2086 ), #3443, .T. ) ;
#1981 = EDGE_CURVE ( 'NONE', #3588, #2336, #666, .T. ) ;
#1982 = DIRECTION ( 'NONE',  ( -0.000000000000000000, 1.000000000000000000, -0.000000000000000000 ) ) ;
#1983 = CARTESIAN_POINT ( 'NONE',  ( 4.950000000000001954, -14.85791365496260497, -0.9259999999999999343 ) ) ;
#1984 = ADVANCED_FACE ( 'NONE', ( #3553 ), #554, .T. ) ;
#1985 = PRODUCT_RELATED_PRODUCT_CATEGORY ( 'part', '', ( #935 ) ) ;
#1986 = AXIS2_PLACEMENT_3D ( 'NONE', #3386, #1063, #1006 ) ;
#1987 = CARTESIAN_POINT ( 'NONE',  ( 1.700000000000000178, 3.509016994374947629, 0.000000000000000000 ) ) ;
#1988 = PRESENTATION_LAYER_ASSIGNMENT (  '', '', ( #2991 ) ) ;
#1989 = CIRCLE ( 'NONE', #3719, 0.8999999999999999112 ) ;
#1990 = CARTESIAN_POINT ( 'NONE',  ( -8.049999999999998934, 0.000000000000000000, 0.000000000000000000 ) ) ;
#1991 = ORIENTED_EDGE ( 'NONE', *, *, #4225, .F. ) ;
#1992 = DIRECTION ( 'NONE',  ( 0.000000000000000000, 1.000000000000000000, 0.000000000000000000 ) ) ;
#1993 = CYLINDRICAL_SURFACE ( 'NONE', #998, 0.7499999999999997780 ) ;
#1994 = ORIENTED_EDGE ( 'NONE', *, *, #2494, .T. ) ;
#1995 = DIRECTION ( 'NONE',  ( -0.000000000000000000, -1.000000000000000000, -0.000000000000000000 ) ) ;
#1996 = DIRECTION ( 'NONE',  ( 0.000000000000000000, -1.000000000000000000, 0.000000000000000000 ) ) ;
#1997 = CIRCLE ( 'NONE', #725, 0.2000000000000003164 ) ;
#1998 = EDGE_LOOP ( 'NONE', ( #1721, #3170, #3548, #658 ) ) ;
#1999 = CIRCLE ( 'NONE', #282, 0.7499999999999997780 ) ;
#2000 = VERTEX_POINT ( 'NONE', #4383 ) ;
#2001 = UNCERTAINTY_MEASURE_WITH_UNIT (LENGTH_MEASURE( 1.000000000000000082E-05 ), #2766, 'distance_accuracy_value', 'NONE');
#2002 = EDGE_CURVE ( 'NONE', #2578, #597, #3594, .T. ) ;
#2003 = CARTESIAN_POINT ( 'NONE',  ( -8.000000000000000000, 2.149999999999999911, -2.026000000000002021 ) ) ;
#2004 = CARTESIAN_POINT ( 'NONE',  ( -7.804999999999999716, 3.149999999999999911, -1.599999999999997868 ) ) ;
#2005 = DIRECTION ( 'NONE',  ( 0.000000000000000000, 0.000000000000000000, 1.000000000000000000 ) ) ;
#2006 = VERTEX_POINT ( 'NONE', #2367 ) ;
#2007 = DIRECTION ( 'NONE',  ( 0.000000000000000000, 0.000000000000000000, 1.000000000000000000 ) ) ;
#2008 = FACE_OUTER_BOUND ( 'NONE', #1743, .T. ) ;
#2009 = DIRECTION ( 'NONE',  ( -0.000000000000000000, -1.000000000000000000, -0.000000000000000000 ) ) ;
#2010 = ORIENTED_EDGE ( 'NONE', *, *, #1900, .F. ) ;
#2011 = CIRCLE ( 'NONE', #1869, 0.7499999999999997780 ) ;
#2012 = ORIENTED_EDGE ( 'NONE', *, *, #479, .F. ) ;
#2013 = VERTEX_POINT ( 'NONE', #398 ) ;
#2014 = VECTOR ( 'NONE', #837, 1000.000000000000000 ) ;
#2015 = ORIENTED_EDGE ( 'NONE', *, *, #598, .F. ) ;
#2016 = DIRECTION ( 'NONE',  ( -0.000000000000000000, -1.000000000000000000, -0.000000000000000000 ) ) ;
#2017 = DIRECTION ( 'NONE',  ( -0.000000000000000000, 1.000000000000000000, -0.000000000000000000 ) ) ;
#2018 = AXIS2_PLACEMENT_3D ( 'NONE', #1273, #3395, #2734 ) ;
#2019 = ORIENTED_EDGE ( 'NONE', *, *, #1127, .F. ) ;
#2020 = DIRECTION ( 'NONE',  ( 0.000000000000000000, 0.000000000000000000, -1.000000000000000000 ) ) ;
#2021 = ORIENTED_EDGE ( 'NONE', *, *, #3669, .F. ) ;
#2022 = CARTESIAN_POINT ( 'NONE',  ( -4.299999999999999822, 3.100000000000000089, 0.6999999999999997335 ) ) ;
#2023 = ORIENTED_EDGE ( 'NONE', *, *, #2320, .F. ) ;
#2024 = ORIENTED_EDGE ( 'NONE', *, *, #563, .F. ) ;
#2025 = DIRECTION ( 'NONE',  ( 0.000000000000000000, -1.000000000000000000, 0.000000000000000000 ) ) ;
#2026 = AXIS2_PLACEMENT_3D ( 'NONE', #1888, #4299, #4240 ) ;
#2027 = LINE ( 'NONE', #126, #2014 ) ;
#2028 = ORIENTED_EDGE ( 'NONE', *, *, #4219, .T. ) ;
#2029 = AXIS2_PLACEMENT_3D ( 'NONE', #729, #1982, #1028 ) ;
#2030 = ADVANCED_FACE ( 'NONE', ( #678 ), #3452, .T. ) ;
#2031 = DIRECTION ( 'NONE',  ( 0.000000000000000000, 1.000000000000000000, 0.000000000000000000 ) ) ;
#2032 = DIRECTION ( 'NONE',  ( 0.000000000000000000, 0.000000000000000000, 1.000000000000000000 ) ) ;
#2033 = VERTEX_POINT ( 'NONE', #3382 ) ;
#2034 = ORIENTED_EDGE ( 'NONE', *, *, #395, .T. ) ;
#2035 = DIRECTION ( 'NONE',  ( -0.000000000000000000, 1.000000000000000000, -0.000000000000000000 ) ) ;
#2036 = CARTESIAN_POINT ( 'NONE',  ( -4.299999999999999822, 2.649999999999999911, 0.7499999999999997780 ) ) ;
#2037 =( NAMED_UNIT ( * ) PLANE_ANGLE_UNIT ( ) SI_UNIT ( $, .RADIAN. ) );
#2038 = AXIS2_PLACEMENT_3D ( 'NONE', #2994, #1289, #3960 ) ;
#2039 = ORIENTED_EDGE ( 'NONE', *, *, #2269, .F. ) ;
#2040 = FACE_OUTER_BOUND ( 'NONE', #4279, .T. ) ;
#2041 = ORIENTED_EDGE ( 'NONE', *, *, #1650, .T. ) ;
#2042 = EDGE_LOOP ( 'NONE', ( #261, #3572, #1393, #2061 ) ) ;
#2043 = DIRECTION ( 'NONE',  ( 0.000000000000000000, 1.000000000000000000, 0.000000000000000000 ) ) ;
#2044 = CARTESIAN_POINT ( 'NONE',  ( 5.950000000000001954, 1.049999999999999822, -0.9260000000000003784 ) ) ;
#2045 = PLANE ( 'NONE',  #3613 ) ;
#2046 = DIRECTION ( 'NONE',  ( 8.659560562354920532E-17, 0.7071067811865486830, -0.7071067811865464625 ) ) ;
#2047 = ORIENTED_EDGE ( 'NONE', *, *, #3257, .F. ) ;
#2048 = ORIENTED_EDGE ( 'NONE', *, *, #4075, .T. ) ;
#2049 = EDGE_CURVE ( 'NONE', #707, #2776, #1997, .T. ) ;
#2050 = CARTESIAN_POINT ( 'NONE',  ( 1.700000000000000178, 2.649999999999999911, 0.000000000000000000 ) ) ;
#2051 = FACE_OUTER_BOUND ( 'NONE', #1113, .T. ) ;
#2052 = ORIENTED_EDGE ( 'NONE', *, *, #528, .T. ) ;
#2053 = DIRECTION ( 'NONE',  ( -0.000000000000000000, -1.000000000000000000, -0.000000000000000000 ) ) ;
#2054 = DIRECTION ( 'NONE',  ( 1.000000000000000000, -0.000000000000000000, 1.224646799147353207E-16 ) ) ;
#2055 = CARTESIAN_POINT ( 'NONE',  ( -4.299999999999999822, -1.000000000000000000, 0.2000000000000003164 ) ) ;
#2056 = ORIENTED_EDGE ( 'NONE', *, *, #479, .T. ) ;
#2057 = ORIENTED_EDGE ( 'NONE', *, *, #654, .F. ) ;
#2058 = CARTESIAN_POINT ( 'NONE',  ( -7.804999999999999716, 2.649999999999999911, 1.499999999999998668 ) ) ;
#2059 = EDGE_CURVE ( 'NONE', #220, #3581, #2011, .T. ) ;
#2060 = CIRCLE ( 'NONE', #3219, 0.6999999999999997335 ) ;
#2061 = ORIENTED_EDGE ( 'NONE', *, *, #805, .T. ) ;
#2062 = DIRECTION ( 'NONE',  ( 0.000000000000000000, -0.000000000000000000, 1.000000000000000000 ) ) ;
#2063 = CONICAL_SURFACE ( 'NONE', #2989, 1.500000000000000666, 0.7853981633974428389 ) ;
#2064 = VERTEX_POINT ( 'NONE', #3023 ) ;
#2065 = CARTESIAN_POINT ( 'NONE',  ( -4.299999999999999822, 3.149999999999999911, 0.000000000000000000 ) ) ;
#2066 = CYLINDRICAL_SURFACE ( 'NONE', #3151, 0.5000000000000004441 ) ;
#2067 = SURFACE_SIDE_STYLE ('',( #4199 ) ) ;
#2068 = ORIENTED_EDGE ( 'NONE', *, *, #2285, .T. ) ;
#2069 = DIRECTION ( 'NONE',  ( 0.000000000000000000, -0.000000000000000000, 1.000000000000000000 ) ) ;
#2070 = ADVANCED_FACE ( 'NONE', ( #653 ), #3490, .F. ) ;
#2071 = FACE_OUTER_BOUND ( 'NONE', #345, .T. ) ;
#2072 = ORIENTED_EDGE ( 'NONE', *, *, #4181, .T. ) ;
#2073 = VECTOR ( 'NONE', #1386, 1000.000000000000000 ) ;
#2074 = ORIENTED_EDGE ( 'NONE', *, *, #3222, .F. ) ;
#2075 = CARTESIAN_POINT ( 'NONE',  ( -1.300000000000000044, 2.649999999999999911, -0.7499999999999997780 ) ) ;
#2076 = CARTESIAN_POINT ( 'NONE',  ( 8.195000000000000284, 3.050000000000000711, 1.399999999999998579 ) ) ;
#2077 = CARTESIAN_POINT ( 'NONE',  ( -8.049999999999998934, 2.149999999999999911, 0.000000000000000000 ) ) ;
#2078 = AXIS2_PLACEMENT_3D ( 'NONE', #33, #437, #767 ) ;
#2079 = VERTEX_POINT ( 'NONE', #3496 ) ;
#2080 = CARTESIAN_POINT ( 'NONE',  ( 4.700000000000001066, 3.100000000000000533, 0.000000000000000000 ) ) ;
#2081 = CIRCLE ( 'NONE', #1325, 0.5000000000000004441 ) ;
#2082 = ORIENTED_EDGE ( 'NONE', *, *, #4232, .F. ) ;
#2083 = AXIS2_PLACEMENT_3D ( 'NONE', #29, #2647, #2084 ) ;
#2084 = DIRECTION ( 'NONE',  ( 0.000000000000000000, 0.000000000000000000, -1.000000000000000000 ) ) ;
#2085 = DIRECTION ( 'NONE',  ( 0.000000000000000000, -0.000000000000000000, 1.000000000000000000 ) ) ;
#2086 = FACE_OUTER_BOUND ( 'NONE', #26, .T. ) ;
#2087 = EDGE_CURVE ( 'NONE', #2330, #256, #3499, .T. ) ;
#2088 = AXIS2_PLACEMENT_3D ( 'NONE', #2111, #1738, #4277 ) ;
#2089 = ORIENTED_EDGE ( 'NONE', *, *, #3885, .T. ) ;
#2090 = AXIS2_PLACEMENT_3D ( 'NONE', #3646, #449, #2456 ) ;
#2091 = DIRECTION ( 'NONE',  ( -0.000000000000000000, -0.000000000000000000, -1.000000000000000000 ) ) ;
#2092 = ORIENTED_EDGE ( 'NONE', *, *, #310, .F. ) ;
#2093 = ADVANCED_FACE ( 'NONE', ( #2212 ), #818, .T. ) ;
#2094 = DIRECTION ( 'NONE',  ( 0.000000000000000000, 0.000000000000000000, 1.000000000000000000 ) ) ;
#2095 = AXIS2_PLACEMENT_3D ( 'NONE', #3295, #4226, #911 ) ;
#2096 = FACE_OUTER_BOUND ( 'NONE', #3813, .T. ) ;
#2097 = ORIENTED_EDGE ( 'NONE', *, *, #4265, .T. ) ;
#2098 = VERTEX_POINT ( 'NONE', #1313 ) ;
#2099 = DIRECTION ( 'NONE',  ( 0.000000000000000000, 1.000000000000000000, 0.000000000000000000 ) ) ;
#2100 = CARTESIAN_POINT ( 'NONE',  ( 4.700000000000001066, 2.649999999999999911, 0.7499999999999997780 ) ) ;
#2101 = CIRCLE ( 'NONE', #2420, 0.5000000000000004441 ) ;
#2102 = VERTEX_POINT ( 'NONE', #1678 ) ;
#2103 = DIRECTION ( 'NONE',  ( -0.000000000000000000, -1.000000000000000000, -0.000000000000000000 ) ) ;
#2104 = CARTESIAN_POINT ( 'NONE',  ( 1.700000000000000178, 2.950000000000000178, 0.000000000000000000 ) ) ;
#2105 = AXIS2_PLACEMENT_3D ( 'NONE', #1485, #4215, #3509 ) ;
#2106 = LINE ( 'NONE', #2279, #520 ) ;
#2107 = ORIENTED_EDGE ( 'NONE', *, *, #1771, .F. ) ;
#2108 = CYLINDRICAL_SURFACE ( 'NONE', #1053, 1.650000000000000577 ) ;
#2109 = ORIENTED_EDGE ( 'NONE', *, *, #1712, .T. ) ;
#2110 = CARTESIAN_POINT ( 'NONE',  ( -1.300000000000000044, 3.149999999999999911, -0.6999999999999997335 ) ) ;
#2111 = CARTESIAN_POINT ( 'NONE',  ( 4.700000000000001066, 2.649999999999999911, 0.000000000000000000 ) ) ;
#2112 = EDGE_CURVE ( 'NONE', #859, #1069, #692, .T. ) ;
#2113 = UNCERTAINTY_MEASURE_WITH_UNIT (LENGTH_MEASURE( 1.000000000000000082E-05 ), #1141, 'distance_accuracy_value', 'NONE');
#2114 = ADVANCED_FACE ( 'NONE', ( #2272 ), #801, .T. ) ;
#2115 = CARTESIAN_POINT ( 'NONE',  ( -8.049999999999997158, 2.949999999999999734, -2.899999999999999467 ) ) ;
#2116 = ORIENTED_EDGE ( 'NONE', *, *, #762, .T. ) ;
#2117 = CARTESIAN_POINT ( 'NONE',  ( 1.700000000000000178, 2.649999999999999911, 0.000000000000000000 ) ) ;
#2118 = AXIS2_PLACEMENT_3D ( 'NONE', #1717, #2091, #2398 ) ;
#2119 = VERTEX_POINT ( 'NONE', #436 ) ;
#2120 = CARTESIAN_POINT ( 'NONE',  ( 4.700000000000001066, 3.149999999999999911, -0.7999999999999986011 ) ) ;
#2121 = DIRECTION ( 'NONE',  ( 0.000000000000000000, 1.000000000000000000, 0.000000000000000000 ) ) ;
#2122 = EDGE_CURVE ( 'NONE', #3966, #121, #2145, .T. ) ;
#2123 = ORIENTED_EDGE ( 'NONE', *, *, #3661, .F. ) ;
#2124 = SURFACE_STYLE_FILL_AREA ( #3541 ) ;
#2125 = ORIENTED_EDGE ( 'NONE', *, *, #238, .F. ) ;
#2126 = EDGE_CURVE ( 'NONE', #2691, #2344, #2177, .T. ) ;
#2127 = CARTESIAN_POINT ( 'NONE',  ( -4.069999999999999396, 3.220837012152985679, 1.925999999999999934 ) ) ;
#2128 = ORIENTED_EDGE ( 'NONE', *, *, #2413, .T. ) ;
#2129 = ORIENTED_EDGE ( 'NONE', *, *, #4217, .T. ) ;
#2130 = CARTESIAN_POINT ( 'NONE',  ( 4.700000000000001066, 3.100000000000000533, 0.000000000000000000 ) ) ;
#2131 = DIRECTION ( 'NONE',  ( 0.000000000000000000, 0.000000000000000000, 1.000000000000000000 ) ) ;
#2132 = EDGE_CURVE ( 'NONE', #2946, #1574, #2163, .T. ) ;
#2133 = LINE ( 'NONE', #1357, #2155 ) ;
#2134 = AXIS2_PLACEMENT_3D ( 'NONE', #1108, #94, #1436 ) ;
#2135 = ORIENTED_EDGE ( 'NONE', *, *, #1478, .F. ) ;
#2136 = ADVANCED_FACE ( 'NONE', ( #3708 ), #712, .T. ) ;
#2137 = CARTESIAN_POINT ( 'NONE',  ( -4.299999999999999822, -0.9499999999999997335, 0.000000000000000000 ) ) ;
#2138 = CYLINDRICAL_SURFACE ( 'NONE', #99, 0.7499999999999997780 ) ;
#2139 = VERTEX_POINT ( 'NONE', #2418 ) ;
#2140 = ORIENTED_EDGE ( 'NONE', *, *, #905, .T. ) ;
#2141 = FACE_OUTER_BOUND ( 'NONE', #1863, .T. ) ;
#2142 = CARTESIAN_POINT ( 'NONE',  ( -4.299999999999999822, 2.950000000000000178, 0.000000000000000000 ) ) ;
#2143 = DIRECTION ( 'NONE',  ( 0.000000000000000000, -1.000000000000000000, 0.000000000000000000 ) ) ;
#2144 = CARTESIAN_POINT ( 'NONE',  ( 4.700000000000001066, 0.000000000000000000, 0.000000000000000000 ) ) ;
#2145 = LINE ( 'NONE', #1035, #2191 ) ;
#2146 = ORIENTED_EDGE ( 'NONE', *, *, #3755, .F. ) ;
#2147 = CARTESIAN_POINT ( 'NONE',  ( 8.205000000000000071, 2.649999999999999911, -4.898587196589386574E-17 ) ) ;
#2148 = AXIS2_PLACEMENT_3D ( 'NONE', #3931, #2572, #3883 ) ;
#2149 = DIRECTION ( 'NONE',  ( 0.000000000000000000, 0.000000000000000000, 1.000000000000000000 ) ) ;
#2150 = PLANE ( 'NONE',  #1589 ) ;
#2151 = ADVANCED_FACE ( 'NONE', ( #3677 ), #3637, .F. ) ;
#2152 = CARTESIAN_POINT ( 'NONE',  ( 4.700000000000001066, 2.649999999999999911, 0.000000000000000000 ) ) ;
#2153 = CARTESIAN_POINT ( 'NONE',  ( -1.300000000000000044, 3.149999999999999911, 0.5000000000000004441 ) ) ;
#2154 = VERTEX_POINT ( 'NONE', #1410 ) ;
#2155 = VECTOR ( 'NONE', #3726, 1000.000000000000000 ) ;
#2156 = PRESENTATION_LAYER_ASSIGNMENT (  '', '', ( #3907 ) ) ;
#2157 = FACE_BOUND ( 'NONE', #2172, .T. ) ;
#2158 = ORIENTED_EDGE ( 'NONE', *, *, #895, .F. ) ;
#2159 = ORIENTED_EDGE ( 'NONE', *, *, #3822, .F. ) ;
#2160 = CARTESIAN_POINT ( 'NONE',  ( -4.299999999999999822, -1.000000000000000000, 0.000000000000000000 ) ) ;
#2161 = CARTESIAN_POINT ( 'NONE',  ( -7.804999999999999716, -0.8500000000000000888, -9.558368267345090462E-16 ) ) ;
#2162 = DIRECTION ( 'NONE',  ( 0.000000000000000000, 0.000000000000000000, 1.000000000000000000 ) ) ;
#2163 = LINE ( 'NONE', #330, #2267 ) ;
#2164 = EDGE_LOOP ( 'NONE', ( #347, #884 ) ) ;
#2165 = ORIENTED_EDGE ( 'NONE', *, *, #1235, .F. ) ;
#2166 = EDGE_CURVE ( 'NONE', #3244, #2013, #763, .T. ) ;
#2167 = DIRECTION ( 'NONE',  ( 0.000000000000000000, 0.000000000000000000, 1.000000000000000000 ) ) ;
#2168 = DIRECTION ( 'NONE',  ( 0.000000000000000000, 1.000000000000000000, 0.000000000000000000 ) ) ;
#2169 = AXIS2_PLACEMENT_3D ( 'NONE', #3323, #1932, #2923 ) ;
#2170 = LINE ( 'NONE', #3469, #2251 ) ;
#2171 = EDGE_LOOP ( 'NONE', ( #3483, #648, #2867, #3291 ) ) ;
#2172 = EDGE_LOOP ( 'NONE', ( #204, #3142 ) ) ;
#2173 = CARTESIAN_POINT ( 'NONE',  ( -1.300000000000000044, 3.149999999999999911, 0.7999999999999986011 ) ) ;
#2174 = COLOUR_RGB ( '',0.7921568627450980005, 0.8196078431372548767, 0.9333333333333333481 ) ;
#2175 = CARTESIAN_POINT ( 'NONE',  ( 4.700000000000001066, -5.695584412271569974, 0.000000000000000000 ) ) ;
#2176 = FILL_AREA_STYLE_COLOUR ( '', #749 ) ;
#2177 = CIRCLE ( 'NONE', #1827, 0.1000000000000000472 ) ;
#2178 = EDGE_CURVE ( 'NONE', #3741, #3204, #3621, .T. ) ;
#2179 = ORIENTED_EDGE ( 'NONE', *, *, #2434, .F. ) ;
#2180 = ORIENTED_EDGE ( 'NONE', *, *, #3213, .F. ) ;
#2181 = DIRECTION ( 'NONE',  ( -0.000000000000000000, -1.000000000000000000, -0.000000000000000000 ) ) ;
#2182 = CIRCLE ( 'NONE', #2238, 0.7499999999999997780 ) ;
#2183 = ADVANCED_FACE ( 'NONE', ( #3659 ), #63, .F. ) ;
#2184 = SURFACE_STYLE_USAGE ( .BOTH. , #3850 ) ;
#2185 = AXIS2_PLACEMENT_3D ( 'NONE', #1343, #3687, #4280 ) ;
#2186 = ORIENTED_EDGE ( 'NONE', *, *, #2694, .F. ) ;
#2187 = EDGE_LOOP ( 'NONE', ( #2730, #4236, #2725, #4242 ) ) ;
#2188 = DIRECTION ( 'NONE',  ( 0.000000000000000000, 1.000000000000000000, 0.000000000000000000 ) ) ;
#2189 = CARTESIAN_POINT ( 'NONE',  ( 4.950000000000001066, 0.4000000000000010214, 1.925999999999999934 ) ) ;
#2190 = CARTESIAN_POINT ( 'NONE',  ( 1.700000000000000178, 2.649999999999999911, 0.000000000000000000 ) ) ;
#2191 = VECTOR ( 'NONE', #740, 1000.000000000000000 ) ;
#2192 = AXIS2_PLACEMENT_3D ( 'NONE', #3407, #4377, #3056 ) ;
#2193 = VERTEX_POINT ( 'NONE', #4315 ) ;
#2194 = DIRECTION ( 'NONE',  ( -0.000000000000000000, -1.000000000000000000, -0.000000000000000000 ) ) ;
#2195 = CARTESIAN_POINT ( 'NONE',  ( 8.205000000000000071, 2.649999999999999911, 1.500000000000000666 ) ) ;
#2196 = DIRECTION ( 'NONE',  ( 0.000000000000000000, 1.000000000000000000, 0.000000000000000000 ) ) ;
#2197 = DIRECTION ( 'NONE',  ( 0.000000000000000000, 0.000000000000000000, 1.000000000000000000 ) ) ;
#2198 = CARTESIAN_POINT ( 'NONE',  ( -7.804999999999999716, 1.049999999999999822, 1.649999999999999689 ) ) ;
#2199 = CIRCLE ( 'NONE', #734, 2.699999999999998845 ) ;
#2200 = MANIFOLD_SOLID_BREP ( 'Fillet6', #1007 ) ;
#2201 = ORIENTED_EDGE ( 'NONE', *, *, #1365, .F. ) ;
#2202 = CARTESIAN_POINT ( 'NONE',  ( -5.949999999999998401, 0.4000000000000010214, 0.2632312247338884359 ) ) ;
#2203 = DIRECTION ( 'NONE',  ( 0.000000000000000000, 0.000000000000000000, -1.000000000000000000 ) ) ;
#2204 = DIRECTION ( 'NONE',  ( -0.000000000000000000, -1.000000000000000000, -0.000000000000000000 ) ) ;
#2205 = CARTESIAN_POINT ( 'NONE',  ( -1.300000000000000044, 0.4000000000000001887, 0.8999999999999999112 ) ) ;
#2206 = CARTESIAN_POINT ( 'NONE',  ( -5.799999999999999822, -4.657106781186548083, -1.189999999999999725 ) ) ;
#2207 = FACE_OUTER_BOUND ( 'NONE', #1565, .T. ) ;
#2208 = AXIS2_PLACEMENT_3D ( 'NONE', #1444, #3598, #2555 ) ;
#2209 = AXIS2_PLACEMENT_3D ( 'NONE', #3652, #2936, #1251 ) ;
#2210 = ORIENTED_EDGE ( 'NONE', *, *, #2434, .T. ) ;
#2211 = ADVANCED_FACE ( 'NONE', ( #2157, #3614 ), #2150, .T. ) ;
#2212 = FACE_OUTER_BOUND ( 'NONE', #1549, .T. ) ;
#2213 = ORIENTED_EDGE ( 'NONE', *, *, #1385, .F. ) ;
#2214 = ORIENTED_EDGE ( 'NONE', *, *, #4217, .F. ) ;
#2215 = DIRECTION ( 'NONE',  ( 0.000000000000000000, 0.000000000000000000, 1.000000000000000000 ) ) ;
#2216 = DIRECTION ( 'NONE',  ( 0.000000000000000000, 0.000000000000000000, 1.000000000000000000 ) ) ;
#2217 = DIRECTION ( 'NONE',  ( -0.000000000000000000, -1.000000000000000000, -0.000000000000000000 ) ) ;
#2218 = ADVANCED_FACE ( 'NONE', ( #775 ), #369, .F. ) ;
#2219 = EDGE_CURVE ( 'NONE', #2776, #3516, #3630, .T. ) ;
#2220 = CARTESIAN_POINT ( 'NONE',  ( 4.700000000000001066, 3.509016994374947629, -0.5000000000000004441 ) ) ;
#2221 = SURFACE_STYLE_FILL_AREA ( #1655 ) ;
#2222 = ORIENTED_EDGE ( 'NONE', *, *, #4275, .T. ) ;
#2223 = AXIS2_PLACEMENT_3D ( 'NONE', #891, #3152, #3911 ) ;
#2224 = DIRECTION ( 'NONE',  ( 0.000000000000000000, 1.000000000000000000, 0.000000000000000000 ) ) ;
#2225 = CARTESIAN_POINT ( 'NONE',  ( 1.700000000000000178, 3.100000000000000089, 0.000000000000000000 ) ) ;
#2226 = CARTESIAN_POINT ( 'NONE',  ( -4.299999999999999822, 3.100000000000000089, 0.000000000000000000 ) ) ;
#2227 = LINE ( 'NONE', #166, #721 ) ;
#2228 = ORIENTED_EDGE ( 'NONE', *, *, #3257, .T. ) ;
#2229 = CARTESIAN_POINT ( 'NONE',  ( -1.300000000000000044, -1.000000000000000000, 0.000000000000000000 ) ) ;
#2230 = SURFACE_STYLE_USAGE ( .BOTH. , #530 ) ;
#2231 = EDGE_CURVE ( 'NONE', #3244, #2863, #3683, .T. ) ;
#2232 = CARTESIAN_POINT ( 'NONE',  ( -4.299999999999999822, 3.100000000000000533, 0.000000000000000000 ) ) ;
#2233 = DIRECTION ( 'NONE',  ( 0.000000000000000000, 0.000000000000000000, 1.000000000000000000 ) ) ;
#2234 = CARTESIAN_POINT ( 'NONE',  ( -4.299999999999999822, 3.509016994374947629, 0.000000000000000000 ) ) ;
#2235 = CARTESIAN_POINT ( 'NONE',  ( -7.804999999999999716, 2.649999999999999911, -9.558368267345090462E-16 ) ) ;
#2236 = COLOUR_RGB ( '',0.2509803921568627416, 0.2509803921568627416, 0.2509803921568627416 ) ;
#2237 = ORIENTED_EDGE ( 'NONE', *, *, #3145, .T. ) ;
#2238 = AXIS2_PLACEMENT_3D ( 'NONE', #3800, #1723, #772 ) ;
#2239 = LINE ( 'NONE', #1691, #787 ) ;
#2240 = AXIS2_PLACEMENT_3D ( 'NONE', #1987, #735, #1741 ) ;
#2241 = FACE_OUTER_BOUND ( 'NONE', #1183, .T. ) ;
#2242 = ORIENTED_EDGE ( 'NONE', *, *, #67, .T. ) ;
#2243 = CARTESIAN_POINT ( 'NONE',  ( -7.804999999999999716, -0.8500000000000000888, -1.550000000000001377 ) ) ;
#2244 = DIRECTION ( 'NONE',  ( -0.000000000000000000, -1.000000000000000000, -0.000000000000000000 ) ) ;
#2245 = CARTESIAN_POINT ( 'NONE',  ( -5.799999999999999822, -4.657106781186548083, -1.690000000000000169 ) ) ;
#2246 = ADVANCED_FACE ( 'NONE', ( #2207 ), #3608, .T. ) ;
#2247 = EDGE_CURVE ( 'NONE', #1692, #539, #2170, .T. ) ;
#2248 = DIRECTION ( 'NONE',  ( 0.000000000000000000, 0.000000000000000000, -1.000000000000000000 ) ) ;
#2249 = AXIS2_PLACEMENT_3D ( 'NONE', #2764, #3139, #3510 ) ;
#2250 =( NAMED_UNIT ( * ) SI_UNIT ( $, .STERADIAN. ) SOLID_ANGLE_UNIT ( ) );
#2251 = VECTOR ( 'NONE', #3795, 1000.000000000000000 ) ;
#2252 = ORIENTED_EDGE ( 'NONE', *, *, #494, .T. ) ;
#2253 = CIRCLE ( 'NONE', #2018, 1.000000000000000000 ) ;
#2254 = AXIS2_PLACEMENT_3D ( 'NONE', #2805, #4146, #3158 ) ;
#2255 = DIRECTION ( 'NONE',  ( 0.000000000000000000, 0.000000000000000000, -1.000000000000000000 ) ) ;
#2256 = AXIS2_PLACEMENT_3D ( 'NONE', #3995, #1630, #2005 ) ;
#2257 = CARTESIAN_POINT ( 'NONE',  ( 8.000000000000000000, 1.049999999999999822, -1.987587153559079445 ) ) ;
#2258 = PLANE ( 'NONE',  #2411 ) ;
#2259 = ORIENTED_EDGE ( 'NONE', *, *, #3846, .F. ) ;
#2260 = AXIS2_PLACEMENT_3D ( 'NONE', #1098, #2564, #2890 ) ;
#2261 = DIRECTION ( 'NONE',  ( 0.000000000000000000, 0.9993908270190956511, -0.03489949670250104552 ) ) ;
#2262 = AXIS2_PLACEMENT_3D ( 'NONE', #830, #3633, #3280 ) ;
#2263 = CARTESIAN_POINT ( 'NONE',  ( -7.804999999999999716, 2.649999999999999911, -9.558368267345090462E-16 ) ) ;
#2264 = CARTESIAN_POINT ( 'NONE',  ( 1.700000000000000178, -1.000000000000000000, -0.2000000000000003164 ) ) ;
#2265 = DIRECTION ( 'NONE',  ( 0.000000000000000000, -1.000000000000000000, 0.000000000000000000 ) ) ;
#2266 = DIRECTION ( 'NONE',  ( -1.000000000000000000, 0.000000000000000000, 0.000000000000000000 ) ) ;
#2267 = VECTOR ( 'NONE', #4353, 1000.000000000000000 ) ;
#2268 = ORIENTED_EDGE ( 'NONE', *, *, #3935, .F. ) ;
#2269 = EDGE_CURVE ( 'NONE', #1909, #1513, #754, .T. ) ;
#2270 = CIRCLE ( 'NONE', #1186, 0.05000000000000002359 ) ;
#2271 = AXIS2_PLACEMENT_3D ( 'NONE', #1291, #3989, #4319 ) ;
#2272 = FACE_OUTER_BOUND ( 'NONE', #4300, .T. ) ;
#2273 = ORIENTED_EDGE ( 'NONE', *, *, #4210, .T. ) ;
#2274 = CARTESIAN_POINT ( 'NONE',  ( -4.299999999999999822, 3.149999999999999911, 0.000000000000000000 ) ) ;
#2275 = DIRECTION ( 'NONE',  ( 0.000000000000000000, 0.000000000000000000, -1.000000000000000000 ) ) ;
#2276 = EDGE_CURVE ( 'NONE', #1818, #1207, #2227, .T. ) ;
#2277 = CARTESIAN_POINT ( 'NONE',  ( 8.195000000000000284, 3.050000000000000711, -9.558368267345090462E-16 ) ) ;
#2278 = DIRECTION ( 'NONE',  ( -0.000000000000000000, 1.000000000000000000, -0.000000000000000000 ) ) ;
#2279 = CARTESIAN_POINT ( 'NONE',  ( 8.000000000000000000, 2.149999999999999911, -2.026000000000002021 ) ) ;
#2280 = AXIS2_PLACEMENT_3D ( 'NONE', #864, #128, #3615 ) ;
#2281 = ORIENTED_EDGE ( 'NONE', *, *, #1127, .T. ) ;
#2282 = COLOUR_RGB ( '',0.7921568627450980005, 0.8196078431372548767, 0.9333333333333333481 ) ;
#2283 = DIRECTION ( 'NONE',  ( 0.000000000000000000, -0.000000000000000000, 1.000000000000000000 ) ) ;
#2284 = ADVANCED_FACE ( 'NONE', ( #2241 ), #3699, .F. ) ;
#2285 = EDGE_CURVE ( 'NONE', #2154, #1369, #2199, .T. ) ;
#2286 = ORIENTED_EDGE ( 'NONE', *, *, #3446, .T. ) ;
#2287 = MANIFOLD_SOLID_BREP ( 'LPattern2[1]', #3539 ) ;
#2288 = CARTESIAN_POINT ( 'NONE',  ( -4.299999999999999822, 0.4000000000000001887, 0.000000000000000000 ) ) ;
#2289 = DIRECTION ( 'NONE',  ( -1.000000000000000000, 0.000000000000000000, 0.000000000000000000 ) ) ;
#2290 = DIRECTION ( 'NONE',  ( 0.000000000000000000, 0.000000000000000000, 1.000000000000000000 ) ) ;
#2291 = CARTESIAN_POINT ( 'NONE',  ( 1.700000000000000178, 2.950000000000000178, 0.000000000000000000 ) ) ;
#2292 = CARTESIAN_POINT ( 'NONE',  ( -4.299999999999999822, 3.149999999999999911, -0.5000000000000004441 ) ) ;
#2293 = CARTESIAN_POINT ( 'NONE',  ( -1.300000000000000044, 3.509016994374947629, -0.5000000000000004441 ) ) ;
#2294 = ORIENTED_EDGE ( 'NONE', *, *, #2399, .T. ) ;
#2295 = AXIS2_PLACEMENT_3D ( 'NONE', #2050, #4042, #737 ) ;
#2296 = EDGE_LOOP ( 'NONE', ( #39, #3877 ) ) ;
#2297 = CARTESIAN_POINT ( 'NONE',  ( -1.300000000000000044, -1.000000000000000000, 0.000000000000000000 ) ) ;
#2298 = EDGE_CURVE ( 'NONE', #981, #3884, #151, .T. ) ;
#2299 = CARTESIAN_POINT ( 'NONE',  ( 1.700000000000000178, 3.100000000000000533, 0.000000000000000000 ) ) ;
#2300 = FACE_OUTER_BOUND ( 'NONE', #3505, .T. ) ;
#2301 = AXIS2_PLACEMENT_3D ( 'NONE', #2243, #906, #1208 ) ;
#2302 = CARTESIAN_POINT ( 'NONE',  ( -4.299999999999999822, -1.000000000000000000, 0.000000000000000000 ) ) ;
#2303 = CARTESIAN_POINT ( 'NONE',  ( 4.700000000000001066, 5.271320343559642296, 0.000000000000000000 ) ) ;
#2304 = DIRECTION ( 'NONE',  ( -0.000000000000000000, -1.000000000000000000, -0.000000000000000000 ) ) ;
#2305 = ORIENTED_EDGE ( 'NONE', *, *, #2645, .F. ) ;
#2306 =( NAMED_UNIT ( * ) SI_UNIT ( $, .STERADIAN. ) SOLID_ANGLE_UNIT ( ) );
#2307 = CIRCLE ( 'NONE', #3923, 0.04999999999999991257 ) ;
#2308 = ADVANCED_FACE ( 'NONE', ( #2978 ), #1618, .F. ) ;
#2309 = PLANE ( 'NONE',  #4019 ) ;
#2310 = AXIS2_PLACEMENT_3D ( 'NONE', #1071, #3423, #2007 ) ;
#2311 = EDGE_LOOP ( 'NONE', ( #2976, #3617 ) ) ;
#2312 = CIRCLE ( 'NONE', #1314, 2.699999999999998845 ) ;
#2313 = DIRECTION ( 'NONE',  ( -0.000000000000000000, -1.000000000000000000, -0.000000000000000000 ) ) ;
#2314 = CARTESIAN_POINT ( 'NONE',  ( -4.069999999999998508, 0.4000000000000001887, -1.926000000000000822 ) ) ;
#2315 = EDGE_CURVE ( 'NONE', #999, #3747, #3052, .T. ) ;
#2316 = CARTESIAN_POINT ( 'NONE',  ( -8.049999999999998934, 3.149999999999999911, -2.699999999999999289 ) ) ;
#2317 = DIRECTION ( 'NONE',  ( -0.000000000000000000, -1.000000000000000000, -0.000000000000000000 ) ) ;
#2318 = VERTEX_POINT ( 'NONE', #1858 ) ;
#2319 = EDGE_CURVE ( 'NONE', #1804, #1745, #120, .T. ) ;
#2320 = EDGE_CURVE ( 'NONE', #539, #2079, #1585, .T. ) ;
#2321 = ORIENTED_EDGE ( 'NONE', *, *, #1172, .F. ) ;
#2322 = DIRECTION ( 'NONE',  ( -0.000000000000000000, -1.000000000000000000, -0.000000000000000000 ) ) ;
#2323 = DIRECTION ( 'NONE',  ( 0.000000000000000000, 0.000000000000000000, 1.000000000000000000 ) ) ;
#2324 = EDGE_CURVE ( 'NONE', #1787, #2119, #1577, .T. ) ;
#2325 = CARTESIAN_POINT ( 'NONE',  ( 2.200000000000000622, 3.509016994374947629, -6.123233995736769734E-17 ) ) ;
#2326 = DIRECTION ( 'NONE',  ( 0.000000000000000000, 0.7071067811865513475, 0.7071067811865435759 ) ) ;
#2327 = ORIENTED_EDGE ( 'NONE', *, *, #1379, .F. ) ;
#2328 = CIRCLE ( 'NONE', #1120, 0.2000000000000003164 ) ;
#2329 = AXIS2_PLACEMENT_3D ( 'NONE', #2366, #643, #1676 ) ;
#2330 = VERTEX_POINT ( 'NONE', #230 ) ;
#2331 = FACE_OUTER_BOUND ( 'NONE', #1097, .T. ) ;
#2332 = AXIS2_PLACEMENT_3D ( 'NONE', #1601, #1539, #3567 ) ;
#2333 = PLANE ( 'NONE',  #2970 ) ;
#2334 = CARTESIAN_POINT ( 'NONE',  ( 1.700000000000000178, 3.100000000000000533, -0.7499999999999997780 ) ) ;
#2335 = DIRECTION ( 'NONE',  ( -0.000000000000000000, 0.9993908270190956511, 0.03489949670250104552 ) ) ;
#2336 = VERTEX_POINT ( 'NONE', #3870 ) ;
#2337 = AXIS2_PLACEMENT_3D ( 'NONE', #1614, #1992, #4283 ) ;
#2338 = ADVANCED_FACE ( 'NONE', ( #180 ), #1495, .T. ) ;
#2339 = ORIENTED_EDGE ( 'NONE', *, *, #2606, .T. ) ;
#2340 = DIRECTION ( 'NONE',  ( -0.000000000000000000, -1.000000000000000000, -0.000000000000000000 ) ) ;
#2341 = AXIS2_PLACEMENT_3D ( 'NONE', #2232, #199, #3239 ) ;
#2342 = DIRECTION ( 'NONE',  ( 0.000000000000000000, 0.000000000000000000, -1.000000000000000000 ) ) ;
#2343 = CARTESIAN_POINT ( 'NONE',  ( 1.700000000000000178, 2.649999999999999911, 0.7499999999999997780 ) ) ;
#2344 = VERTEX_POINT ( 'NONE', #3625 ) ;
#2345 = PRESENTATION_STYLE_ASSIGNMENT (( #1967 ) ) ;
#2346 = CARTESIAN_POINT ( 'NONE',  ( -1.300000000000000044, -0.9499999999999997335, 0.000000000000000000 ) ) ;
#2347 = ORIENTED_EDGE ( 'NONE', *, *, #988, .T. ) ;
#2348 = ADVANCED_FACE ( 'NONE', ( #138 ), #3042, .T. ) ;
#2349 = CIRCLE ( 'NONE', #2733, 0.2000000000000003164 ) ;
#2350 = EDGE_CURVE ( 'NONE', #2578, #1692, #3078, .T. ) ;
#2351 = DIRECTION ( 'NONE',  ( 0.000000000000000000, 0.000000000000000000, 1.000000000000000000 ) ) ;
#2352 = DIRECTION ( 'NONE',  ( -1.000000000000000000, -0.000000000000000000, -0.000000000000000000 ) ) ;
#2353 = FILL_AREA_STYLE_COLOUR ( '', #1416 ) ;
#2354 = AXIS2_PLACEMENT_3D ( 'NONE', #3758, #2103, #3919 ) ;
#2355 = CARTESIAN_POINT ( 'NONE',  ( 1.700000000000000178, -1.000000000000000000, 0.000000000000000000 ) ) ;
#2356 = ORIENTED_EDGE ( 'NONE', *, *, #1365, .T. ) ;
#2357 = CIRCLE ( 'NONE', #255, 0.8999999999999999112 ) ;
#2358 = CARTESIAN_POINT ( 'NONE',  ( -7.804999999999999716, 2.649999999999999911, -9.558368267345090462E-16 ) ) ;
#2359 = EDGE_CURVE ( 'NONE', #1069, #859, #1487, .T. ) ;
#2360 = ORIENTED_EDGE ( 'NONE', *, *, #1423, .T. ) ;
#2361 = DIRECTION ( 'NONE',  ( 0.000000000000000000, 0.000000000000000000, 1.000000000000000000 ) ) ;
#2362 = EDGE_CURVE ( 'NONE', #2336, #3261, #1556, .T. ) ;
#2363 = DIRECTION ( 'NONE',  ( -0.000000000000000000, -1.000000000000000000, -0.000000000000000000 ) ) ;
#2364 = VECTOR ( 'NONE', #925, 1000.000000000000000 ) ;
#2365 = ADVANCED_FACE ( 'NONE', ( #172 ), #1602, .T. ) ;
#2366 = CARTESIAN_POINT ( 'NONE',  ( -8.049999999999998934, 2.949999999999999734, 0.000000000000000000 ) ) ;
#2367 = CARTESIAN_POINT ( 'NONE',  ( 8.205000000000000071, 3.149999999999999911, -1.599999999999997202 ) ) ;
#2368 = EDGE_CURVE ( 'NONE', #3261, #2006, #1593, .T. ) ;
#2369 = AXIS2_PLACEMENT_3D ( 'NONE', #2303, #3765, #24 ) ;
#2370 = VERTEX_POINT ( 'NONE', #3502 ) ;
#2371 = CARTESIAN_POINT ( 'NONE',  ( 8.195000000000000284, 7.392640687119284237, -1.500000000000000444 ) ) ;
#2372 = VECTOR ( 'NONE', #2740, 1000.000000000000000 ) ;
#2373 = SURFACE_STYLE_USAGE ( .BOTH. , #3066 ) ;
#2374 = DIRECTION ( 'NONE',  ( 0.000000000000000000, 0.7071067811865486830, 0.7071067811865464625 ) ) ;
#2375 = CARTESIAN_POINT ( 'NONE',  ( 4.950000000000001066, 1.049999999999999822, 1.925999999999999934 ) ) ;
#2376 = AXIS2_PLACEMENT_3D ( 'NONE', #947, #1229, #309 ) ;
#2377 = ORIENTED_EDGE ( 'NONE', *, *, #3841, .F. ) ;
#2378 = AXIS2_PLACEMENT_3D ( 'NONE', #572, #2605, #902 ) ;
#2379 = CIRCLE ( 'NONE', #3657, 1.399999999999999467 ) ;
#2380 = DIRECTION ( 'NONE',  ( -0.000000000000000000, 1.000000000000000000, -0.000000000000000000 ) ) ;
#2381 = DIRECTION ( 'NONE',  ( -0.000000000000000000, 1.000000000000000000, -0.000000000000000000 ) ) ;
#2382 = DIRECTION ( 'NONE',  ( 0.000000000000000000, 0.000000000000000000, 1.000000000000000000 ) ) ;
#2383 = AXIS2_PLACEMENT_3D ( 'NONE', #2831, #253, #1185 ) ;
#2384 = ORIENTED_EDGE ( 'NONE', *, *, #1718, .T. ) ;
#2385 = CONICAL_SURFACE ( 'NONE', #3273, 0.2000000000000003164, 0.7853981633974467247 ) ;
#2386 = ORIENTED_EDGE ( 'NONE', *, *, #2598, .T. ) ;
#2387 = CARTESIAN_POINT ( 'NONE',  ( -4.299999999999999822, 0.4000000000000001887, 0.000000000000000000 ) ) ;
#2388 = DIRECTION ( 'NONE',  ( 0.000000000000000000, 0.7071067811865513475, 0.7071067811865436870 ) ) ;
#2389 = AXIS2_PLACEMENT_3D ( 'NONE', #963, #4261, #1599 ) ;
#2390 = CIRCLE ( 'NONE', #3383, 2.026000000000002021 ) ;
#2391 = CARTESIAN_POINT ( 'NONE',  ( 4.700000000000001066, 2.649999999999999911, -0.7499999999999997780 ) ) ;
#2392 = CARTESIAN_POINT ( 'NONE',  ( -8.049999999999998934, 2.149999999999999911, 0.000000000000000000 ) ) ;
#2393 = EDGE_CURVE ( 'NONE', #285, #1749, #1479, .T. ) ;
#2394 = ORIENTED_EDGE ( 'NONE', *, *, #1321, .F. ) ;
#2395 = CARTESIAN_POINT ( 'NONE',  ( 1.700000000000000178, 0.000000000000000000, 0.000000000000000000 ) ) ;
#2396 = ADVANCED_FACE ( 'NONE', ( #2947 ), #3062, .T. ) ;
#2397 = DIRECTION ( 'NONE',  ( 0.000000000000000000, 1.000000000000000000, 0.000000000000000000 ) ) ;
#2398 = DIRECTION ( 'NONE',  ( -1.000000000000000000, 0.000000000000000000, 0.000000000000000000 ) ) ;
#2399 = EDGE_CURVE ( 'NONE', #606, #686, #1510, .T. ) ;
#2400 = EDGE_CURVE ( 'NONE', #256, #1949, #104, .T. ) ;
#2401 = VERTEX_POINT ( 'NONE', #307 ) ;
#2402 = CARTESIAN_POINT ( 'NONE',  ( -1.300000000000000044, 2.649999999999999911, 0.7499999999999997780 ) ) ;
#2403 = CARTESIAN_POINT ( 'NONE',  ( 8.195000000000000284, -9.716904755831215823, -9.558368267345090462E-16 ) ) ;
#2404 = EDGE_LOOP ( 'NONE', ( #1335, #765, #2286, #3784 ) ) ;
#2405 = EDGE_CURVE ( 'NONE', #3254, #4378, #3071, .T. ) ;
#2406 = PRESENTATION_STYLE_ASSIGNMENT (( #1964 ) ) ;
#2407 = EDGE_CURVE ( 'NONE', #3899, #3747, #159, .T. ) ;
#2408 = VERTEX_POINT ( 'NONE', #3944 ) ;
#2409 = DIRECTION ( 'NONE',  ( -0.000000000000000000, 1.000000000000000000, -0.000000000000000000 ) ) ;
#2410 = CARTESIAN_POINT ( 'NONE',  ( 4.700000000000001066, 2.950000000000000178, 0.000000000000000000 ) ) ;
#2411 = AXIS2_PLACEMENT_3D ( 'NONE', #4233, #916, #1222 ) ;
#2412 = CIRCLE ( 'NONE', #2424, 1.650000000000000577 ) ;
#2413 = EDGE_CURVE ( 'NONE', #1503, #4006, #1517, .T. ) ;
#2414 = AXIS2_PLACEMENT_3D ( 'NONE', #2190, #2481, #150 ) ;
#2415 = CARTESIAN_POINT ( 'NONE',  ( -7.804999999999999716, 3.050000000000001599, -1.500000000000000444 ) ) ;
#2416 = ORIENTED_EDGE ( 'NONE', *, *, #3698, .F. ) ;
#2417 = DIRECTION ( 'NONE',  ( 0.000000000000000000, 0.000000000000000000, 1.000000000000000000 ) ) ;
#2418 = CARTESIAN_POINT ( 'NONE',  ( -1.300000000000000044, 2.649999999999999911, -0.7499999999999997780 ) ) ;
#2419 = DIRECTION ( 'NONE',  ( 0.000000000000000000, -1.000000000000000000, 0.000000000000000000 ) ) ;
#2420 = AXIS2_PLACEMENT_3D ( 'NONE', #3616, #1773, #88 ) ;
#2421 = ORIENTED_EDGE ( 'NONE', *, *, #1981, .F. ) ;
#2422 = ADVANCED_FACE ( 'NONE', ( #14 ), #2998, .T. ) ;
#2423 = DIRECTION ( 'NONE',  ( -0.000000000000000000, -0.000000000000000000, -1.000000000000000000 ) ) ;
#2424 = AXIS2_PLACEMENT_3D ( 'NONE', #3893, #3127, #2521 ) ;
#2425 = DIRECTION ( 'NONE',  ( -1.000000000000000000, -0.000000000000000000, -0.000000000000000000 ) ) ;
#2426 = DIRECTION ( 'NONE',  ( -0.000000000000000000, 1.000000000000000000, -0.000000000000000000 ) ) ;
#2427 = ORIENTED_EDGE ( 'NONE', *, *, #3050, .T. ) ;
#2428 = PLANE ( 'NONE',  #3566 ) ;
#2429 = AXIS2_PLACEMENT_3D ( 'NONE', #4209, #2525, #3896 ) ;
#2430 = ORIENTED_EDGE ( 'NONE', *, *, #1965, .F. ) ;
#2431 = CARTESIAN_POINT ( 'NONE',  ( 1.700000000000000178, 3.100000000000000533, 0.000000000000000000 ) ) ;
#2432 = DIRECTION ( 'NONE',  ( 0.000000000000000000, 0.000000000000000000, 1.000000000000000000 ) ) ;
#2433 = DIRECTION ( 'NONE',  ( -1.000000000000000000, 0.000000000000000000, 0.000000000000000000 ) ) ;
#2434 = EDGE_CURVE ( 'NONE', #3844, #3371, #1502, .T. ) ;
#2435 = CARTESIAN_POINT ( 'NONE',  ( 8.205000000000000071, 3.050000000000002487, -4.898587196589386574E-17 ) ) ;
#2436 = DIRECTION ( 'NONE',  ( 0.000000000000000000, 0.000000000000000000, 1.000000000000000000 ) ) ;
#2437 = VERTEX_POINT ( 'NONE', #4071 ) ;
#2438 = DIRECTION ( 'NONE',  ( 0.000000000000000000, 1.000000000000000000, 0.000000000000000000 ) ) ;
#2439 = CIRCLE ( 'NONE', #2617, 0.2500000000000003886 ) ;
#2440 = CIRCLE ( 'NONE', #4026, 2.899999999999999023 ) ;
#2441 = DIRECTION ( 'NONE',  ( 0.000000000000000000, 0.000000000000000000, -1.000000000000000000 ) ) ;
#2442 = EDGE_CURVE ( 'NONE', #1588, #1707, #64, .T. ) ;
#2443 = EDGE_CURVE ( 'NONE', #314, #3328, #74, .T. ) ;
#2444 = CARTESIAN_POINT ( 'NONE',  ( -8.049999999999998934, 3.149999999999999911, 0.000000000000000000 ) ) ;
#2445 = CLOSED_SHELL ( 'NONE', ( #1176, #3777, #2218, #2365, #2968, #2993 ) ) ;
#2446 = EDGE_CURVE ( 'NONE', #3007, #2542, #1541, .T. ) ;
#2447 = LINE ( 'NONE', #645, #1024 ) ;
#2448 = DIRECTION ( 'NONE',  ( -0.000000000000000000, -1.000000000000000000, -0.000000000000000000 ) ) ;
#2449 = DIRECTION ( 'NONE',  ( 0.000000000000000000, 0.000000000000000000, 1.000000000000000000 ) ) ;
#2450 = AXIS2_PLACEMENT_3D ( 'NONE', #3143, #550, #1493 ) ;
#2451 = ORIENTED_EDGE ( 'NONE', *, *, #936, .F. ) ;
#2452 = FILL_AREA_STYLE_COLOUR ( '', #1180 ) ;
#2453 = VECTOR ( 'NONE', #100, 1000.000000000000000 ) ;
#2454 = FACE_BOUND ( 'NONE', #1049, .T. ) ;
#2455 = ORIENTED_EDGE ( 'NONE', *, *, #2791, .T. ) ;
#2456 = DIRECTION ( 'NONE',  ( 0.000000000000000000, 0.000000000000000000, 1.000000000000000000 ) ) ;
#2457 = EDGE_CURVE ( 'NONE', #291, #2370, #1548, .T. ) ;
#2458 = CARTESIAN_POINT ( 'NONE',  ( 4.700000000000001066, 3.100000000000000533, -0.7499999999999997780 ) ) ;
#2459 = DIRECTION ( 'NONE',  ( -0.000000000000000000, -1.000000000000000000, -0.000000000000000000 ) ) ;
#2460 = COLOUR_RGB ( '',1.000000000000000000, 0.8117647058823529438, 0.5019607843137254832 ) ;
#2461 = CARTESIAN_POINT ( 'NONE',  ( -7.804999999999999716, 1.049999999999999822, -1.650000000000001465 ) ) ;
#2462 = ORIENTED_EDGE ( 'NONE', *, *, #1366, .T. ) ;
#2463 = MANIFOLD_SOLID_BREP ( 'LPattern2[6]', #3532 ) ;
#2464 = CARTESIAN_POINT ( 'NONE',  ( -8.049999999999998934, 2.949999999999999734, 2.699999999999998845 ) ) ;
#2465 = AXIS2_PLACEMENT_3D ( 'NONE', #2920, #3826, #1451 ) ;
#2466 = AXIS2_PLACEMENT_3D ( 'NONE', #755, #1736, #1846 ) ;
#2467 = CIRCLE ( 'NONE', #785, 0.8999999999999999112 ) ;
#2468 = CIRCLE ( 'NONE', #4070, 0.2500000000000003886 ) ;
#2469 = DIRECTION ( 'NONE',  ( -1.224646799147353207E-16, 0.000000000000000000, -1.000000000000000000 ) ) ;
#2470 = CARTESIAN_POINT ( 'NONE',  ( -1.300000000000000044, 0.000000000000000000, 0.8999999999999999112 ) ) ;
#2471 = VERTEX_POINT ( 'NONE', #958 ) ;
#2472 = AXIS2_PLACEMENT_3D ( 'NONE', #3732, #4331, #1665 ) ;
#2473 = FACE_OUTER_BOUND ( 'NONE', #2559, .T. ) ;
#2474 = FACE_BOUND ( 'NONE', #3024, .T. ) ;
#2475 = APPLICATION_CONTEXT ( 'automotive_design' ) ;
#2476 = DIRECTION ( 'NONE',  ( -0.000000000000000000, 1.000000000000000000, -0.000000000000000000 ) ) ;
#2477 = SURFACE_STYLE_USAGE ( .BOTH. , #1868 ) ;
#2478 = EDGE_LOOP ( 'NONE', ( #2394, #4372, #4287, #4333 ) ) ;
#2479 = CARTESIAN_POINT ( 'NONE',  ( -4.069999999999999396, 0.4000000000000006328, -1.926000000000000156 ) ) ;
#2480 = AXIS2_PLACEMENT_3D ( 'NONE', #1044, #3399, #4367 ) ;
#2481 = DIRECTION ( 'NONE',  ( 0.000000000000000000, 1.000000000000000000, 0.000000000000000000 ) ) ;
#2482 = FACE_OUTER_BOUND ( 'NONE', #1170, .T. ) ;
#2483 = EDGE_CURVE ( 'NONE', #2330, #1503, #3927, .T. ) ;
#2484 = ORIENTED_EDGE ( 'NONE', *, *, #1261, .F. ) ;
#2485 = DIRECTION ( 'NONE',  ( 0.000000000000000000, 1.000000000000000000, 0.000000000000000000 ) ) ;
#2486 = CARTESIAN_POINT ( 'NONE',  ( 1.700000000000000178, 0.000000000000000000, 0.000000000000000000 ) ) ;
#2487 = SURFACE_SIDE_STYLE ('',( #829 ) ) ;
#2488 = VECTOR ( 'NONE', #1995, 1000.000000000000000 ) ;
#2489 = ADVANCED_FACE ( 'NONE', ( #985 ), #2501, .T. ) ;
#2490 = AXIS2_PLACEMENT_3D ( 'NONE', #2225, #1132, #2197 ) ;
#2491 = DIRECTION ( 'NONE',  ( 0.000000000000000000, 1.000000000000000000, 0.000000000000000000 ) ) ;
#2492 = CARTESIAN_POINT ( 'NONE',  ( -4.299999999999999822, 3.100000000000000533, 0.7499999999999997780 ) ) ;
#2493 = EDGE_LOOP ( 'NONE', ( #1397, #1462, #2377, #1376 ) ) ;
#2494 = EDGE_CURVE ( 'NONE', #354, #4117, #1060, .T. ) ;
#2495 = VECTOR ( 'NONE', #752, 1000.000000000000000 ) ;
#2496 = DIRECTION ( 'NONE',  ( -1.000000000000000000, 0.000000000000000000, 1.224646799147353700E-16 ) ) ;
#2497 = CARTESIAN_POINT ( 'NONE',  ( -4.299999999999999822, -1.000000000000000000, -0.2000000000000003164 ) ) ;
#2498 = EDGE_CURVE ( 'NONE', #3276, #1356, #2517, .T. ) ;
#2499 = CARTESIAN_POINT ( 'NONE',  ( 4.700000000000001066, 0.4000000000000001887, 0.8999999999999994671 ) ) ;
#2500 = ORIENTED_EDGE ( 'NONE', *, *, #2683, .F. ) ;
#2501 = CYLINDRICAL_SURFACE ( 'NONE', #1938, 0.2500000000000003886 ) ;
#2502 = CIRCLE ( 'NONE', #1045, 1.650000000000000577 ) ;
#2503 = EDGE_CURVE ( 'NONE', #3959, #2064, #2447, .T. ) ;
#2504 =( NAMED_UNIT ( * ) SI_UNIT ( $, .STERADIAN. ) SOLID_ANGLE_UNIT ( ) );
#2505 = DIRECTION ( 'NONE',  ( 0.000000000000000000, 0.000000000000000000, -1.000000000000000000 ) ) ;
#2506 = AXIS2_PLACEMENT_3D ( 'NONE', #2358, #2663, #1519 ) ;
#2507 = DIRECTION ( 'NONE',  ( 0.000000000000000000, 0.000000000000000000, 1.000000000000000000 ) ) ;
#2508 = ORIENTED_EDGE ( 'NONE', *, *, #1965, .T. ) ;
#2509 = CARTESIAN_POINT ( 'NONE',  ( 4.700000000000001066, 3.100000000000000089, 0.000000000000000000 ) ) ;
#2510 = CIRCLE ( 'NONE', #3060, 1.650000000000000577 ) ;
#2511 = CYLINDRICAL_SURFACE ( 'NONE', #1022, 0.2500000000000002220 ) ;
#2512 = AXIS2_PLACEMENT_3D ( 'NONE', #2392, #1344, #1649 ) ;
#2513 = CARTESIAN_POINT ( 'NONE',  ( 4.700000000000001066, 2.649999999999999911, 0.000000000000000000 ) ) ;
#2514 = ORIENTED_EDGE ( 'NONE', *, *, #1795, .T. ) ;
#2515 = DIRECTION ( 'NONE',  ( -0.000000000000000000, -1.000000000000000000, -0.000000000000000000 ) ) ;
#2516 = CARTESIAN_POINT ( 'NONE',  ( 0.9500000000000029532, 3.149999999999999911, 0.000000000000000000 ) ) ;
#2517 = CIRCLE ( 'NONE', #1464, 0.7999999999999986011 ) ;
#2518 = CYLINDRICAL_SURFACE ( 'NONE', #2271, 0.2500000000000003886 ) ;
#2519 = CARTESIAN_POINT ( 'NONE',  ( -8.049999999999998934, 2.149999999999999911, 2.899999999999999023 ) ) ;
#2520 = ORIENTED_EDGE ( 'NONE', *, *, #1438, .F. ) ;
#2521 = DIRECTION ( 'NONE',  ( 0.000000000000000000, 0.000000000000000000, -1.000000000000000000 ) ) ;
#2522 = FACE_OUTER_BOUND ( 'NONE', #2743, .T. ) ;
#2523 = CIRCLE ( 'NONE', #2562, 1.399999999999999467 ) ;
#2524 = DIRECTION ( 'NONE',  ( -0.000000000000000000, 1.000000000000000000, -0.000000000000000000 ) ) ;
#2525 = DIRECTION ( 'NONE',  ( 0.000000000000000000, 1.000000000000000000, 0.000000000000000000 ) ) ;
#2526 = ADVANCED_FACE ( 'NONE', ( #4003 ), #679, .F. ) ;
#2527 = PRESENTATION_LAYER_ASSIGNMENT (  '', '', ( #510 ) ) ;
#2528 = AXIS2_PLACEMENT_3D ( 'NONE', #2846, #792, #1409 ) ;
#2529 = DIRECTION ( 'NONE',  ( 1.000000000000000000, 0.000000000000000000, -0.000000000000000000 ) ) ;
#2530 = ORIENTED_EDGE ( 'NONE', *, *, #2359, .F. ) ;
#2531 = LINE ( 'NONE', #2753, #1072 ) ;
#2532 = FILL_AREA_STYLE_COLOUR ( '', #2174 ) ;
#2533 = CARTESIAN_POINT ( 'NONE',  ( -7.804999999999999716, -9.716904755831215823, -9.558368267345090462E-16 ) ) ;
#2534 = CARTESIAN_POINT ( 'NONE',  ( -1.300000000000000044, 3.149999999999999911, 0.000000000000000000 ) ) ;
#2535 = VERTEX_POINT ( 'NONE', #4096 ) ;
#2536 = CARTESIAN_POINT ( 'NONE',  ( 8.195000000000000284, 3.050000000000000711, -9.558368267345090462E-16 ) ) ;
#2537 = CONICAL_SURFACE ( 'NONE', #3183, 1.499999999999999556, 0.7853981633974428389 ) ;
#2538 = LINE ( 'NONE', #2055, #987 ) ;
#2539 = EDGE_CURVE ( 'NONE', #1716, #3074, #3867, .T. ) ;
#2540 = EDGE_CURVE ( 'NONE', #3547, #2139, #976, .T. ) ;
#2541 = DIRECTION ( 'NONE',  ( 0.000000000000000000, 0.000000000000000000, -1.000000000000000000 ) ) ;
#2542 = VERTEX_POINT ( 'NONE', #2120 ) ;
#2543 = AXIS2_PLACEMENT_3D ( 'NONE', #1238, #248, #1960 ) ;
#2544 = ADVANCED_FACE ( 'NONE', ( #2473 ), #1137, .F. ) ;
#2545 = CARTESIAN_POINT ( 'NONE',  ( -4.069999999999998508, 1.049999999999999822, -1.926000000000000822 ) ) ;
#2546 = LINE ( 'NONE', #3861, #2597 ) ;
#2547 = CIRCLE ( 'NONE', #524, 1.650000000000000577 ) ;
#2548 = CARTESIAN_POINT ( 'NONE',  ( 1.700000000000000178, 3.509016994374947629, -0.5000000000000004441 ) ) ;
#2549 = EDGE_CURVE ( 'NONE', #4355, #2193, #962, .T. ) ;
#2550 = ORIENTED_EDGE ( 'NONE', *, *, #2683, .T. ) ;
#2551 = CARTESIAN_POINT ( 'NONE',  ( 8.195000000000000284, -0.8500000000000000888, 1.549999999999999822 ) ) ;
#2552 = EDGE_CURVE ( 'NONE', #2618, #3734, #3913, .T. ) ;
#2553 = CONICAL_SURFACE ( 'NONE', #3313, 0.7499999999999997780, 0.7853981633974396193 ) ;
#2554 = CIRCLE ( 'NONE', #1221, 0.5000000000000004441 ) ;
#2555 = DIRECTION ( 'NONE',  ( 0.000000000000000000, 0.000000000000000000, 1.000000000000000000 ) ) ;
#2556 = CARTESIAN_POINT ( 'NONE',  ( -1.300000000000000044, -1.000000000000000000, -0.2000000000000003164 ) ) ;
#2557 = CARTESIAN_POINT ( 'NONE',  ( 4.700000000000001066, 0.000000000000000000, 0.000000000000000000 ) ) ;
#2558 = STYLED_ITEM ( 'NONE', ( #3589 ), #2570 ) ;
#2559 = EDGE_LOOP ( 'NONE', ( #1491, #2023 ) ) ;
#2560 = EDGE_CURVE ( 'NONE', #219, #4124, #2439, .T. ) ;
#2561 = AXIS2_PLACEMENT_3D ( 'NONE', #58, #3526, #4145 ) ;
#2562 = AXIS2_PLACEMENT_3D ( 'NONE', #1428, #4371, #2162 ) ;
#2563 = CIRCLE ( 'NONE', #2506, 1.499999999999999556 ) ;
#2564 = DIRECTION ( 'NONE',  ( 0.000000000000000000, 1.000000000000000000, 0.000000000000000000 ) ) ;
#2565 = FILL_AREA_STYLE_COLOUR ( '', #113 ) ;
#2566 = ORIENTED_EDGE ( 'NONE', *, *, #2059, .T. ) ;
#2567 = AXIS2_PLACEMENT_3D ( 'NONE', #3241, #571, #3344 ) ;
#2568 = CARTESIAN_POINT ( 'NONE',  ( -1.300000000000000044, 2.649999999999999911, -0.7499999999999997780 ) ) ;
#2569 = DIRECTION ( 'NONE',  ( 0.000000000000000000, 1.000000000000000000, 0.000000000000000000 ) ) ;
#2570 = ADVANCED_BREP_SHAPE_REPRESENTATION ( '303C-321018-30-04', ( #2639, #3036, #1260, #1091, #2287, #3218, #4183, #1845, #720, #2463, #2200, #258, #3491, #2262 ), #2746 ) ;
#2571 = CIRCLE ( 'NONE', #3848, 0.2500000000000003886 ) ;
#2572 = DIRECTION ( 'NONE',  ( -0.000000000000000000, -1.000000000000000000, -0.000000000000000000 ) ) ;
#2573 = EDGE_LOOP ( 'NONE', ( #1449, #853, #1268, #3823 ) ) ;
#2574 = CARTESIAN_POINT ( 'NONE',  ( -8.000000000000000000, 1.049999999999999822, -1.987587153559079889 ) ) ;
#2575 = PLANE ( 'NONE',  #3303 ) ;
#2576 = LINE ( 'NONE', #2869, #2591 ) ;
#2577 = CIRCLE ( 'NONE', #3648, 0.6999999999999997335 ) ;
#2578 = VERTEX_POINT ( 'NONE', #62 ) ;
#2579 = CYLINDRICAL_SURFACE ( 'NONE', #2723, 2.899999999999999023 ) ;
#2580 = DIRECTION ( 'NONE',  ( 8.659560562354886020E-17, 0.7071067811865513475, -0.7071067811865435759 ) ) ;
#2581 = DIRECTION ( 'NONE',  ( 0.000000000000000000, 0.000000000000000000, 1.000000000000000000 ) ) ;
#2582 = DIRECTION ( 'NONE',  ( 1.000000000000000000, 0.000000000000000000, 0.000000000000000000 ) ) ;
#2583 = ORIENTED_EDGE ( 'NONE', *, *, #2400, .T. ) ;
#2584 = ADVANCED_FACE ( 'NONE', ( #3953 ), #2537, .F. ) ;
#2585 = CYLINDRICAL_SURFACE ( 'NONE', #2884, 1.000000000000000000 ) ;
#2586 = VECTOR ( 'NONE', #2590, 1000.000000000000000 ) ;
#2587 = CARTESIAN_POINT ( 'NONE',  ( 8.000000000000000000, 1.050000000000000044, 1.987587153559079889 ) ) ;
#2588 = EDGE_LOOP ( 'NONE', ( #1465, #3752, #4375, #2774 ) ) ;
#2589 = CARTESIAN_POINT ( 'NONE',  ( -5.799999999999999822, -0.3499999999999996447, -1.640000000000000124 ) ) ;
#2590 = DIRECTION ( 'NONE',  ( 8.659560562354857670E-17, 0.7071067811865536790, -0.7071067811865414665 ) ) ;
#2591 = VECTOR ( 'NONE', #3643, 1000.000000000000000 ) ;
#2592 = CARTESIAN_POINT ( 'NONE',  ( -5.449999999999994849, 1.049999999999999822, 1.129256628518329642 ) ) ;
#2593 = AXIS2_PLACEMENT_3D ( 'NONE', #500, #2801, #3645 ) ;
#2594 = ORIENTED_EDGE ( 'NONE', *, *, #2298, .T. ) ;
#2595 = CARTESIAN_POINT ( 'NONE',  ( 1.700000000000000178, 3.100000000000000533, 0.7499999999999997780 ) ) ;
#2596 = CARTESIAN_POINT ( 'NONE',  ( -4.299999999999999822, 0.000000000000000000, 0.000000000000000000 ) ) ;
#2597 = VECTOR ( 'NONE', #4091, 1000.000000000000000 ) ;
#2598 = EDGE_CURVE ( 'NONE', #3134, #3307, #2467, .T. ) ;
#2599 = VERTEX_POINT ( 'NONE', #4118 ) ;
#2600 = DIRECTION ( 'NONE',  ( 0.000000000000000000, 0.000000000000000000, 1.000000000000000000 ) ) ;
#2601 = LINE ( 'NONE', #2745, #1215 ) ;
#2602 = CIRCLE ( 'NONE', #3156, 0.2500000000000003886 ) ;
#2603 = CARTESIAN_POINT ( 'NONE',  ( -4.299999999999999822, 5.271320343559642296, -0.7499999999999997780 ) ) ;
#2604 = CARTESIAN_POINT ( 'NONE',  ( -1.300000000000000044, 5.271320343559642296, -0.7499999999999997780 ) ) ;
#2605 = DIRECTION ( 'NONE',  ( 0.000000000000000000, 1.000000000000000000, 0.000000000000000000 ) ) ;
#2606 = EDGE_CURVE ( 'NONE', #1349, #545, #2531, .T. ) ;
#2607 = ORIENTED_EDGE ( 'NONE', *, *, #2780, .F. ) ;
#2608 = ADVANCED_FACE ( 'NONE', ( #3908 ), #3562, .F. ) ;
#2609 = CARTESIAN_POINT ( 'NONE',  ( 8.195000000000000284, 3.050000000000000711, -1.500000000000000444 ) ) ;
#2610 = EDGE_CURVE ( 'NONE', #1469, #23, #3921, .T. ) ;
#2611 = CARTESIAN_POINT ( 'NONE',  ( 1.700000000000000178, 3.100000000000000089, 0.000000000000000000 ) ) ;
#2612 = ORIENTED_EDGE ( 'NONE', *, *, #1417, .F. ) ;
#2613 = ADVANCED_FACE ( 'NONE', ( #2522 ), #3987, .T. ) ;
#2614 = DIRECTION ( 'NONE',  ( 0.000000000000000000, 1.000000000000000000, 0.000000000000000000 ) ) ;
#2615 = FACE_OUTER_BOUND ( 'NONE', #2655, .T. ) ;
#2616 = CARTESIAN_POINT ( 'NONE',  ( -5.799999999999999822, -0.3499999999999996447, -1.439999999999999947 ) ) ;
#2617 = AXIS2_PLACEMENT_3D ( 'NONE', #4204, #819, #1111 ) ;
#2618 = VERTEX_POINT ( 'NONE', #3794 ) ;
#2619 = LINE ( 'NONE', #3676, #1192 ) ;
#2620 = CIRCLE ( 'NONE', #329, 0.7499999999999997780 ) ;
#2621 = AXIS2_PLACEMENT_3D ( 'NONE', #1149, #114, #3925 ) ;
#2622 = EDGE_LOOP ( 'NONE', ( #955, #796, #731, #890, #1604, #80, #776, #2858, #1483, #109 ) ) ;
#2623 = CARTESIAN_POINT ( 'NONE',  ( 8.049999999999997158, 2.149999999999999911, -2.899999999999999023 ) ) ;
#2624 = CIRCLE ( 'NONE', #1355, 0.1000000000000000472 ) ;
#2625 = LINE ( 'NONE', #2391, #1188 ) ;
#2626 = DIRECTION ( 'NONE',  ( -1.000000000000000000, 0.000000000000000000, 0.000000000000000000 ) ) ;
#2627 = EDGE_CURVE ( 'NONE', #1699, #1036, #2412, .T. ) ;
#2628 = CARTESIAN_POINT ( 'NONE',  ( 1.700000000000000178, 3.149999999999999911, 0.6999999999999997335 ) ) ;
#2629 = DIRECTION ( 'NONE',  ( -1.224646799147353207E-16, 0.000000000000000000, -1.000000000000000000 ) ) ;
#2630 = ORIENTED_EDGE ( 'NONE', *, *, #663, .F. ) ;
#2631 = FACE_OUTER_BOUND ( 'NONE', #4322, .T. ) ;
#2632 = CIRCLE ( 'NONE', #989, 1.987587153559079445 ) ;
#2633 = EDGE_CURVE ( 'NONE', #4098, #87, #3993, .T. ) ;
#2634 = DIRECTION ( 'NONE',  ( -0.000000000000000000, 1.000000000000000000, -0.000000000000000000 ) ) ;
#2635 = DIRECTION ( 'NONE',  ( 0.000000000000000000, 0.000000000000000000, 1.000000000000000000 ) ) ;
#2636 = EDGE_LOOP ( 'NONE', ( #339, #1212, #1126, #2652 ) ) ;
#2637 = EDGE_CURVE ( 'NONE', #3133, #1828, #2510, .T. ) ;
#2638 = DIRECTION ( 'NONE',  ( 0.000000000000000000, 0.000000000000000000, 1.000000000000000000 ) ) ;
#2639 = MANIFOLD_SOLID_BREP ( 'Chamfer1', #1732 ) ;
#2640 = LINE ( 'NONE', #1559, #1109 ) ;
#2641 = FACE_OUTER_BOUND ( 'NONE', #333, .T. ) ;
#2642 = PLANE ( 'NONE',  #212 ) ;
#2643 = DIRECTION ( 'NONE',  ( 0.000000000000000000, 0.000000000000000000, 1.000000000000000000 ) ) ;
#2644 = ORIENTED_EDGE ( 'NONE', *, *, #2319, .T. ) ;
#2645 = EDGE_CURVE ( 'NONE', #3328, #1574, #1046, .T. ) ;
#2646 = AXIS2_PLACEMENT_3D ( 'NONE', #1182, #3288, #3215 ) ;
#2647 = DIRECTION ( 'NONE',  ( -0.000000000000000000, -1.000000000000000000, -0.000000000000000000 ) ) ;
#2648 = DIRECTION ( 'NONE',  ( -0.000000000000000000, 1.000000000000000000, -0.000000000000000000 ) ) ;
#2649 = AXIS2_PLACEMENT_3D ( 'NONE', #724, #1021, #4107 ) ;
#2650 = CONICAL_SURFACE ( 'NONE', #4253, 0.2000000000000003164, 0.7853981633974467247 ) ;
#2651 = VECTOR ( 'NONE', #2278, 1000.000000000000000 ) ;
#2652 = ORIENTED_EDGE ( 'NONE', *, *, #2896, .F. ) ;
#2653 = CARTESIAN_POINT ( 'NONE',  ( 1.700000000000000178, -1.000000000000000000, 0.2500000000000003886 ) ) ;
#2654 = AXIS2_PLACEMENT_3D ( 'NONE', #2076, #3686, #2323 ) ;
#2655 = EDGE_LOOP ( 'NONE', ( #912, #3897 ) ) ;
#2656 = CIRCLE ( 'NONE', #3727, 0.8999999999999999112 ) ;
#2657 = CIRCLE ( 'NONE', #2701, 1.499999999999999556 ) ;
#2658 = DIRECTION ( 'NONE',  ( -0.000000000000000000, 1.000000000000000000, -0.000000000000000000 ) ) ;
#2659 = DIRECTION ( 'NONE',  ( -0.000000000000000000, 1.000000000000000000, -0.000000000000000000 ) ) ;
#2660 = CARTESIAN_POINT ( 'NONE',  ( 8.195000000000000284, 2.649999999999999911, -9.558368267345090462E-16 ) ) ;
#2661 = DIRECTION ( 'NONE',  ( 0.000000000000000000, 0.000000000000000000, 1.000000000000000000 ) ) ;
#2662 = DIRECTION ( 'NONE',  ( 0.000000000000000000, 0.000000000000000000, 1.000000000000000000 ) ) ;
#2663 = DIRECTION ( 'NONE',  ( 0.000000000000000000, 1.000000000000000000, 0.000000000000000000 ) ) ;
#2664 = EDGE_LOOP ( 'NONE', ( #3200, #3264, #412, #694 ) ) ;
#2665 = EDGE_LOOP ( 'NONE', ( #1223, #1411 ) ) ;
#2666 = CIRCLE ( 'NONE', #3366, 0.5000000000000004441 ) ;
#2667 = AXIS2_PLACEMENT_3D ( 'NONE', #1930, #175, #3208 ) ;
#2668 = DIRECTION ( 'NONE',  ( 0.000000000000000000, 1.000000000000000000, 0.000000000000000000 ) ) ;
#2669 = CARTESIAN_POINT ( 'NONE',  ( 1.700000000000000178, 3.509016994374947629, 0.000000000000000000 ) ) ;
#2670 = DIRECTION ( 'NONE',  ( 0.000000000000000000, 1.000000000000000000, 0.000000000000000000 ) ) ;
#2671 = AXIS2_PLACEMENT_3D ( 'NONE', #522, #450, #1874 ) ;
#2672 = ORIENTED_EDGE ( 'NONE', *, *, #310, .T. ) ;
#2673 = CIRCLE ( 'NONE', #1523, 0.7499999999999997780 ) ;
#2674 = CIRCLE ( 'NONE', #1913, 0.2000000000000003164 ) ;
#2675 = DIRECTION ( 'NONE',  ( -0.000000000000000000, -1.000000000000000000, -0.000000000000000000 ) ) ;
#2676 = CARTESIAN_POINT ( 'NONE',  ( 4.700000000000001066, 3.149999999999999911, 0.000000000000000000 ) ) ;
#2677 = ORIENTED_EDGE ( 'NONE', *, *, #3875, .T. ) ;
#2678 = ORIENTED_EDGE ( 'NONE', *, *, #1171, .T. ) ;
#2679 = CIRCLE ( 'NONE', #2820, 1.987587153559079445 ) ;
#2680 = LINE ( 'NONE', #3982, #1270 ) ;
#2681 = DIRECTION ( 'NONE',  ( -0.000000000000000000, 1.000000000000000000, -0.000000000000000000 ) ) ;
#2682 = VECTOR ( 'NONE', #877, 1000.000000000000000 ) ;
#2683 = EDGE_CURVE ( 'NONE', #2318, #1241, #993, .T. ) ;
#2684 = ADVANCED_FACE ( 'NONE', ( #1232 ), #2553, .F. ) ;
#2685 = DIRECTION ( 'NONE',  ( 0.000000000000000000, 0.000000000000000000, -1.000000000000000000 ) ) ;
#2686 = ORIENTED_EDGE ( 'NONE', *, *, #850, .T. ) ;
#2687 = CARTESIAN_POINT ( 'NONE',  ( -7.804999999999999716, 2.649999999999999911, -9.558368267345090462E-16 ) ) ;
#2688 =( NAMED_UNIT ( * ) PLANE_ANGLE_UNIT ( ) SI_UNIT ( $, .RADIAN. ) );
#2689 = CIRCLE ( 'NONE', #798, 0.7999999999999986011 ) ;
#2690 = EDGE_CURVE ( 'NONE', #3221, #49, #2619, .T. ) ;
#2691 = VERTEX_POINT ( 'NONE', #1945 ) ;
#2692 = FACE_OUTER_BOUND ( 'NONE', #2972, .T. ) ;
#2693 = DIRECTION ( 'NONE',  ( 0.000000000000000000, 1.000000000000000000, 0.000000000000000000 ) ) ;
#2694 = EDGE_CURVE ( 'NONE', #3603, #1784, #2656, .T. ) ;
#2695 = CARTESIAN_POINT ( 'NONE',  ( 1.700000000000000178, -1.000000000000000000, 0.2000000000000003164 ) ) ;
#2696 = FACE_OUTER_BOUND ( 'NONE', #1709, .T. ) ;
#2697 = DIRECTION ( 'NONE',  ( -0.000000000000000000, 1.000000000000000000, -0.000000000000000000 ) ) ;
#2698 = ORIENTED_EDGE ( 'NONE', *, *, #3926, .F. ) ;
#2699 = VECTOR ( 'NONE', #3111, 1000.000000000000000 ) ;
#2700 = CARTESIAN_POINT ( 'NONE',  ( 4.700000000000001066, 5.271320343559642296, 0.000000000000000000 ) ) ;
#2701 = AXIS2_PLACEMENT_3D ( 'NONE', #2536, #3881, #1933 ) ;
#2702 = ORIENTED_EDGE ( 'NONE', *, *, #3213, .T. ) ;
#2703 = CARTESIAN_POINT ( 'NONE',  ( -1.300000000000000044, 3.100000000000000089, -0.6999999999999997335 ) ) ;
#2704 = ORIENTED_EDGE ( 'NONE', *, *, #3830, .T. ) ;
#2705 = FACE_OUTER_BOUND ( 'NONE', #3247, .T. ) ;
#2706 = FACE_OUTER_BOUND ( 'NONE', #1162, .T. ) ;
#2707 = CARTESIAN_POINT ( 'NONE',  ( 1.700000000000000178, -5.695584412271569974, 0.8999999999999999112 ) ) ;
#2708 = AXIS2_PLACEMENT_3D ( 'NONE', #3184, #2194, #509 ) ;
#2709 = CARTESIAN_POINT ( 'NONE',  ( -7.804999999999999716, -0.8500000000000000888, -9.558368267345090462E-16 ) ) ;
#2710 = ORIENTED_EDGE ( 'NONE', *, *, #689, .T. ) ;
#2711 = CIRCLE ( 'NONE', #1508, 0.8999999999999999112 ) ;
#2712 = LINE ( 'NONE', #3178, #2651 ) ;
#2713 = CARTESIAN_POINT ( 'NONE',  ( -4.299999999999999822, -1.000000000000000000, 0.000000000000000000 ) ) ;
#2714 = CARTESIAN_POINT ( 'NONE',  ( 4.700000000000001066, 2.950000000000000178, 0.000000000000000000 ) ) ;
#2715 = ADVANCED_FACE ( 'NONE', ( #1128 ), #2585, .T. ) ;
#2716 = EDGE_LOOP ( 'NONE', ( #1685, #1669, #276, #2566 ) ) ;
#2717 = LINE ( 'NONE', #719, #1269 ) ;
#2718 = SPHERICAL_SURFACE ( 'NONE', #3498, 0.7500000000000000000 ) ;
#2719 = CARTESIAN_POINT ( 'NONE',  ( 1.700000000000000178, 3.100000000000000089, 0.000000000000000000 ) ) ;
#2720 = AXIS2_PLACEMENT_3D ( 'NONE', #458, #2121, #3691 ) ;
#2721 = DIRECTION ( 'NONE',  ( -0.000000000000000000, -1.000000000000000000, -0.000000000000000000 ) ) ;
#2722 = DIRECTION ( 'NONE',  ( 0.000000000000000000, 0.000000000000000000, 1.000000000000000000 ) ) ;
#2723 = AXIS2_PLACEMENT_3D ( 'NONE', #1083, #810, #2432 ) ;
#2724 = CARTESIAN_POINT ( 'NONE',  ( -8.049999999999998934, 2.149999999999999911, 2.899999999999999023 ) ) ;
#2725 = ORIENTED_EDGE ( 'NONE', *, *, #2773, .T. ) ;
#2726 = TOROIDAL_SURFACE ( 'NONE', #1140, 0.6999999999999997335, 0.05000000000000000278 ) ;
#2727 = FACE_OUTER_BOUND ( 'NONE', #84, .T. ) ;
#2728 = CARTESIAN_POINT ( 'NONE',  ( 4.700000000000001066, 3.100000000000000089, 0.000000000000000000 ) ) ;
#2729 = CARTESIAN_POINT ( 'NONE',  ( -1.300000000000000044, 0.4000000000000001887, 0.000000000000000000 ) ) ;
#2730 = ORIENTED_EDGE ( 'NONE', *, *, #2126, .F. ) ;
#2731 = CIRCLE ( 'NONE', #2240, 0.5000000000000004441 ) ;
#2732 = EDGE_CURVE ( 'NONE', #1716, #859, #1144, .T. ) ;
#2733 = AXIS2_PLACEMENT_3D ( 'NONE', #3656, #3946, #4266 ) ;
#2734 = DIRECTION ( 'NONE',  ( 0.000000000000000000, 0.000000000000000000, 1.000000000000000000 ) ) ;
#2735 = ORIENTED_EDGE ( 'NONE', *, *, #3830, .F. ) ;
#2736 = PRESENTATION_STYLE_ASSIGNMENT (( #4058 ) ) ;
#2737 = FACE_OUTER_BOUND ( 'NONE', #2296, .T. ) ;
#2738 = DIRECTION ( 'NONE',  ( -0.000000000000000000, -1.000000000000000000, -0.000000000000000000 ) ) ;
#2739 = DIRECTION ( 'NONE',  ( 0.000000000000000000, 0.7071067811865536790, 0.7071067811865414665 ) ) ;
#2740 = DIRECTION ( 'NONE',  ( -0.000000000000000000, -1.000000000000000000, -0.000000000000000000 ) ) ;
#2741 = CARTESIAN_POINT ( 'NONE',  ( -8.049999999999998934, 0.000000000000000000, 0.000000000000000000 ) ) ;
#2742 = AXIS2_PLACEMENT_3D ( 'NONE', #381, #3731, #2382 ) ;
#2743 = EDGE_LOOP ( 'NONE', ( #2840, #1760, #2865, #862 ) ) ;
#2744 = CARTESIAN_POINT ( 'NONE',  ( -8.000000000000000000, 2.149999999999999911, 2.026000000000002021 ) ) ;
#2745 = CARTESIAN_POINT ( 'NONE',  ( -1.300000000000000044, -1.000000000000000000, 0.2500000000000003886 ) ) ;
#2746 =( GEOMETRIC_REPRESENTATION_CONTEXT ( 3 ) GLOBAL_UNCERTAINTY_ASSIGNED_CONTEXT ( ( #4159 ) ) GLOBAL_UNIT_ASSIGNED_CONTEXT ( ( #2969, #3365, #3701 ) ) REPRESENTATION_CONTEXT ( 'NONE', 'WORKASPACE' ) );
#2747 = ADVANCED_FACE ( 'NONE', ( #4127 ), #3915, .F. ) ;
#2748 = DIRECTION ( 'NONE',  ( 0.000000000000000000, 0.000000000000000000, 1.000000000000000000 ) ) ;
#2749 = AXIS2_PLACEMENT_3D ( 'NONE', #501, #2839, #3155 ) ;
#2750 = ORIENTED_EDGE ( 'NONE', *, *, #1488, .T. ) ;
#2751 = VECTOR ( 'NONE', #1334, 1000.000000000000000 ) ;
#2752 = CARTESIAN_POINT ( 'NONE',  ( -7.804999999999999716, 3.050000000000000711, -1.400000000000000355 ) ) ;
#2753 = CARTESIAN_POINT ( 'NONE',  ( 4.950000000000001066, -14.85791365496260497, 1.925999999999999934 ) ) ;
#2754 = DIRECTION ( 'NONE',  ( 0.000000000000000000, 0.000000000000000000, 1.000000000000000000 ) ) ;
#2755 = STYLED_ITEM ( 'NONE', ( #1316 ), #3218 ) ;
#2756 = CARTESIAN_POINT ( 'NONE',  ( 8.195000000000000284, 3.149999999999999911, 1.399999999999998579 ) ) ;
#2757 = DIRECTION ( 'NONE',  ( 0.000000000000000000, 1.000000000000000000, 0.000000000000000000 ) ) ;
#2758 = ORIENTED_EDGE ( 'NONE', *, *, #814, .T. ) ;
#2759 = COLOUR_RGB ( '',1.000000000000000000, 0.8117647058823529438, 0.5019607843137254832 ) ;
#2760 = AXIS2_PLACEMENT_3D ( 'NONE', #3763, #2693, #3736 ) ;
#2761 = ORIENTED_EDGE ( 'NONE', *, *, #3279, .F. ) ;
#2762 = LINE ( 'NONE', #2036, #4238 ) ;
#2763 = CARTESIAN_POINT ( 'NONE',  ( -4.299999999999999822, 2.649999999999999911, 0.000000000000000000 ) ) ;
#2764 = CARTESIAN_POINT ( 'NONE',  ( 8.205000000000000071, 3.050000000000002487, -4.898587196589386574E-17 ) ) ;
#2765 = EDGE_LOOP ( 'NONE', ( #1236, #1596, #3702, #1254 ) ) ;
#2766 =( LENGTH_UNIT ( ) NAMED_UNIT ( * ) SI_UNIT ( .MILLI., .METRE. ) );
#2767 = ORIENTED_EDGE ( 'NONE', *, *, #3392, .T. ) ;
#2768 = COLOUR_RGB ( '',1.000000000000000000, 0.8117647058823529438, 0.5019607843137254832 ) ;
#2769 = FACE_OUTER_BOUND ( 'NONE', #4043, .T. ) ;
#2770 = ORIENTED_EDGE ( 'NONE', *, *, #1267, .T. ) ;
#2771 = DIRECTION ( 'NONE',  ( -0.000000000000000000, 1.000000000000000000, -0.000000000000000000 ) ) ;
#2772 = CARTESIAN_POINT ( 'NONE',  ( -8.049999999999998934, -0.9499999999999995115, 0.000000000000000000 ) ) ;
#2773 = EDGE_CURVE ( 'NONE', #1780, #4309, #2624, .T. ) ;
#2774 = ORIENTED_EDGE ( 'NONE', *, *, #56, .F. ) ;
#2775 = DIRECTION ( 'NONE',  ( -0.000000000000000000, -1.000000000000000000, -0.000000000000000000 ) ) ;
#2776 = VERTEX_POINT ( 'NONE', #3341 ) ;
#2777 = DIRECTION ( 'NONE',  ( -1.000000000000000000, 0.000000000000000000, 0.000000000000000000 ) ) ;
#2778 = DIRECTION ( 'NONE',  ( 0.000000000000000000, 0.000000000000000000, 1.000000000000000000 ) ) ;
#2779 = ADVANCED_FACE ( 'NONE', ( #4092 ), #1627, .T. ) ;
#2780 = EDGE_CURVE ( 'NONE', #1554, #2006, #1135, .T. ) ;
#2781 = EDGE_CURVE ( 'NONE', #3734, #3873, #4024, .T. ) ;
#2782 = DIRECTION ( 'NONE',  ( -0.000000000000000000, -1.000000000000000000, -0.000000000000000000 ) ) ;
#2783 = VERTEX_POINT ( 'NONE', #919 ) ;
#2784 = DIRECTION ( 'NONE',  ( -1.000000000000000000, 0.000000000000000000, 0.000000000000000000 ) ) ;
#2785 = EDGE_LOOP ( 'NONE', ( #1656, #3500, #3084, #583 ) ) ;
#2786 = ORIENTED_EDGE ( 'NONE', *, *, #4066, .T. ) ;
#2787 = CONICAL_SURFACE ( 'NONE', #4294, 0.7499999999999997780, 0.7853981633974396193 ) ;
#2788 = CIRCLE ( 'NONE', #2134, 0.5000000000000004441 ) ;
#2789 = CARTESIAN_POINT ( 'NONE',  ( -4.299999999999999822, 3.149999999999999911, 0.000000000000000000 ) ) ;
#2790 = CARTESIAN_POINT ( 'NONE',  ( -5.949999999999998401, 1.049999999999999822, -1.925999999999999934 ) ) ;
#2791 = EDGE_CURVE ( 'NONE', #981, #116, #2576, .T. ) ;
#2792 = ORIENTED_EDGE ( 'NONE', *, *, #1540, .T. ) ;
#2793 = DIRECTION ( 'NONE',  ( -0.000000000000000000, 1.000000000000000000, -0.000000000000000000 ) ) ;
#2794 = CARTESIAN_POINT ( 'NONE',  ( 8.195000000000000284, 7.392640687119284237, -9.558368267345090462E-16 ) ) ;
#2795 = VERTEX_POINT ( 'NONE', #2901 ) ;
#2796 = VECTOR ( 'NONE', #2335, 1000.000000000000227 ) ;
#2797 = FACE_OUTER_BOUND ( 'NONE', #3249, .T. ) ;
#2798 = ORIENTED_EDGE ( 'NONE', *, *, #3650, .F. ) ;
#2799 = EDGE_CURVE ( 'NONE', #4124, #219, #1150, .T. ) ;
#2800 = CARTESIAN_POINT ( 'NONE',  ( -8.000000000000000000, 2.149999999999999911, 2.026000000000002021 ) ) ;
#2801 = DIRECTION ( 'NONE',  ( 1.000000000000000000, -0.000000000000000000, 1.224646799147353207E-16 ) ) ;
#2802 = DIRECTION ( 'NONE',  ( 0.000000000000000000, 0.000000000000000000, -1.000000000000000000 ) ) ;
#2803 = EDGE_LOOP ( 'NONE', ( #3688, #3081 ) ) ;
#2804 = CIRCLE ( 'NONE', #206, 0.8999999999999994671 ) ;
#2805 = CARTESIAN_POINT ( 'NONE',  ( -4.299999999999999822, 3.149999999999999911, 0.000000000000000000 ) ) ;
#2806 = AXIS2_PLACEMENT_3D ( 'NONE', #3464, #1405, #2987 ) ;
#2807 = EDGE_LOOP ( 'NONE', ( #4016, #3304, #394, #1102 ) ) ;
#2808 = CARTESIAN_POINT ( 'NONE',  ( 1.700000000000000178, 3.100000000000000089, 0.6999999999999997335 ) ) ;
#2809 = EDGE_CURVE ( 'NONE', #1094, #4153, #2640, .T. ) ;
#2810 = AXIS2_PLACEMENT_3D ( 'NONE', #1056, #4307, #2722 ) ;
#2811 = AXIS2_PLACEMENT_3D ( 'NONE', #2431, #1564, #1220 ) ;
#2812 = DIRECTION ( 'NONE',  ( 0.000000000000000000, 0.000000000000000000, 1.000000000000000000 ) ) ;
#2813 = DIRECTION ( 'NONE',  ( 0.000000000000000000, 0.000000000000000000, 1.000000000000000000 ) ) ;
#2814 = DIRECTION ( 'NONE',  ( 0.000000000000000000, 1.000000000000000000, 0.000000000000000000 ) ) ;
#2815 = VERTEX_POINT ( 'NONE', #2574 ) ;
#2816 = CYLINDRICAL_SURFACE ( 'NONE', #2185, 0.7499999999999997780 ) ;
#2817 = CARTESIAN_POINT ( 'NONE',  ( 1.700000000000000178, 3.149999999999999911, -0.5000000000000004441 ) ) ;
#2818 = CARTESIAN_POINT ( 'NONE',  ( 4.700000000000001066, 3.100000000000000089, 0.6999999999999997335 ) ) ;
#2819 = ORIENTED_EDGE ( 'NONE', *, *, #3337, .F. ) ;
#2820 = AXIS2_PLACEMENT_3D ( 'NONE', #3087, #476, #3460 ) ;
#2821 = ADVANCED_FACE ( 'NONE', ( #4087, #4051, #1095, #4097, #1174 ), #3259, .F. ) ;
#2822 = PLANE ( 'NONE',  #4136 ) ;
#2823 = EDGE_LOOP ( 'NONE', ( #2892, #1302 ) ) ;
#2824 = CYLINDRICAL_SURFACE ( 'NONE', #2749, 1.499999999999999556 ) ;
#2825 = CARTESIAN_POINT ( 'NONE',  ( -4.299999999999999822, 0.000000000000000000, 0.000000000000000000 ) ) ;
#2826 = DIRECTION ( 'NONE',  ( -0.000000000000000000, -1.000000000000000000, -0.000000000000000000 ) ) ;
#2827 = ORIENTED_EDGE ( 'NONE', *, *, #2126, .T. ) ;
#2828 = DIRECTION ( 'NONE',  ( 0.000000000000000000, 0.000000000000000000, 1.000000000000000000 ) ) ;
#2829 = AXIS2_PLACEMENT_3D ( 'NONE', #4103, #3248, #492 ) ;
#2830 = CARTESIAN_POINT ( 'NONE',  ( -1.300000000000000044, -1.000000000000000000, 0.000000000000000000 ) ) ;
#2831 = CARTESIAN_POINT ( 'NONE',  ( 1.700000000000000178, 5.271320343559642296, 0.000000000000000000 ) ) ;
#2832 = EDGE_LOOP ( 'NONE', ( #478, #3950 ) ) ;
#2833 = LINE ( 'NONE', #3045, #4288 ) ;
#2834 = LINE ( 'NONE', #2724, #4303 ) ;
#2835 = EDGE_CURVE ( 'NONE', #409, #2863, #4142, .T. ) ;
#2836 = ORIENTED_EDGE ( 'NONE', *, *, #3476, .T. ) ;
#2837 = DIRECTION ( 'NONE',  ( -0.000000000000000000, 1.000000000000000000, -0.000000000000000000 ) ) ;
#2838 = DIRECTION ( 'NONE',  ( 0.000000000000000000, 1.000000000000000000, 0.000000000000000000 ) ) ;
#2839 = DIRECTION ( 'NONE',  ( -0.000000000000000000, -1.000000000000000000, -0.000000000000000000 ) ) ;
#2840 = ORIENTED_EDGE ( 'NONE', *, *, #2132, .F. ) ;
#2841 = FACE_OUTER_BOUND ( 'NONE', #2807, .T. ) ;
#2842 = CIRCLE ( 'NONE', #1280, 0.5000000000000004441 ) ;
#2843 = DIRECTION ( 'NONE',  ( 0.000000000000000000, 1.000000000000000000, 0.000000000000000000 ) ) ;
#2844 = VERTEX_POINT ( 'NONE', #1218 ) ;
#2845 = EDGE_CURVE ( 'NONE', #2815, #2995, #2679, .T. ) ;
#2846 = CARTESIAN_POINT ( 'NONE',  ( -7.804999999999999716, 2.649999999999999911, -9.558368267345090462E-16 ) ) ;
#2847 = DIRECTION ( 'NONE',  ( 0.000000000000000000, 0.000000000000000000, 1.000000000000000000 ) ) ;
#2848 = CARTESIAN_POINT ( 'NONE',  ( -1.300000000000000044, -1.000000000000000000, 0.2000000000000003164 ) ) ;
#2849 = DIRECTION ( 'NONE',  ( -0.000000000000000000, -1.000000000000000000, -0.000000000000000000 ) ) ;
#2850 = EDGE_CURVE ( 'NONE', #1107, #1784, #1187, .T. ) ;
#2851 = ORIENTED_EDGE ( 'NONE', *, *, #2393, .F. ) ;
#2852 = TOROIDAL_SURFACE ( 'NONE', #3164, 2.699999999999998845, 0.2000000000000000111 ) ;
#2853 = VERTEX_POINT ( 'NONE', #1526 ) ;
#2854 = ADVANCED_FACE ( 'NONE', ( #2631 ), #4080, .T. ) ;
#2855 = EDGE_CURVE ( 'NONE', #1949, #2437, #4072, .T. ) ;
#2856 = PRODUCT_CONTEXT ( 'NONE', #3137, 'mechanical' ) ;
#2857 = AXIS2_PLACEMENT_3D ( 'NONE', #1018, #1359, #3480 ) ;
#2858 = ORIENTED_EDGE ( 'NONE', *, *, #689, .F. ) ;
#2859 = CIRCLE ( 'NONE', #4089, 1.499999999999999556 ) ;
#2860 = CIRCLE ( 'NONE', #949, 0.7499999999999997780 ) ;
#2861 = DIRECTION ( 'NONE',  ( -0.000000000000000000, -1.000000000000000000, -0.000000000000000000 ) ) ;
#2862 = CARTESIAN_POINT ( 'NONE',  ( -7.804999999999999716, -0.8500000000000000888, -1.650000000000001465 ) ) ;
#2863 = VERTEX_POINT ( 'NONE', #2110 ) ;
#2864 = FILL_AREA_STYLE ('',( #620 ) ) ;
#2865 = ORIENTED_EDGE ( 'NONE', *, *, #2443, .T. ) ;
#2866 = TOROIDAL_SURFACE ( 'NONE', #1966, 1.550000000000000488, 0.1000000000000000056 ) ;
#2867 = ORIENTED_EDGE ( 'NONE', *, *, #1181, .T. ) ;
#2868 = ORIENTED_EDGE ( 'NONE', *, *, #2560, .F. ) ;
#2869 = CARTESIAN_POINT ( 'NONE',  ( -1.300000000000000044, 3.100000000000000533, -0.7499999999999997780 ) ) ;
#2870 = DIRECTION ( 'NONE',  ( -1.000000000000000000, 0.000000000000000000, 0.000000000000000000 ) ) ;
#2871 = AXIS2_PLACEMENT_3D ( 'NONE', #2700, #3768, #1032 ) ;
#2872 =( NAMED_UNIT ( * ) PLANE_ANGLE_UNIT ( ) SI_UNIT ( $, .RADIAN. ) );
#2873 = EDGE_LOOP ( 'NONE', ( #635, #589 ) ) ;
#2874 = CIRCLE ( 'NONE', #2376, 0.2500000000000003886 ) ;
#2875 = AXIS2_PLACEMENT_3D ( 'NONE', #1897, #856, #1515 ) ;
#2876 = ORIENTED_EDGE ( 'NONE', *, *, #3198, .T. ) ;
#2877 = CARTESIAN_POINT ( 'NONE',  ( 8.205000000000000071, 3.149999999999999911, -4.898587196589386574E-17 ) ) ;
#2878 =( LENGTH_UNIT ( ) NAMED_UNIT ( * ) SI_UNIT ( .MILLI., .METRE. ) );
#2879 = DIRECTION ( 'NONE',  ( 8.659560562354920532E-17, 0.7071067811865486830, -0.7071067811865464625 ) ) ;
#2880 = DIRECTION ( 'NONE',  ( 0.000000000000000000, 0.000000000000000000, -1.000000000000000000 ) ) ;
#2881 = AXIS2_PLACEMENT_3D ( 'NONE', #1823, #1537, #1505 ) ;
#2882 = VERTEX_POINT ( 'NONE', #3519 ) ;
#2883 = SURFACE_STYLE_FILL_AREA ( #4030 ) ;
#2884 = AXIS2_PLACEMENT_3D ( 'NONE', #3305, #1571, #1194 ) ;
#2885 = ORIENTED_EDGE ( 'NONE', *, *, #3822, .T. ) ;
#2886 = ORIENTED_EDGE ( 'NONE', *, *, #3390, .F. ) ;
#2887 = ADVANCED_FACE ( 'NONE', ( #4060 ), #1774, .F. ) ;
#2888 = EDGE_LOOP ( 'NONE', ( #667, #1307, #3721, #1538 ) ) ;
#2889 = CIRCLE ( 'NONE', #2708, 0.5000000000000004441 ) ;
#2890 = DIRECTION ( 'NONE',  ( 0.000000000000000000, 0.000000000000000000, 1.000000000000000000 ) ) ;
#2891 = CARTESIAN_POINT ( 'NONE',  ( 4.700000000000001066, 3.100000000000000533, 0.000000000000000000 ) ) ;
#2892 = ORIENTED_EDGE ( 'NONE', *, *, #3888, .F. ) ;
#2893 = DIRECTION ( 'NONE',  ( 0.000000000000000000, 0.000000000000000000, -1.000000000000000000 ) ) ;
#2894 = ADVANCED_FACE ( 'NONE', ( #2615 ), #55, .F. ) ;
#2895 = SURFACE_STYLE_USAGE ( .BOTH. , #885 ) ;
#2896 = EDGE_CURVE ( 'NONE', #1745, #1356, #4033, .T. ) ;
#2897 = DIRECTION ( 'NONE',  ( 0.000000000000000000, 0.000000000000000000, 1.000000000000000000 ) ) ;
#2898 = ORIENTED_EDGE ( 'NONE', *, *, #2915, .F. ) ;
#2899 = LINE ( 'NONE', #266, #4373 ) ;
#2900 = ORIENTED_EDGE ( 'NONE', *, *, #1713, .F. ) ;
#2901 = CARTESIAN_POINT ( 'NONE',  ( 8.195000000000000284, 2.649999999999999911, 1.499999999999998668 ) ) ;
#2902 = PLANE ( 'NONE',  #3020 ) ;
#2903 = CARTESIAN_POINT ( 'NONE',  ( -7.804999999999999716, 2.649999999999999911, -9.558368267345090462E-16 ) ) ;
#2904 = ORIENTED_EDGE ( 'NONE', *, *, #3092, .F. ) ;
#2905 = ORIENTED_EDGE ( 'NONE', *, *, #651, .T. ) ;
#2906 = DIRECTION ( 'NONE',  ( 0.000000000000000000, 0.000000000000000000, 1.000000000000000000 ) ) ;
#2907 = EDGE_CURVE ( 'NONE', #1207, #1241, #1237, .T. ) ;
#2908 = SURFACE_STYLE_USAGE ( .BOTH. , #3163 ) ;
#2909 = FILL_AREA_STYLE_COLOUR ( '', #1527 ) ;
#2910 = ORIENTED_EDGE ( 'NONE', *, *, #65, .T. ) ;
#2911 = LINE ( 'NONE', #2604, #4379 ) ;
#2912 = CIRCLE ( 'NONE', #1606, 1.499999999999999556 ) ;
#2913 = ORIENTED_EDGE ( 'NONE', *, *, #1615, .F. ) ;
#2914 = ORIENTED_EDGE ( 'NONE', *, *, #101, .F. ) ;
#2915 = EDGE_CURVE ( 'NONE', #2535, #2618, #4037, .T. ) ;
#2916 = AXIS2_PLACEMENT_3D ( 'NONE', #788, #161, #2802 ) ;
#2917 = VERTEX_POINT ( 'NONE', #2458 ) ;
#2919 = UNCERTAINTY_MEASURE_WITH_UNIT (LENGTH_MEASURE( 1.000000000000000082E-05 ), #4216, 'distance_accuracy_value', 'NONE');
#2918 = CARTESIAN_POINT ( 'NONE',  ( 4.700000000000001066, 2.649999999999999911, 0.000000000000000000 ) ) ;
#2920 = CARTESIAN_POINT ( 'NONE',  ( -4.069999999999998508, 3.220837012152985679, -1.926000000000000822 ) ) ;
#2921 = EDGE_LOOP ( 'NONE', ( #370, #2929, #3574, #2068 ) ) ;
#2922 =( GEOMETRIC_REPRESENTATION_CONTEXT ( 3 ) GLOBAL_UNCERTAINTY_ASSIGNED_CONTEXT ( ( #3410 ) ) GLOBAL_UNIT_ASSIGNED_CONTEXT ( ( #1048, #83, #1363 ) ) REPRESENTATION_CONTEXT ( 'NONE', 'WORKASPACE' ) );
#2923 = DIRECTION ( 'NONE',  ( 0.000000000000000000, 0.000000000000000000, -1.000000000000000000 ) ) ;
#2924 = ADVANCED_FACE ( 'NONE', ( #4101 ), #2650, .T. ) ;
#2925 =( NAMED_UNIT ( * ) PLANE_ANGLE_UNIT ( ) SI_UNIT ( $, .RADIAN. ) );
#2926 = VECTOR ( 'NONE', #4327, 1000.000000000000000 ) ;
#2927 = EDGE_LOOP ( 'NONE', ( #2948, #3728, #1294, #2201 ) ) ;
#2928 = LINE ( 'NONE', #1001, #1433 ) ;
#2929 = ORIENTED_EDGE ( 'NONE', *, *, #56, .T. ) ;
#2930 = ORIENTED_EDGE ( 'NONE', *, *, #1951, .F. ) ;
#2931 = DIRECTION ( 'NONE',  ( -0.000000000000000000, 1.000000000000000000, -0.000000000000000000 ) ) ;
#2932 = CARTESIAN_POINT ( 'NONE',  ( 4.700000000000001066, 3.149999999999999911, 0.000000000000000000 ) ) ;
#2933 = EDGE_CURVE ( 'NONE', #1971, #4355, #2546, .T. ) ;
#2934 = VERTEX_POINT ( 'NONE', #2800 ) ;
#2935 = ORIENTED_EDGE ( 'NONE', *, *, #2606, .F. ) ;
#2936 = DIRECTION ( 'NONE',  ( 1.000000000000000000, 0.000000000000000000, -0.000000000000000000 ) ) ;
#2937 = AXIS2_PLACEMENT_3D ( 'NONE', #3680, #968, #3397 ) ;
#2938 =( GEOMETRIC_REPRESENTATION_CONTEXT ( 3 ) GLOBAL_UNCERTAINTY_ASSIGNED_CONTEXT ( ( #1641 ) ) GLOBAL_UNIT_ASSIGNED_CONTEXT ( ( #4352, #367, #2306 ) ) REPRESENTATION_CONTEXT ( 'NONE', 'WORKASPACE' ) );
#2939 = CARTESIAN_POINT ( 'NONE',  ( 1.700000000000000178, -5.695584412271569974, 0.000000000000000000 ) ) ;
#2940 = DIRECTION ( 'NONE',  ( -0.000000000000000000, 1.000000000000000000, -0.000000000000000000 ) ) ;
#2941 = DIRECTION ( 'NONE',  ( 8.659560562354857670E-17, 0.7071067811865536790, -0.7071067811865414665 ) ) ;
#2942 = VECTOR ( 'NONE', #848, 1000.000000000000000 ) ;
#2943 = ORIENTED_EDGE ( 'NONE', *, *, #2540, .T. ) ;
#2944 = CIRCLE ( 'NONE', #2567, 0.2000000000000003164 ) ;
#2945 = ORIENTED_EDGE ( 'NONE', *, *, #2405, .F. ) ;
#2946 = VERTEX_POINT ( 'NONE', #1189 ) ;
#2947 = FACE_OUTER_BOUND ( 'NONE', #1525, .T. ) ;
#2948 = ORIENTED_EDGE ( 'NONE', *, *, #1217, .T. ) ;
#2949 = CIRCLE ( 'NONE', #408, 0.5000000000000004441 ) ;
#2950 = ORIENTED_EDGE ( 'NONE', *, *, #2627, .F. ) ;
#2951 = DIRECTION ( 'NONE',  ( 0.000000000000000000, 0.000000000000000000, 1.000000000000000000 ) ) ;
#2952 = DIRECTION ( 'NONE',  ( -0.000000000000000000, 1.000000000000000000, -0.000000000000000000 ) ) ;
#2953 = ADVANCED_FACE ( 'NONE', ( #4120 ), #2579, .T. ) ;
#2954 = ORIENTED_EDGE ( 'NONE', *, *, #4232, .T. ) ;
#2955 = EDGE_CURVE ( 'NONE', #1754, #2318, #4010, .T. ) ;
#2956 = EDGE_CURVE ( 'NONE', #15, #142, #2601, .T. ) ;
#2957 = DIRECTION ( 'NONE',  ( 0.000000000000000000, 0.000000000000000000, -1.000000000000000000 ) ) ;
#2958 = VECTOR ( 'NONE', #3769, 1000.000000000000000 ) ;
#2959 = EDGE_LOOP ( 'NONE', ( #1453, #951, #3237, #2935 ) ) ;
#2960 = CIRCLE ( 'NONE', #769, 0.05000000000000002359 ) ;
#2961 = FACE_OUTER_BOUND ( 'NONE', #3057, .T. ) ;
#2962 = CARTESIAN_POINT ( 'NONE',  ( -5.799999999999999822, 1.049999999999999822, -1.439999999999999947 ) ) ;
#2963 = ORIENTED_EDGE ( 'NONE', *, *, #3926, .T. ) ;
#2964 = EDGE_LOOP ( 'NONE', ( #264, #1737, #474, #482 ) ) ;
#2965 = ORIENTED_EDGE ( 'NONE', *, *, #1957, .T. ) ;
#2966 = EDGE_CURVE ( 'NONE', #4198, #98, #2666, .T. ) ;
#2967 = ORIENTED_EDGE ( 'NONE', *, *, #2835, .F. ) ;
#2968 = ADVANCED_FACE ( 'NONE', ( #1158 ), #4166, .F. ) ;
#2969 =( LENGTH_UNIT ( ) NAMED_UNIT ( * ) SI_UNIT ( .MILLI., .METRE. ) );
#2970 = AXIS2_PLACEMENT_3D ( 'NONE', #3751, #3076, #2062 ) ;
#2971 = CARTESIAN_POINT ( 'NONE',  ( 4.700000000000001066, -0.9499999999999997335, 0.2500000000000003886 ) ) ;
#2972 = EDGE_LOOP ( 'NONE', ( #3256, #613, #240, #3157 ) ) ;
#2973 = LINE ( 'NONE', #800, #86 ) ;
#2974 = AXIS2_PLACEMENT_3D ( 'NONE', #3229, #190, #1086 ) ;
#2975 = DIRECTION ( 'NONE',  ( 0.000000000000000000, 1.000000000000000000, 0.000000000000000000 ) ) ;
#2976 = ORIENTED_EDGE ( 'NONE', *, *, #3700, .T. ) ;
#2977 = ORIENTED_EDGE ( 'NONE', *, *, #67, .F. ) ;
#2978 = FACE_OUTER_BOUND ( 'NONE', #904, .T. ) ;
#2979 = EDGE_LOOP ( 'NONE', ( #4227, #1613 ) ) ;
#2980 = FACE_OUTER_BOUND ( 'NONE', #2636, .T. ) ;
#2981 = EDGE_LOOP ( 'NONE', ( #2416, #2384, #920, #3227 ) ) ;
#2982 = CARTESIAN_POINT ( 'NONE',  ( -4.299999999999999822, 3.509016994374947629, -0.5000000000000004441 ) ) ;
#2983 = DIRECTION ( 'NONE',  ( 0.000000000000000000, 1.000000000000000000, 0.000000000000000000 ) ) ;
#2984 = AXIS2_PLACEMENT_3D ( 'NONE', #1959, #3711, #3349 ) ;
#2985 = ORIENTED_EDGE ( 'NONE', *, *, #277, .F. ) ;
#2986 = DIRECTION ( 'NONE',  ( 0.000000000000000000, 0.000000000000000000, 1.000000000000000000 ) ) ;
#2987 = DIRECTION ( 'NONE',  ( 0.000000000000000000, 0.000000000000000000, -1.000000000000000000 ) ) ;
#2988 = VECTOR ( 'NONE', #4314, 1000.000000000000000 ) ;
#2989 = AXIS2_PLACEMENT_3D ( 'NONE', #1962, #588, #1651 ) ;
#2990 = ORIENTED_EDGE ( 'NONE', *, *, #529, .F. ) ;
#2991 = STYLED_ITEM ( 'NONE', ( #2406 ), #2463 ) ;
#2992 = ORIENTED_EDGE ( 'NONE', *, *, #328, .F. ) ;
#2993 = ADVANCED_FACE ( 'NONE', ( #1224 ), #1164, .T. ) ;
#2994 = CARTESIAN_POINT ( 'NONE',  ( 4.700000000000001066, 2.950000000000000178, 0.000000000000000000 ) ) ;
#2995 = VERTEX_POINT ( 'NONE', #127 ) ;
#2996 = CARTESIAN_POINT ( 'NONE',  ( 8.195000000000000284, -0.8500000000000000888, -1.550000000000001377 ) ) ;
#2997 = FILL_AREA_STYLE_COLOUR ( '', #3428 ) ;
#2998 = CYLINDRICAL_SURFACE ( 'NONE', #1206, 0.8999999999999999112 ) ;
#2999 = CIRCLE ( 'NONE', #2026, 0.5000000000000004441 ) ;
#3000 = ORIENTED_EDGE ( 'NONE', *, *, #2446, .T. ) ;
#3001 = ORIENTED_EDGE ( 'NONE', *, *, #1016, .F. ) ;
#3002 = CARTESIAN_POINT ( 'NONE',  ( 8.205000000000000071, 3.149999999999999911, -4.898587196589386574E-17 ) ) ;
#3003 = CARTESIAN_POINT ( 'NONE',  ( -4.299999999999999822, 3.509016994374947629, 0.000000000000000000 ) ) ;
#3004 = DIRECTION ( 'NONE',  ( -0.000000000000000000, 1.000000000000000000, -0.000000000000000000 ) ) ;
#3005 = EDGE_CURVE ( 'NONE', #2139, #3547, #2673, .T. ) ;
#3006 = COLOUR_RGB ( '',1.000000000000000000, 0.8117647058823529438, 0.5019607843137254832 ) ;
#3007 = VERTEX_POINT ( 'NONE', #1329 ) ;
#3008 = CIRCLE ( 'NONE', #2480, 1.000000000000000000 ) ;
#3009 = VECTOR ( 'NONE', #1486, 1000.000000000000000 ) ;
#3010 = ORIENTED_EDGE ( 'NONE', *, *, #3600, .F. ) ;
#3011 = EDGE_LOOP ( 'NONE', ( #1315, #185, #2735, #2213 ) ) ;
#3012 = ADVANCED_FACE ( 'NONE', ( #4134 ), #3757, .F. ) ;
#3013 = EDGE_CURVE ( 'NONE', #1909, #4023, #2833, .T. ) ;
#3014 = CIRCLE ( 'NONE', #1944, 0.5000000000000004441 ) ;
#3015 = LINE ( 'NONE', #342, #4389 ) ;
#3016 = ORIENTED_EDGE ( 'NONE', *, *, #1746, .F. ) ;
#3017 = DIRECTION ( 'NONE',  ( 0.000000000000000000, 0.000000000000000000, 1.000000000000000000 ) ) ;
#3018 = CARTESIAN_POINT ( 'NONE',  ( 4.700000000000001066, 3.149999999999999911, 0.6999999999999997335 ) ) ;
#3019 = ORIENTED_EDGE ( 'NONE', *, *, #887, .F. ) ;
#3020 = AXIS2_PLACEMENT_3D ( 'NONE', #2516, #2838, #3299 ) ;
#3021 = DIRECTION ( 'NONE',  ( 0.000000000000000000, 0.000000000000000000, -1.000000000000000000 ) ) ;
#3022 = CARTESIAN_POINT ( 'NONE',  ( 8.205000000000000071, 3.050000000000002487, -1.500000000000000666 ) ) ;
#3023 = CARTESIAN_POINT ( 'NONE',  ( -4.299999999999999822, 0.000000000000000000, -0.2500000000000003886 ) ) ;
#3024 = EDGE_LOOP ( 'NONE', ( #2092, #1831 ) ) ;
#3025 = CIRCLE ( 'NONE', #301, 0.7999999999999986011 ) ;
#3026 = FILL_AREA_STYLE ('',( #4384 ) ) ;
#3027 = ORIENTED_EDGE ( 'NONE', *, *, #2690, .T. ) ;
#3028 =( NAMED_UNIT ( * ) SI_UNIT ( $, .STERADIAN. ) SOLID_ANGLE_UNIT ( ) );
#3029 = CARTESIAN_POINT ( 'NONE',  ( -8.049999999999998934, 1.049999999999999822, 0.000000000000000000 ) ) ;
#3030 = CARTESIAN_POINT ( 'NONE',  ( 1.700000000000000178, 3.149999999999999911, 0.000000000000000000 ) ) ;
#3031 = ORIENTED_EDGE ( 'NONE', *, *, #745, .F. ) ;
#3032 = LINE ( 'NONE', #2402, #3083 ) ;
#3033 = TOROIDAL_SURFACE ( 'NONE', #1195, 1.550000000000000488, 0.1000000000000000056 ) ;
#3034 = EDGE_LOOP ( 'NONE', ( #3766, #750, #4211, #1406, #839 ) ) ;
#3035 = ADVANCED_FACE ( 'NONE', ( #2705 ), #665, .T. ) ;
#3036 = MANIFOLD_SOLID_BREP ( 'Revolve1', #1177 ) ;
#3037 = VERTEX_POINT ( 'NONE', #11 ) ;
#3038 = CARTESIAN_POINT ( 'NONE',  ( 8.049999999999997158, 2.949999999999999734, -2.699999999999998845 ) ) ;
#3039 = AXIS2_PLACEMENT_3D ( 'NONE', #1339, #428, #1258 ) ;
#3040 = CARTESIAN_POINT ( 'NONE',  ( 4.700000000000001066, 3.149999999999999911, 0.000000000000000000 ) ) ;
#3041 = DIRECTION ( 'NONE',  ( 1.000000000000000000, -0.000000000000000000, 1.224646799147353207E-16 ) ) ;
#3042 = CYLINDRICAL_SURFACE ( 'NONE', #1297, 0.2000000000000000944 ) ;
#3043 = EDGE_LOOP ( 'NONE', ( #3709, #4293, #2876, #1623 ) ) ;
#3044 = FACE_OUTER_BOUND ( 'NONE', #2171, .T. ) ;
#3045 = CARTESIAN_POINT ( 'NONE',  ( -4.299999999999999822, 3.149999999999999911, 0.5000000000000004441 ) ) ;
#3046 = VERTEX_POINT ( 'NONE', #383 ) ;
#3047 = DIRECTION ( 'NONE',  ( 0.000000000000000000, 0.000000000000000000, 1.000000000000000000 ) ) ;
#3048 = EDGE_LOOP ( 'NONE', ( #3396, #1679 ) ) ;
#3049 = AXIS2_PLACEMENT_3D ( 'NONE', #4015, #3815, #362 ) ;
#3050 = EDGE_CURVE ( 'NONE', #438, #3603, #2717, .T. ) ;
#3051 = AXIS2_PLACEMENT_3D ( 'NONE', #1941, #2409, #2167 ) ;
#3052 = CIRCLE ( 'NONE', #4052, 0.7499999999999997780 ) ;
#3053 = CYLINDRICAL_SURFACE ( 'NONE', #684, 0.5000000000000004441 ) ;
#3054 = ORIENTED_EDGE ( 'NONE', *, *, #808, .T. ) ;
#3055 = CARTESIAN_POINT ( 'NONE',  ( -1.300000000000000044, 0.000000000000000000, 0.000000000000000000 ) ) ;
#3056 = DIRECTION ( 'NONE',  ( 0.000000000000000000, 0.000000000000000000, 1.000000000000000000 ) ) ;
#3057 = EDGE_LOOP ( 'NONE', ( #1991, #4069, #607, #1820 ) ) ;
#3058 = ADVANCED_FACE ( 'NONE', ( #4168 ), #4243, .T. ) ;
#3059 = DIRECTION ( 'NONE',  ( -0.000000000000000000, 1.000000000000000000, -0.000000000000000000 ) ) ;
#3060 = AXIS2_PLACEMENT_3D ( 'NONE', #3842, #136, #2203 ) ;
#3061 = DIRECTION ( 'NONE',  ( 0.000000000000000000, 1.000000000000000000, 0.000000000000000000 ) ) ;
#3062 = CONICAL_SURFACE ( 'NONE', #1104, 2.026000000000002021, 0.03490658503988666728 ) ;
#3063 = CIRCLE ( 'NONE', #2829, 0.05000000000000002359 ) ;
#3064 = ORIENTED_EDGE ( 'NONE', *, *, #73, .T. ) ;
#3065 = EDGE_LOOP ( 'NONE', ( #3188, #1568, #2514, #228 ) ) ;
#3066 = SURFACE_SIDE_STYLE ('',( #2221 ) ) ;
#3067 = AXIS2_PLACEMENT_3D ( 'NONE', #2130, #1761, #3106 ) ;
#3068 = CARTESIAN_POINT ( 'NONE',  ( -5.799999999999999822, -4.657106781186548083, -1.439999999999999947 ) ) ;
#3069 =( GEOMETRIC_REPRESENTATION_CONTEXT ( 3 ) GLOBAL_UNCERTAINTY_ASSIGNED_CONTEXT ( ( #604 ) ) GLOBAL_UNIT_ASSIGNED_CONTEXT ( ( #1894, #4155, #2504 ) ) REPRESENTATION_CONTEXT ( 'NONE', 'WORKASPACE' ) );
#3070 = DIRECTION ( 'NONE',  ( 0.000000000000000000, 0.000000000000000000, -1.000000000000000000 ) ) ;
#3071 = CIRCLE ( 'NONE', #2937, 2.899999999999999023 ) ;
#3072 = CONICAL_SURFACE ( 'NONE', #3067, 0.7499999999999997780, 0.7853981633974396193 ) ;
#3073 = ORIENTED_EDGE ( 'NONE', *, *, #1478, .T. ) ;
#3074 = VERTEX_POINT ( 'NONE', #2628 ) ;
#3075 = EDGE_CURVE ( 'NONE', #1692, #2578, #4176, .T. ) ;
#3076 = DIRECTION ( 'NONE',  ( 0.000000000000000000, 1.000000000000000000, 0.000000000000000000 ) ) ;
#3077 = CARTESIAN_POINT ( 'NONE',  ( -4.299999999999999822, 0.000000000000000000, 0.2500000000000003886 ) ) ;
#3078 = CIRCLE ( 'NONE', #357, 1.499999999999999556 ) ;
#3079 = CIRCLE ( 'NONE', #517, 0.2000000000000003164 ) ;
#3080 = DIRECTION ( 'NONE',  ( -1.000000000000000000, 0.000000000000000000, 1.224646799147353207E-16 ) ) ;
#3081 = ORIENTED_EDGE ( 'NONE', *, *, #3327, .T. ) ;
#3082 = EDGE_CURVE ( 'NONE', #3899, #1661, #1283, .T. ) ;
#3083 = VECTOR ( 'NONE', #1632, 1000.000000000000000 ) ;
#3084 = ORIENTED_EDGE ( 'NONE', *, *, #2627, .T. ) ;
#3085 = CARTESIAN_POINT ( 'NONE',  ( -1.300000000000000044, 2.649999999999999911, 0.000000000000000000 ) ) ;
#3086 = EDGE_CURVE ( 'NONE', #3860, #3161, #1255, .T. ) ;
#3087 = CARTESIAN_POINT ( 'NONE',  ( -8.000000000000000000, 1.049999999999999822, 0.000000000000000000 ) ) ;
#3088 = CARTESIAN_POINT ( 'NONE',  ( 8.049999999999997158, 3.149999999999999911, -2.699999999999998845 ) ) ;
#3089 = ORIENTED_EDGE ( 'NONE', *, *, #3689, .T. ) ;
#3090 = CARTESIAN_POINT ( 'NONE',  ( -4.299999999999999822, 0.000000000000000000, 0.000000000000000000 ) ) ;
#3091 = CARTESIAN_POINT ( 'NONE',  ( -1.300000000000000044, 3.149999999999999911, 0.000000000000000000 ) ) ;
#3092 = EDGE_CURVE ( 'NONE', #3966, #964, #1249, .T. ) ;
#3093 = CIRCLE ( 'NONE', #3251, 0.2500000000000003886 ) ;
#3094 = AXIS2_PLACEMENT_3D ( 'NONE', #1124, #3857, #586 ) ;
#3095 = ORIENTED_EDGE ( 'NONE', *, *, #3697, .F. ) ;
#3096 = DIRECTION ( 'NONE',  ( -0.000000000000000000, -1.000000000000000000, -0.000000000000000000 ) ) ;
#3097 = ORIENTED_EDGE ( 'NONE', *, *, #594, .T. ) ;
#3098 = DIRECTION ( 'NONE',  ( 0.000000000000000000, 1.000000000000000000, 0.000000000000000000 ) ) ;
#3099 = ADVANCED_FACE ( 'NONE', ( #4206 ), #2726, .T. ) ;
#3100 = CARTESIAN_POINT ( 'NONE',  ( 4.700000000000001066, 3.700000000000000178, 0.000000000000000000 ) ) ;
#3101 = DIRECTION ( 'NONE',  ( 0.000000000000000000, 0.000000000000000000, -1.000000000000000000 ) ) ;
#3102 = LINE ( 'NONE', #210, #3147 ) ;
#3103 = ORIENTED_EDGE ( 'NONE', *, *, #1267, .F. ) ;
#3104 = CARTESIAN_POINT ( 'NONE',  ( 1.700000000000000178, 3.509016994374947629, 0.000000000000000000 ) ) ;
#3105 = ORIENTED_EDGE ( 'NONE', *, *, #2915, .T. ) ;
#3106 = DIRECTION ( 'NONE',  ( 0.000000000000000000, 0.000000000000000000, 1.000000000000000000 ) ) ;
#3107 = CIRCLE ( 'NONE', #3039, 0.7500000000000000000 ) ;
#3108 =( GEOMETRIC_REPRESENTATION_CONTEXT ( 3 ) GLOBAL_UNCERTAINTY_ASSIGNED_CONTEXT ( ( #393 ) ) GLOBAL_UNIT_ASSIGNED_CONTEXT ( ( #910, #2925, #2250 ) ) REPRESENTATION_CONTEXT ( 'NONE', 'WORKASPACE' ) );
#3109 = ORIENTED_EDGE ( 'NONE', *, *, #3770, .T. ) ;
#3110 = DIRECTION ( 'NONE',  ( 0.000000000000000000, 1.000000000000000000, 0.000000000000000000 ) ) ;
#3111 = DIRECTION ( 'NONE',  ( -0.000000000000000000, 1.000000000000000000, -0.000000000000000000 ) ) ;
#3112 = AXIS2_PLACEMENT_3D ( 'NONE', #2891, #881, #543 ) ;
#3113 = VERTEX_POINT ( 'NONE', #3240 ) ;
#3114 = CIRCLE ( 'NONE', #727, 0.7999999999999986011 ) ;
#3115 = VERTEX_POINT ( 'NONE', #570 ) ;
#3116 = DIRECTION ( 'NONE',  ( -0.000000000000000000, 1.000000000000000000, -0.000000000000000000 ) ) ;
#3117 = AXIS2_PLACEMENT_3D ( 'NONE', #569, #1947, #873 ) ;
#3118 = CARTESIAN_POINT ( 'NONE',  ( 4.700000000000001066, -1.000000000000000000, 0.000000000000000000 ) ) ;
#3119 = CARTESIAN_POINT ( 'NONE',  ( 4.700000000000001066, -1.000000000000000000, 0.000000000000000000 ) ) ;
#3120 = AXIS2_PLACEMENT_3D ( 'NONE', #2464, #2777, #3160 ) ;
#3121 = ORIENTED_EDGE ( 'NONE', *, *, #3545, .F. ) ;
#3122 = VERTEX_POINT ( 'NONE', #2848 ) ;
#3123 = DIRECTION ( 'NONE',  ( -1.000000000000000000, 0.000000000000000000, -0.000000000000000000 ) ) ;
#3124 = CARTESIAN_POINT ( 'NONE',  ( -4.299999999999999822, 5.271320343559642296, 0.000000000000000000 ) ) ;
#3125 = FACE_OUTER_BOUND ( 'NONE', #3034, .T. ) ;
#3126 = VERTEX_POINT ( 'NONE', #2264 ) ;
#3127 = DIRECTION ( 'NONE',  ( 0.000000000000000000, -1.000000000000000000, 0.000000000000000000 ) ) ;
#3128 = ORIENTED_EDGE ( 'NONE', *, *, #2112, .T. ) ;
#3129 = ORIENTED_EDGE ( 'NONE', *, *, #697, .T. ) ;
#3130 = FILL_AREA_STYLE_COLOUR ( '', #2236 ) ;
#3131 = DIRECTION ( 'NONE',  ( 0.000000000000000000, 1.000000000000000000, 0.000000000000000000 ) ) ;
#3132 = EDGE_CURVE ( 'NONE', #1506, #1628, #2711, .T. ) ;
#3133 = VERTEX_POINT ( 'NONE', #874 ) ;
#3134 = VERTEX_POINT ( 'NONE', #2205 ) ;
#3135 = ADVANCED_FACE ( 'NONE', ( #1264 ), #2787, .F. ) ;
#3136 = AXIS2_PLACEMENT_3D ( 'NONE', #584, #1153, #2828 ) ;
#3137 = APPLICATION_CONTEXT ( 'automotive_design' ) ;
#3138 = DIRECTION ( 'NONE',  ( 0.8660254037844414832, -0.000000000000000000, 0.4999999999999950040 ) ) ;
#3139 = DIRECTION ( 'NONE',  ( 0.000000000000000000, 1.000000000000000000, 0.000000000000000000 ) ) ;
#3140 = CIRCLE ( 'NONE', #280, 0.5000000000000004441 ) ;
#3141 = ORIENTED_EDGE ( 'NONE', *, *, #2956, .F. ) ;
#3142 = ORIENTED_EDGE ( 'NONE', *, *, #946, .T. ) ;
#3143 = CARTESIAN_POINT ( 'NONE',  ( -1.300000000000000044, -1.000000000000000000, 0.000000000000000000 ) ) ;
#3144 = ORIENTED_EDGE ( 'NONE', *, *, #22, .T. ) ;
#3145 = EDGE_CURVE ( 'NONE', #1077, #2102, #4271, .T. ) ;
#3146 = ORIENTED_EDGE ( 'NONE', *, *, #3968, .T. ) ;
#3147 = VECTOR ( 'NONE', #611, 1000.000000000000000 ) ;
#3148 = ORIENTED_EDGE ( 'NONE', *, *, #4164, .T. ) ;
#3149 = CARTESIAN_POINT ( 'NONE',  ( -0.7999999999999996003, 3.509016994374947629, -6.123233995736769734E-17 ) ) ;
#3150 = DIRECTION ( 'NONE',  ( 0.000000000000000000, 0.000000000000000000, 1.000000000000000000 ) ) ;
#3151 = AXIS2_PLACEMENT_3D ( 'NONE', #961, #1246, #1266 ) ;
#3152 = DIRECTION ( 'NONE',  ( -0.000000000000000000, -1.000000000000000000, -0.000000000000000000 ) ) ;
#3153 = EDGE_LOOP ( 'NONE', ( #244, #1798 ) ) ;
#3154 = EDGE_CURVE ( 'NONE', #566, #3581, #1277, .T. ) ;
#3155 = DIRECTION ( 'NONE',  ( 0.000000000000000000, 0.000000000000000000, -1.000000000000000000 ) ) ;
#3156 = AXIS2_PLACEMENT_3D ( 'NONE', #1154, #1961, #934 ) ;
#3157 = ORIENTED_EDGE ( 'NONE', *, *, #521, .F. ) ;
#3158 = DIRECTION ( 'NONE',  ( 0.000000000000000000, 0.000000000000000000, -1.000000000000000000 ) ) ;
#3159 = ADVANCED_FACE ( 'NONE', ( #1242 ), #4262, .T. ) ;
#3160 = DIRECTION ( 'NONE',  ( 0.000000000000000000, 0.000000000000000000, 1.000000000000000000 ) ) ;
#3161 = VERTEX_POINT ( 'NONE', #231 ) ;
#3162 = ORIENTED_EDGE ( 'NONE', *, *, #3545, .T. ) ;
#3163 = SURFACE_SIDE_STYLE ('',( #1524 ) ) ;
#3164 = AXIS2_PLACEMENT_3D ( 'NONE', #1576, #4179, #1950 ) ;
#3165 = DIRECTION ( 'NONE',  ( 0.000000000000000000, 0.000000000000000000, 1.000000000000000000 ) ) ;
#3166 = UNCERTAINTY_MEASURE_WITH_UNIT (LENGTH_MEASURE( 1.000000000000000082E-05 ), #691, 'distance_accuracy_value', 'NONE');
#3167 = ORIENTED_EDGE ( 'NONE', *, *, #3013, .T. ) ;
#3168 = AXIS2_PLACEMENT_3D ( 'NONE', #4009, #320, #4340 ) ;
#3169 = PLANE ( 'NONE',  #614 ) ;
#3170 = ORIENTED_EDGE ( 'NONE', *, *, #2087, .F. ) ;
#3171 = EDGE_LOOP ( 'NONE', ( #723, #359, #3560, #656 ) ) ;
#3172 = CIRCLE ( 'NONE', #4258, 0.7499999999999997780 ) ;
#3173 = ORIENTED_EDGE ( 'NONE', *, *, #2896, .T. ) ;
#3174 = ORIENTED_EDGE ( 'NONE', *, *, #3600, .T. ) ;
#3175 = DIRECTION ( 'NONE',  ( 0.000000000000000000, 0.000000000000000000, 1.000000000000000000 ) ) ;
#3176 = CYLINDRICAL_SURFACE ( 'NONE', #102, 0.5000000000000004441 ) ;
#3177 = ORIENTED_EDGE ( 'NONE', *, *, #1865, .F. ) ;
#3178 = CARTESIAN_POINT ( 'NONE',  ( -7.804999999999999716, -9.716904755831215823, 1.649999999999999689 ) ) ;
#3179 = EDGE_LOOP ( 'NONE', ( #1389, #2347, #2427, #1511 ) ) ;
#3180 = ADVANCED_FACE ( 'NONE', ( #4212 ), #1575, .T. ) ;
#3181 = AXIS2_PLACEMENT_3D ( 'NONE', #2703, #403, #2441 ) ;
#3182 = EDGE_LOOP ( 'NONE', ( #2186, #4387 ) ) ;
#3183 = AXIS2_PLACEMENT_3D ( 'NONE', #3593, #3465, #3530 ) ;
#3184 = CARTESIAN_POINT ( 'NONE',  ( -1.300000000000000044, 3.149999999999999911, 0.000000000000000000 ) ) ;
#3185 = LINE ( 'NONE', #279, #3265 ) ;
#3186 = VERTEX_POINT ( 'NONE', #779 ) ;
#3187 = DIRECTION ( 'NONE',  ( 0.000000000000000000, 0.000000000000000000, 1.000000000000000000 ) ) ;
#3188 = ORIENTED_EDGE ( 'NONE', *, *, #2368, .F. ) ;
#3189 = DIRECTION ( 'NONE',  ( 0.000000000000000000, 0.000000000000000000, 1.000000000000000000 ) ) ;
#3190 = CARTESIAN_POINT ( 'NONE',  ( -4.299999999999999822, 2.649999999999999911, 0.7499999999999997780 ) ) ;
#3191 = VERTEX_POINT ( 'NONE', #1076 ) ;
#3192 = DIRECTION ( 'NONE',  ( 0.000000000000000000, 1.000000000000000000, 0.000000000000000000 ) ) ;
#3193 = ORIENTED_EDGE ( 'NONE', *, *, #2955, .F. ) ;
#3194 = CIRCLE ( 'NONE', #118, 0.2000000000000003164 ) ;
#3195 = EDGE_LOOP ( 'NONE', ( #2530, #3287 ) ) ;
#3196 = FILL_AREA_STYLE ('',( #2176 ) ) ;
#3197 = DIRECTION ( 'NONE',  ( 8.659560562354920532E-17, 0.7071067811865486830, -0.7071067811865464625 ) ) ;
#3198 = EDGE_CURVE ( 'NONE', #4309, #1828, #1295, .T. ) ;
#3199 = CARTESIAN_POINT ( 'NONE',  ( 5.950000000000001954, -14.85791365496260497, -0.9259999999999999343 ) ) ;
#3200 = ORIENTED_EDGE ( 'NONE', *, *, #4320, .F. ) ;
#3201 = FACE_OUTER_BOUND ( 'NONE', #4359, .T. ) ;
#3202 = ORIENTED_EDGE ( 'NONE', *, *, #2219, .F. ) ;
#3203 = AXIS2_PLACEMENT_3D ( 'NONE', #1115, #3131, #573 ) ;
#3204 = VERTEX_POINT ( 'NONE', #1765 ) ;
#3205 = LINE ( 'NONE', #4029, #346 ) ;
#3206 = EDGE_LOOP ( 'NONE', ( #1806, #3233 ) ) ;
#3207 = DIRECTION ( 'NONE',  ( 0.000000000000000000, 0.000000000000000000, -1.000000000000000000 ) ) ;
#3208 = DIRECTION ( 'NONE',  ( -1.000000000000000000, 0.000000000000000000, 0.000000000000000000 ) ) ;
#3209 = VECTOR ( 'NONE', #396, 1000.000000000000000 ) ;
#3210 = ORIENTED_EDGE ( 'NONE', *, *, #2368, .T. ) ;
#3211 = ADVANCED_FACE ( 'NONE', ( #1354 ), #2428, .F. ) ;
#3212 = EDGE_LOOP ( 'NONE', ( #1456, #655 ) ) ;
#3213 = EDGE_CURVE ( 'NONE', #2119, #879, #4222, .T. ) ;
#3214 = FACE_OUTER_BOUND ( 'NONE', #1740, .T. ) ;
#3215 = DIRECTION ( 'NONE',  ( 0.000000000000000000, 0.000000000000000000, 1.000000000000000000 ) ) ;
#3216 = ORIENTED_EDGE ( 'NONE', *, *, #4274, .T. ) ;
#3217 = DIRECTION ( 'NONE',  ( 0.000000000000000000, 0.000000000000000000, 1.000000000000000000 ) ) ;
#3218 = MANIFOLD_SOLID_BREP ( 'LPattern2[2]', #1353 ) ;
#3219 = AXIS2_PLACEMENT_3D ( 'NONE', #2932, #650, #625 ) ;
#3220 = FACE_OUTER_BOUND ( 'NONE', #336, .T. ) ;
#3221 = VERTEX_POINT ( 'NONE', #3783 ) ;
#3222 = EDGE_CURVE ( 'NONE', #4188, #2882, #1448, .T. ) ;
#3223 = DIRECTION ( 'NONE',  ( 0.000000000000000000, 0.000000000000000000, -1.000000000000000000 ) ) ;
#3224 = ORIENTED_EDGE ( 'NONE', *, *, #2059, .F. ) ;
#3225 = CIRCLE ( 'NONE', #2429, 1.499999999999999556 ) ;
#3226 = CARTESIAN_POINT ( 'NONE',  ( -4.069999999999999396, 1.049999999999999822, 1.925999999999999712 ) ) ;
#3227 = ORIENTED_EDGE ( 'NONE', *, *, #4210, .F. ) ;
#3228 = ADVANCED_FACE ( 'NONE', ( #1535 ), #2642, .F. ) ;
#3229 = CARTESIAN_POINT ( 'NONE',  ( -8.049999999999998934, 0.000000000000000000, 0.000000000000000000 ) ) ;
#3230 = ORIENTED_EDGE ( 'NONE', *, *, #3918, .T. ) ;
#3231 = CARTESIAN_POINT ( 'NONE',  ( 8.195000000000000284, -9.716904755831215823, -1.650000000000001465 ) ) ;
#3232 = FACE_OUTER_BOUND ( 'NONE', #2493, .T. ) ;
#3233 = ORIENTED_EDGE ( 'NONE', *, *, #3551, .T. ) ;
#3234 = DIRECTION ( 'NONE',  ( 0.000000000000000000, 0.000000000000000000, 1.000000000000000000 ) ) ;
#3235 = EDGE_CURVE ( 'NONE', #3186, #3037, #4324, .T. ) ;
#3236 = CIRCLE ( 'NONE', #2310, 0.2000000000000000944 ) ;
#3237 = ORIENTED_EDGE ( 'NONE', *, *, #4285, .F. ) ;
#3238 = AXIS2_PLACEMENT_3D ( 'NONE', #1583, #2043, #1337 ) ;
#3239 = DIRECTION ( 'NONE',  ( 0.000000000000000000, 0.000000000000000000, 1.000000000000000000 ) ) ;
#3240 = CARTESIAN_POINT ( 'NONE',  ( -5.949999999999998401, 0.4000000000000010214, -0.2632312247338899902 ) ) ;
#3241 = CARTESIAN_POINT ( 'NONE',  ( -4.299999999999999822, -1.000000000000000000, 0.000000000000000000 ) ) ;
#3242 = DIRECTION ( 'NONE',  ( 0.000000000000000000, 0.000000000000000000, 1.000000000000000000 ) ) ;
#3243 = LINE ( 'NONE', #700, #361 ) ;
#3244 = VERTEX_POINT ( 'NONE', #4347 ) ;
#3245 = AXIS2_PLACEMENT_3D ( 'NONE', #1591, #4224, #1904 ) ;
#3246 = AXIS2_PLACEMENT_3D ( 'NONE', #2486, #2196, #3886 ) ;
#3247 = EDGE_LOOP ( 'NONE', ( #2943, #3985 ) ) ;
#3248 = DIRECTION ( 'NONE',  ( -1.000000000000000000, 0.000000000000000000, 0.000000000000000000 ) ) ;
#3249 = EDGE_LOOP ( 'NONE', ( #4348, #1257, #2786, #4251 ) ) ;
#3250 = CARTESIAN_POINT ( 'NONE',  ( -1.300000000000000044, 3.149999999999999911, -0.5000000000000004441 ) ) ;
#3251 = AXIS2_PLACEMENT_3D ( 'NONE', #773, #1326, #1663 ) ;
#3252 = EDGE_LOOP ( 'NONE', ( #3095, #2237, #2123, #2012 ) ) ;
#3253 = CARTESIAN_POINT ( 'NONE',  ( -1.300000000000000044, 2.950000000000000178, 0.000000000000000000 ) ) ;
#3254 = VERTEX_POINT ( 'NONE', #704 ) ;
#3255 = DIRECTION ( 'NONE',  ( -0.000000000000000000, -0.000000000000000000, -1.000000000000000000 ) ) ;
#3256 = ORIENTED_EDGE ( 'NONE', *, *, #177, .T. ) ;
#3257 = EDGE_CURVE ( 'NONE', #3126, #1852, #2928, .T. ) ;
#3258 = ORIENTED_EDGE ( 'NONE', *, *, #3551, .F. ) ;
#3259 = PLANE ( 'NONE',  #111 ) ;
#3260 = CARTESIAN_POINT ( 'NONE',  ( -7.804999999999999716, 2.649999999999999911, -1.500000000000000444 ) ) ;
#3261 = VERTEX_POINT ( 'NONE', #3022 ) ;
#3262 = CARTESIAN_POINT ( 'NONE',  ( -8.049999999999998934, 3.149999999999999911, 2.699999999999998845 ) ) ;
#3263 = DIRECTION ( 'NONE',  ( -0.000000000000000000, 1.000000000000000000, -0.000000000000000000 ) ) ;
#3264 = ORIENTED_EDGE ( 'NONE', *, *, #870, .T. ) ;
#3265 = VECTOR ( 'NONE', #2388, 1000.000000000000000 ) ;
#3266 = ORIENTED_EDGE ( 'NONE', *, *, #3005, .F. ) ;
#3267 = DIRECTION ( 'NONE',  ( 0.000000000000000000, 0.000000000000000000, 1.000000000000000000 ) ) ;
#3268 = ORIENTED_EDGE ( 'NONE', *, *, #795, .F. ) ;
#3269 = EDGE_LOOP ( 'NONE', ( #1415, #304, #4031, #66 ) ) ;
#3270 = CARTESIAN_POINT ( 'NONE',  ( 8.205000000000000071, 2.649999999999999911, -1.500000000000000666 ) ) ;
#3271 = DIRECTION ( 'NONE',  ( -0.000000000000000000, -1.000000000000000000, -0.000000000000000000 ) ) ;
#3272 = DIRECTION ( 'NONE',  ( -0.8660254037844418162, 0.000000000000000000, 0.4999999999999946709 ) ) ;
#3273 = AXIS2_PLACEMENT_3D ( 'NONE', #4218, #178, #1210 ) ;
#3274 = VERTEX_POINT ( 'NONE', #4041 ) ;
#3275 = CIRCLE ( 'NONE', #1686, 1.499999999999999556 ) ;
#3276 = VERTEX_POINT ( 'NONE', #1116 ) ;
#3277 = LINE ( 'NONE', #1702, #3298 ) ;
#3278 = ORIENTED_EDGE ( 'NONE', *, *, #2732, .T. ) ;
#3279 = EDGE_CURVE ( 'NONE', #1777, #2853, #59, .T. ) ;
#3280 = DIRECTION ( 'NONE',  ( 1.000000000000000000, 0.000000000000000000, 0.000000000000000000 ) ) ;
#3281 = ORIENTED_EDGE ( 'NONE', *, *, #762, .F. ) ;
#3282 = CARTESIAN_POINT ( 'NONE',  ( -5.449999999999993960, 0.4000000000000001887, 1.129256628518329642 ) ) ;
#3283 = DIRECTION ( 'NONE',  ( 0.000000000000000000, 0.000000000000000000, 1.000000000000000000 ) ) ;
#3284 = VECTOR ( 'NONE', #2814, 1000.000000000000000 ) ;
#3285 = EDGE_LOOP ( 'NONE', ( #1848, #3312, #2041, #642 ) ) ;
#3286 = DIRECTION ( 'NONE',  ( 0.000000000000000000, 1.000000000000000000, 0.000000000000000000 ) ) ;
#3287 = ORIENTED_EDGE ( 'NONE', *, *, #2112, .F. ) ;
#3288 = DIRECTION ( 'NONE',  ( 0.000000000000000000, 1.000000000000000000, 0.000000000000000000 ) ) ;
#3289 = ORIENTED_EDGE ( 'NONE', *, *, #936, .T. ) ;
#3290 = DIRECTION ( 'NONE',  ( 0.000000000000000000, 0.000000000000000000, 1.000000000000000000 ) ) ;
#3291 = ORIENTED_EDGE ( 'NONE', *, *, #125, .F. ) ;
#3292 = AXIS2_PLACEMENT_3D ( 'NONE', #1477, #3772, #4076 ) ;
#3293 = CYLINDRICAL_SURFACE ( 'NONE', #3292, 0.5000000000000004441 ) ;
#3294 = ORIENTED_EDGE ( 'NONE', *, *, #1891, .F. ) ;
#3295 = CARTESIAN_POINT ( 'NONE',  ( -1.300000000000000044, 3.149999999999999911, 0.000000000000000000 ) ) ;
#3296 = ADVANCED_FACE ( 'NONE', ( #1440 ), #3169, .T. ) ;
#3297 = VERTEX_POINT ( 'NONE', #3816 ) ;
#3298 = VECTOR ( 'NONE', #2340, 1000.000000000000000 ) ;
#3299 = DIRECTION ( 'NONE',  ( 0.000000000000000000, -0.000000000000000000, 1.000000000000000000 ) ) ;
#3300 = DIRECTION ( 'NONE',  ( 0.000000000000000000, 1.000000000000000000, 0.000000000000000000 ) ) ;
#3301 = AXIS2_PLACEMENT_3D ( 'NONE', #2752, #27, #432 ) ;
#3302 = ORIENTED_EDGE ( 'NONE', *, *, #1833, .F. ) ;
#3303 = AXIS2_PLACEMENT_3D ( 'NONE', #2903, #3300, #54 ) ;
#3304 = ORIENTED_EDGE ( 'NONE', *, *, #3750, .F. ) ;
#3305 = CARTESIAN_POINT ( 'NONE',  ( -4.949999999999998401, 3.220837012152985679, 0.2632312247338886579 ) ) ;
#3306 = ADVANCED_FACE ( 'NONE', ( #4317 ), #2822, .T. ) ;
#3307 = VERTEX_POINT ( 'NONE', #1460 ) ;
#3308 = CIRCLE ( 'NONE', #1881, 0.2500000000000003886 ) ;
#3309 = DIRECTION ( 'NONE',  ( -0.000000000000000000, -1.000000000000000000, -0.000000000000000000 ) ) ;
#3310 = DIRECTION ( 'NONE',  ( -0.000000000000000000, -1.000000000000000000, -0.000000000000000000 ) ) ;
#3311 = DIRECTION ( 'NONE',  ( 0.000000000000000000, 0.000000000000000000, 1.000000000000000000 ) ) ;
#3312 = ORIENTED_EDGE ( 'NONE', *, *, #2494, .F. ) ;
#3313 = AXIS2_PLACEMENT_3D ( 'NONE', #1975, #305, #2906 ) ;
#3314 = ORIENTED_EDGE ( 'NONE', *, *, #2457, .T. ) ;
#3315 = EDGE_LOOP ( 'NONE', ( #1734, #3278, #3128, #401 ) ) ;
#3316 = LINE ( 'NONE', #3406, #3387 ) ;
#3317 = ORIENTED_EDGE ( 'NONE', *, *, #1292, .T. ) ;
#3318 = AXIS2_PLACEMENT_3D ( 'NONE', #3040, #969, #1727 ) ;
#3319 = DIRECTION ( 'NONE',  ( 0.000000000000000000, 1.000000000000000000, 0.000000000000000000 ) ) ;
#3320 = CARTESIAN_POINT ( 'NONE',  ( -8.000000000000000000, 1.049999999999999822, 1.987587153559079889 ) ) ;
#3321 = CIRCLE ( 'NONE', #1744, 1.000000000000000000 ) ;
#3322 = ORIENTED_EDGE ( 'NONE', *, *, #1854, .F. ) ;
#3323 = CARTESIAN_POINT ( 'NONE',  ( 8.195000000000000284, 3.050000000000000711, -1.400000000000000355 ) ) ;
#3324 = ORIENTED_EDGE ( 'NONE', *, *, #1366, .F. ) ;
#3325 = LINE ( 'NONE', #2075, #3394 ) ;
#3326 = DIRECTION ( 'NONE',  ( 0.000000000000000000, 0.000000000000000000, 1.000000000000000000 ) ) ;
#3327 = EDGE_CURVE ( 'NONE', #49, #1531, #2889, .T. ) ;
#3328 = VERTEX_POINT ( 'NONE', #2499 ) ;
#3329 = DIRECTION ( 'NONE',  ( -0.000000000000000000, -1.000000000000000000, -0.000000000000000000 ) ) ;
#3330 = FACE_OUTER_BOUND ( 'NONE', #311, .T. ) ;
#3331 = ORIENTED_EDGE ( 'NONE', *, *, #3739, .F. ) ;
#3332 = AXIS2_PLACEMENT_3D ( 'NONE', #3904, #857, #4106 ) ;
#3333 = ORIENTED_EDGE ( 'NONE', *, *, #2276, .F. ) ;
#3334 = CARTESIAN_POINT ( 'NONE',  ( -4.299999999999999822, -1.000000000000000000, 0.2500000000000003886 ) ) ;
#3335 = DIRECTION ( 'NONE',  ( 0.000000000000000000, 1.000000000000000000, 0.000000000000000000 ) ) ;
#3336 = EDGE_CURVE ( 'NONE', #566, #1447, #2960, .T. ) ;
#3337 = EDGE_CURVE ( 'NONE', #1828, #3133, #4388, .T. ) ;
#3338 = LINE ( 'NONE', #1213, #473 ) ;
#3339 = ORIENTED_EDGE ( 'NONE', *, *, #3642, .T. ) ;
#3340 = ADVANCED_FACE ( 'NONE', ( #95 ), #1407, .T. ) ;
#3341 = CARTESIAN_POINT ( 'NONE',  ( 4.700000000000001066, -1.000000000000000000, 0.2000000000000003164 ) ) ;
#3342 = EDGE_CURVE ( 'NONE', #3747, #1909, #2949, .T. ) ;
#3343 = CIRCLE ( 'NONE', #883, 0.7499999999999997780 ) ;
#3344 = DIRECTION ( 'NONE',  ( 0.000000000000000000, 0.000000000000000000, -1.000000000000000000 ) ) ;
#3345 = CARTESIAN_POINT ( 'NONE',  ( 1.700000000000000178, -5.695584412271569974, 0.000000000000000000 ) ) ;
#3346 = CIRCLE ( 'NONE', #619, 0.1000000000000000472 ) ;
#3347 = ORIENTED_EDGE ( 'NONE', *, *, #420, .T. ) ;
#3348 = AXIS2_PLACEMENT_3D ( 'NONE', #3090, #480, #3790 ) ;
#3349 = DIRECTION ( 'NONE',  ( 0.000000000000000000, 0.000000000000000000, 1.000000000000000000 ) ) ;
#3350 = CARTESIAN_POINT ( 'NONE',  ( -8.049999999999997158, 2.149999999999999911, -2.899999999999999467 ) ) ;
#3351 = ORIENTED_EDGE ( 'NONE', *, *, #2276, .T. ) ;
#3352 = AXIS2_PLACEMENT_3D ( 'NONE', #1200, #233, #3655 ) ;
#3353 = CIRCLE ( 'NONE', #872, 0.6999999999999997335 ) ;
#3354 = PLANE ( 'NONE',  #453 ) ;
#3355 = CARTESIAN_POINT ( 'NONE',  ( 1.700000000000000178, -1.000000000000000000, -0.2500000000000003886 ) ) ;
#3356 = VECTOR ( 'NONE', #1633, 1000.000000000000000 ) ;
#3357 = EDGE_LOOP ( 'NONE', ( #3339, #1228, #3359, #3385 ) ) ;
#3358 = CIRCLE ( 'NONE', #2760, 0.6999999999999997335 ) ;
#3359 = ORIENTED_EDGE ( 'NONE', *, *, #277, .T. ) ;
#3360 = CARTESIAN_POINT ( 'NONE',  ( -7.804999999999999716, 1.049999999999999822, -9.558368267345090462E-16 ) ) ;
#3361 = CIRCLE ( 'NONE', #1572, 1.550000000000000488 ) ;
#3362 = EDGE_LOOP ( 'NONE', ( #1590, #1373, #294, #2386 ) ) ;
#3363 =( GEOMETRIC_REPRESENTATION_CONTEXT ( 3 ) GLOBAL_UNCERTAINTY_ASSIGNED_CONTEXT ( ( #659 ) ) GLOBAL_UNIT_ASSIGNED_CONTEXT ( ( #977, #1681, #3028 ) ) REPRESENTATION_CONTEXT ( 'NONE', 'WORKASPACE' ) );
#3364 = CIRCLE ( 'NONE', #4192, 0.2500000000000003886 ) ;
#3365 =( NAMED_UNIT ( * ) PLANE_ANGLE_UNIT ( ) SI_UNIT ( $, .RADIAN. ) );
#3366 = AXIS2_PLACEMENT_3D ( 'NONE', #3489, #3810, #3223 ) ;
#3367 = DIRECTION ( 'NONE',  ( 0.000000000000000000, 0.000000000000000000, -1.000000000000000000 ) ) ;
#3368 = DIRECTION ( 'NONE',  ( 0.000000000000000000, 0.000000000000000000, 1.000000000000000000 ) ) ;
#3369 = LINE ( 'NONE', #164, #1942 ) ;
#3370 = DIRECTION ( 'NONE',  ( 0.000000000000000000, 0.000000000000000000, -1.000000000000000000 ) ) ;
#3371 = VERTEX_POINT ( 'NONE', #1509 ) ;
#3372 = FACE_OUTER_BOUND ( 'NONE', #3533, .T. ) ;
#3373 = CARTESIAN_POINT ( 'NONE',  ( -4.299999999999999822, 2.950000000000000178, 0.000000000000000000 ) ) ;
#3374 = DIRECTION ( 'NONE',  ( 0.000000000000000000, 0.000000000000000000, 1.000000000000000000 ) ) ;
#3375 = CYLINDRICAL_SURFACE ( 'NONE', #3764, 0.8999999999999999112 ) ;
#3376 = ORIENTED_EDGE ( 'NONE', *, *, #395, .F. ) ;
#3377 = EDGE_CURVE ( 'NONE', #300, #2844, #2859, .T. ) ;
#3378 = ADVANCED_FACE ( 'NONE', ( #2841 ), #31, .T. ) ;
#3379 = CYLINDRICAL_SURFACE ( 'NONE', #2029, 0.8999999999999994671 ) ;
#3380 = DIRECTION ( 'NONE',  ( -0.000000000000000000, -1.000000000000000000, -0.000000000000000000 ) ) ;
#3381 = DIRECTION ( 'NONE',  ( 0.000000000000000000, 1.000000000000000000, 0.000000000000000000 ) ) ;
#3382 = CARTESIAN_POINT ( 'NONE',  ( -5.799999999999999822, -0.3499999999999996447, -1.690000000000000169 ) ) ;
#3383 = AXIS2_PLACEMENT_3D ( 'NONE', #1826, #2419, #3101 ) ;
#3384 = DIRECTION ( 'NONE',  ( 0.000000000000000000, 0.000000000000000000, 1.000000000000000000 ) ) ;
#3385 = ORIENTED_EDGE ( 'NONE', *, *, #2443, .F. ) ;
#3386 = CARTESIAN_POINT ( 'NONE',  ( -1.300000000000000044, 3.100000000000000089, 0.000000000000000000 ) ) ;
#3387 = VECTOR ( 'NONE', #4064, 1000.000000000000000 ) ;
#3388 = CARTESIAN_POINT ( 'NONE',  ( -1.300000000000000044, 3.149999999999999911, 0.6999999999999997335 ) ) ;
#3389 = ORIENTED_EDGE ( 'NONE', *, *, #1795, .F. ) ;
#3390 = EDGE_CURVE ( 'NONE', #163, #2795, #41, .T. ) ;
#3391 = FILL_AREA_STYLE ('',( #2997 ) ) ;
#3392 = EDGE_CURVE ( 'NONE', #121, #2408, #85, .T. ) ;
#3393 = FACE_OUTER_BOUND ( 'NONE', #112, .T. ) ;
#3394 = VECTOR ( 'NONE', #1281, 1000.000000000000000 ) ;
#3395 = DIRECTION ( 'NONE',  ( 0.000000000000000000, 1.000000000000000000, 0.000000000000000000 ) ) ;
#3396 = ORIENTED_EDGE ( 'NONE', *, *, #238, .T. ) ;
#3397 = DIRECTION ( 'NONE',  ( 0.000000000000000000, 0.000000000000000000, -1.000000000000000000 ) ) ;
#3398 = VERTEX_POINT ( 'NONE', #631 ) ;
#3399 = DIRECTION ( 'NONE',  ( 0.000000000000000000, 1.000000000000000000, 0.000000000000000000 ) ) ;
#3400 = EDGE_CURVE ( 'NONE', #1707, #1818, #2999, .T. ) ;
#3401 = AXIS2_PLACEMENT_3D ( 'NONE', #2509, #2569, #3638 ) ;
#3402 = DIRECTION ( 'NONE',  ( -0.000000000000000000, -1.000000000000000000, -0.000000000000000000 ) ) ;
#3403 = VECTOR ( 'NONE', #2861, 1000.000000000000000 ) ;
#3404 = ORIENTED_EDGE ( 'NONE', *, *, #3700, .F. ) ;
#3405 = AXIS2_PLACEMENT_3D ( 'NONE', #2557, #602, #924 ) ;
#3406 = CARTESIAN_POINT ( 'NONE',  ( 8.049999999999998934, 2.149999999999999911, 2.899999999999999023 ) ) ;
#3407 = CARTESIAN_POINT ( 'NONE',  ( 1.700000000000000178, 2.649999999999999911, 0.000000000000000000 ) ) ;
#3408 = AXIS2_PLACEMENT_3D ( 'NONE', #1065, #1750, #4151 ) ;
#3409 = CIRCLE ( 'NONE', #160, 1.599999999999996980 ) ;
#3410 = UNCERTAINTY_MEASURE_WITH_UNIT (LENGTH_MEASURE( 1.000000000000000082E-05 ), #1048, 'distance_accuracy_value', 'NONE');
#3411 = CYLINDRICAL_SURFACE ( 'NONE', #505, 0.2500000000000003886 ) ;
#3412 = CARTESIAN_POINT ( 'NONE',  ( 8.195000000000000284, -0.8500000000000000888, -9.558368267345090462E-16 ) ) ;
#3413 = DIRECTION ( 'NONE',  ( 0.000000000000000000, 1.000000000000000000, 0.000000000000000000 ) ) ;
#3414 = AXIS2_PLACEMENT_3D ( 'NONE', #2513, #3690, #3290 ) ;
#3415 = DIRECTION ( 'NONE',  ( 0.000000000000000000, 0.000000000000000000, 1.000000000000000000 ) ) ;
#3416 = LINE ( 'NONE', #2316, #3356 ) ;
#3417 = CARTESIAN_POINT ( 'NONE',  ( -7.804999999999999716, 1.049999999999999822, -9.558368267345090462E-16 ) ) ;
#3418 = ADVANCED_FACE ( 'NONE', ( #2980 ), #4302, .F. ) ;
#3419 = VECTOR ( 'NONE', #831, 1000.000000000000000 ) ;
#3420 = CARTESIAN_POINT ( 'NONE',  ( 4.700000000000001066, 0.000000000000000000, 0.000000000000000000 ) ) ;
#3421 = DIRECTION ( 'NONE',  ( -0.000000000000000000, -1.000000000000000000, -0.000000000000000000 ) ) ;
#3422 = CARTESIAN_POINT ( 'NONE',  ( 4.700000000000001066, 3.100000000000000089, -0.6999999999999997335 ) ) ;
#3423 = DIRECTION ( 'NONE',  ( -1.000000000000000000, 0.000000000000000000, 0.000000000000000000 ) ) ;
#3424 = DIRECTION ( 'NONE',  ( -0.000000000000000000, -1.000000000000000000, -0.000000000000000000 ) ) ;
#3425 = CARTESIAN_POINT ( 'NONE',  ( -1.300000000000000044, 5.271320343559642296, 0.7499999999999997780 ) ) ;
#3426 = CYLINDRICAL_SURFACE ( 'NONE', #2383, 0.7499999999999997780 ) ;
#3427 = CARTESIAN_POINT ( 'NONE',  ( 1.700000000000000178, 2.649999999999999911, -0.7499999999999997780 ) ) ;
#3428 = COLOUR_RGB ( '',1.000000000000000000, 0.8117647058823529438, 0.5019607843137254832 ) ;
#3429 = EDGE_CURVE ( 'NONE', #456, #2098, #2944, .T. ) ;
#3430 = DIRECTION ( 'NONE',  ( 0.000000000000000000, -1.000000000000000000, 0.000000000000000000 ) ) ;
#3431 = VECTOR ( 'NONE', #2941, 1000.000000000000000 ) ;
#3432 = CLOSED_SHELL ( 'NONE', ( #1980, #1481, #3099, #283, #538, #2526, #388, #1603, #791, #1305 ) ) ;
#3433 = STYLED_ITEM ( 'NONE', ( #2345 ), #258 ) ;
#3434 = VECTOR ( 'NONE', #497, 1000.000000000000227 ) ;
#3435 = DIRECTION ( 'NONE',  ( 0.000000000000000000, 0.000000000000000000, 1.000000000000000000 ) ) ;
#3436 = DIRECTION ( 'NONE',  ( -0.000000000000000000, -1.000000000000000000, -0.000000000000000000 ) ) ;
#3437 = VECTOR ( 'NONE', #1853, 1000.000000000000000 ) ;
#3438 = CARTESIAN_POINT ( 'NONE',  ( -5.799999999999999822, -0.3499999999999996447, -1.439999999999999947 ) ) ;
#3439 = VECTOR ( 'NONE', #3263, 1000.000000000000000 ) ;
#3440 = DIRECTION ( 'NONE',  ( -0.000000000000000000, -1.000000000000000000, -0.000000000000000000 ) ) ;
#3441 = DIRECTION ( 'NONE',  ( -0.000000000000000000, 1.000000000000000000, -0.000000000000000000 ) ) ;
#3442 = DIRECTION ( 'NONE',  ( 0.000000000000000000, 0.000000000000000000, 1.000000000000000000 ) ) ;
#3443 = CYLINDRICAL_SURFACE ( 'NONE', #1204, 0.5000000000000004441 ) ;
#3444 = AXIS2_PLACEMENT_3D ( 'NONE', #259, #3335, #1968 ) ;
#3445 = ADVANCED_FACE ( 'NONE', ( #4356 ), #1391, .T. ) ;
#3446 = EDGE_CURVE ( 'NONE', #2815, #368, #2899, .T. ) ;
#3447 = CARTESIAN_POINT ( 'NONE',  ( 8.205000000000000071, 2.649999999999999911, -4.898587196589386574E-17 ) ) ;
#3448 = ORIENTED_EDGE ( 'NONE', *, *, #1079, .F. ) ;
#3449 = DIRECTION ( 'NONE',  ( 0.000000000000000000, 0.000000000000000000, 1.000000000000000000 ) ) ;
#3450 = DIRECTION ( 'NONE',  ( -0.000000000000000000, 1.000000000000000000, -0.000000000000000000 ) ) ;
#3451 = DIRECTION ( 'NONE',  ( 0.000000000000000000, -0.000000000000000000, 1.000000000000000000 ) ) ;
#3452 = CYLINDRICAL_SURFACE ( 'NONE', #2806, 0.5000000000000004441 ) ;
#3453 = CARTESIAN_POINT ( 'NONE',  ( -1.300000000000000044, 3.509016994374947629, 0.000000000000000000 ) ) ;
#3454 = CIRCLE ( 'NONE', #1612, 0.7499999999999997780 ) ;
#3455 = ORIENTED_EDGE ( 'NONE', *, *, #1900, .T. ) ;
#3456 = EDGE_CURVE ( 'NONE', #4312, #1800, #50, .T. ) ;
#3457 = AXIS2_PLACEMENT_3D ( 'NONE', #1421, #3041, #1762 ) ;
#3458 = AXIS2_PLACEMENT_3D ( 'NONE', #1640, #2016, #243 ) ;
#3459 = CARTESIAN_POINT ( 'NONE',  ( -4.299999999999999822, -0.9499999999999997335, 0.000000000000000000 ) ) ;
#3460 = DIRECTION ( 'NONE',  ( 0.000000000000000000, 0.000000000000000000, 1.000000000000000000 ) ) ;
#3461 = VECTOR ( 'NONE', #1055, 1000.000000000000000 ) ;
#3462 = MECHANICAL_DESIGN_GEOMETRIC_PRESENTATION_REPRESENTATION (  '', ( #2991 ), #2938 ) ;
#3463 = ORIENTED_EDGE ( 'NONE', *, *, #3651, .F. ) ;
#3464 = CARTESIAN_POINT ( 'NONE',  ( 4.700000000000001066, 3.149999999999999911, 0.000000000000000000 ) ) ;
#3465 = DIRECTION ( 'NONE',  ( 0.000000000000000000, 1.000000000000000000, 0.000000000000000000 ) ) ;
#3466 = CYLINDRICAL_SURFACE ( 'NONE', #915, 0.7499999999999997780 ) ;
#3467 = ORIENTED_EDGE ( 'NONE', *, *, #13, .T. ) ;
#3468 = ORIENTED_EDGE ( 'NONE', *, *, #1957, .F. ) ;
#3469 = CARTESIAN_POINT ( 'NONE',  ( -7.804999999999999716, 7.392640687119284237, 1.499999999999998668 ) ) ;
#3470 = CIRCLE ( 'NONE', #2466, 0.2500000000000003886 ) ;
#3471 = AXIS2_PLACEMENT_3D ( 'NONE', #208, #2188, #3207 ) ;
#3472 = ORIENTED_EDGE ( 'NONE', *, *, #125, .T. ) ;
#3473 = LINE ( 'NONE', #2343, #632 ) ;
#3474 = ORIENTED_EDGE ( 'NONE', *, *, #4275, .F. ) ;
#3475 = ORIENTED_EDGE ( 'NONE', *, *, #2850, .T. ) ;
#3476 = EDGE_CURVE ( 'NONE', #3791, #142, #2874, .T. ) ;
#3477 = DIRECTION ( 'NONE',  ( 0.000000000000000000, -1.000000000000000000, 0.000000000000000000 ) ) ;
#3478 = ORIENTED_EDGE ( 'NONE', *, *, #4086, .F. ) ;
#3479 = CARTESIAN_POINT ( 'NONE',  ( -4.299999999999999822, 2.649999999999999911, -0.7499999999999997780 ) ) ;
#3480 = DIRECTION ( 'NONE',  ( 0.000000000000000000, 0.000000000000000000, 1.000000000000000000 ) ) ;
#3481 = DIRECTION ( 'NONE',  ( 0.000000000000000000, 1.000000000000000000, 0.000000000000000000 ) ) ;
#3482 = CARTESIAN_POINT ( 'NONE',  ( -5.799999999999999822, -0.3999999999999997446, -1.640000000000000124 ) ) ;
#3483 = ORIENTED_EDGE ( 'NONE', *, *, #870, .F. ) ;
#3484 = ADVANCED_FACE ( 'NONE', ( #1381 ), #2852, .T. ) ;
#3485 = EDGE_CURVE ( 'NONE', #1703, #2599, #68, .T. ) ;
#3486 = ORIENTED_EDGE ( 'NONE', *, *, #3698, .T. ) ;
#3487 = CARTESIAN_POINT ( 'NONE',  ( 4.950000000000001066, 0.4000000000000010214, -1.925999999999999934 ) ) ;
#3488 = EDGE_CURVE ( 'NONE', #3244, #198, #2911, .T. ) ;
#3489 = CARTESIAN_POINT ( 'NONE',  ( -1.300000000000000044, 3.509016994374947629, 0.000000000000000000 ) ) ;
#3490 = CONICAL_SURFACE ( 'NONE', #1452, 0.7499999999999997780, 0.7853981633974396193 ) ;
#3491 = MANIFOLD_SOLID_BREP ( 'LPattern3[2]', #3802 ) ;
#3492 = ORIENTED_EDGE ( 'NONE', *, *, #3576, .T. ) ;
#3493 = EDGE_LOOP ( 'NONE', ( #3542, #2950 ) ) ;
#3494 = DIRECTION ( 'NONE',  ( 1.000000000000000000, 0.000000000000000000, 0.000000000000000000 ) ) ;
#3495 = ORIENTED_EDGE ( 'NONE', *, *, #2809, .T. ) ;
#3496 = CARTESIAN_POINT ( 'NONE',  ( -7.804999999999999716, 2.649999999999999911, -1.500000000000000444 ) ) ;
#3497 = EDGE_CURVE ( 'NONE', #456, #3959, #153, .T. ) ;
#3498 = AXIS2_PLACEMENT_3D ( 'NONE', #3253, #1458, #4221 ) ;
#3499 = CIRCLE ( 'NONE', #3049, 0.7499999999999997780 ) ;
#3500 = ORIENTED_EDGE ( 'NONE', *, *, #1746, .T. ) ;
#3501 = ORIENTED_EDGE ( 'NONE', *, *, #13, .F. ) ;
#3502 = CARTESIAN_POINT ( 'NONE',  ( -5.799999999999999822, 1.049999999999999822, -1.189999999999999725 ) ) ;
#3503 = ORIENTED_EDGE ( 'NONE', *, *, #3222, .T. ) ;
#3504 = AXIS2_PLACEMENT_3D ( 'NONE', #1983, #2983, #3374 ) ;
#3505 = EDGE_LOOP ( 'NONE', ( #4248, #3103, #3639, #4330 ) ) ;
#3506 = EDGE_LOOP ( 'NONE', ( #52, #3591, #2028, #35, #1473 ) ) ;
#3507 = AXIS2_PLACEMENT_3D ( 'NONE', #3453, #3402, #3370 ) ;
#3508 = ORIENTED_EDGE ( 'NONE', *, *, #528, .F. ) ;
#3509 = DIRECTION ( 'NONE',  ( 0.000000000000000000, 0.000000000000000000, 1.000000000000000000 ) ) ;
#3510 = DIRECTION ( 'NONE',  ( 0.000000000000000000, 0.000000000000000000, 1.000000000000000000 ) ) ;
#3511 = EDGE_CURVE ( 'NONE', #3371, #2795, #3225, .T. ) ;
#3512 = CARTESIAN_POINT ( 'NONE',  ( 8.000000000000000000, 1.049999999999999822, 0.000000000000000000 ) ) ;
#3513 = STYLED_ITEM ( 'NONE', ( #1570 ), #1260 ) ;
#3514 = ORIENTED_EDGE ( 'NONE', *, *, #2320, .T. ) ;
#3515 = FACE_BOUND ( 'NONE', #4167, .T. ) ;
#3516 = VERTEX_POINT ( 'NONE', #2971 ) ;
#3517 = UNCERTAINTY_MEASURE_WITH_UNIT (LENGTH_MEASURE( 1.000000000000000082E-05 ), #567, 'distance_accuracy_value', 'NONE');
#3518 = CARTESIAN_POINT ( 'NONE',  ( -4.299999999999999822, 3.149999999999999911, -0.6999999999999997335 ) ) ;
#3519 = CARTESIAN_POINT ( 'NONE',  ( -8.049999999999998934, 2.149999999999999911, 2.899999999999999023 ) ) ;
#3520 = AXIS2_PLACEMENT_3D ( 'NONE', #1849, #2224, #1432 ) ;
#3521 = PRESENTATION_STYLE_ASSIGNMENT (( #3958 ) ) ;
#3522 =( LENGTH_UNIT ( ) NAMED_UNIT ( * ) SI_UNIT ( .MILLI., .METRE. ) );
#3523 = ORIENTED_EDGE ( 'NONE', *, *, #640, .T. ) ;
#3524 = ORIENTED_EDGE ( 'NONE', *, *, #4320, .T. ) ;
#3525 = ADVANCED_FACE ( 'NONE', ( #106 ), #3053, .T. ) ;
#3526 = DIRECTION ( 'NONE',  ( -0.000000000000000000, 0.000000000000000000, 1.000000000000000000 ) ) ;
#3527 = ORIENTED_EDGE ( 'NONE', *, *, #1705, .T. ) ;
#3528 = DIRECTION ( 'NONE',  ( 0.000000000000000000, -1.000000000000000000, 0.000000000000000000 ) ) ;
#3529 = AXIS2_PLACEMENT_3D ( 'NONE', #2687, #3004, #3804 ) ;
#3530 = DIRECTION ( 'NONE',  ( 0.000000000000000000, 0.000000000000000000, 1.000000000000000000 ) ) ;
#3531 = CIRCLE ( 'NONE', #3414, 0.7499999999999997780 ) ;
#3532 = CLOSED_SHELL ( 'NONE', ( #1598, #1419, #807, #1924, #889, #4332, #337, #3378, #1499, #2030 ) ) ;
#3533 = EDGE_LOOP ( 'NONE', ( #4085, #536, #1190, #3376 ) ) ;
#3534 = CARTESIAN_POINT ( 'NONE',  ( -4.299999999999999822, 2.950000000000000178, 0.000000000000000000 ) ) ;
#3535 = LINE ( 'NONE', #4291, #3439 ) ;
#3536 = ORIENTED_EDGE ( 'NONE', *, *, #2315, .F. ) ;
#3537 = EDGE_CURVE ( 'NONE', #4296, #2154, #3236, .T. ) ;
#3538 = CIRCLE ( 'NONE', #1290, 0.7999999999999986011 ) ;
#3539 = CLOSED_SHELL ( 'NONE', ( #842, #48, #3849, #1722, #270, #771 ) ) ;
#3540 = LINE ( 'NONE', #2127, #615 ) ;
#3541 = FILL_AREA_STYLE ('',( #2532 ) ) ;
#3542 = ORIENTED_EDGE ( 'NONE', *, *, #4181, .F. ) ;
#3543 = CARTESIAN_POINT ( 'NONE',  ( -5.949999999999998401, -14.85791365496260497, 0.2632312247338884359 ) ) ;
#3544 = PLANE ( 'NONE',  #2465 ) ;
#3545 = EDGE_CURVE ( 'NONE', #3547, #3884, #3032, .T. ) ;
#3546 = FACE_OUTER_BOUND ( 'NONE', #4035, .T. ) ;
#3547 = VERTEX_POINT ( 'NONE', #662 ) ;
#3548 = ORIENTED_EDGE ( 'NONE', *, *, #2483, .T. ) ;
#3549 = SURFACE_STYLE_FILL_AREA ( #3391 ) ;
#3550 = ORIENTED_EDGE ( 'NONE', *, *, #4086, .T. ) ;
#3551 = EDGE_CURVE ( 'NONE', #1241, #1207, #1594, .T. ) ;
#3552 = DIRECTION ( 'NONE',  ( 0.000000000000000000, 0.000000000000000000, -1.000000000000000000 ) ) ;
#3553 = FACE_OUTER_BOUND ( 'NONE', #3011, .T. ) ;
#3554 = ADVANCED_FACE ( 'NONE', ( #1788 ), #1636, .F. ) ;
#3555 = DIRECTION ( 'NONE',  ( 0.000000000000000000, 0.000000000000000000, 1.000000000000000000 ) ) ;
#3556 = ORIENTED_EDGE ( 'NONE', *, *, #2393, .T. ) ;
#3557 = ORIENTED_EDGE ( 'NONE', *, *, #3497, .F. ) ;
#3558 = CARTESIAN_POINT ( 'NONE',  ( -4.299999999999999822, -1.000000000000000000, 0.000000000000000000 ) ) ;
#3559 = AXIS2_PLACEMENT_3D ( 'NONE', #3609, #1870, #4162 ) ;
#3560 = ORIENTED_EDGE ( 'NONE', *, *, #2407, .F. ) ;
#3561 = CARTESIAN_POINT ( 'NONE',  ( 1.700000000000000178, 3.700000000000000178, 0.000000000000000000 ) ) ;
#3562 = PLANE ( 'NONE',  #360 ) ;
#3563 = VERTEX_POINT ( 'NONE', #3077 ) ;
#3564 = DIRECTION ( 'NONE',  ( 0.000000000000000000, 1.000000000000000000, 0.000000000000000000 ) ) ;
#3565 = DIRECTION ( 'NONE',  ( -0.000000000000000000, -1.000000000000000000, -0.000000000000000000 ) ) ;
#3566 = AXIS2_PLACEMENT_3D ( 'NONE', #2741, #3805, #2069 ) ;
#3567 = DIRECTION ( 'NONE',  ( 0.000000000000000000, 0.000000000000000000, 1.000000000000000000 ) ) ;
#3568 = ADVANCED_FACE ( 'NONE', ( #183 ), #132, .T. ) ;
#3569 = DIRECTION ( 'NONE',  ( 0.000000000000000000, 0.000000000000000000, 1.000000000000000000 ) ) ;
#3570 = ORIENTED_EDGE ( 'NONE', *, *, #2405, .T. ) ;
#3571 = CIRCLE ( 'NONE', #2148, 1.000000000000000000 ) ;
#3572 = ORIENTED_EDGE ( 'NONE', *, *, #3075, .T. ) ;
#3573 = CIRCLE ( 'NONE', #728, 0.2500000000000003886 ) ;
#3574 = ORIENTED_EDGE ( 'NONE', *, *, #4111, .T. ) ;
#3575 = DIRECTION ( 'NONE',  ( 0.000000000000000000, 0.7071067811865536790, 0.7071067811865414665 ) ) ;
#3576 = EDGE_CURVE ( 'NONE', #1368, #1648, #3008, .T. ) ;
#3577 =( NAMED_UNIT ( * ) SI_UNIT ( $, .STERADIAN. ) SOLID_ANGLE_UNIT ( ) );
#3578 = CYLINDRICAL_SURFACE ( 'NONE', #2871, 0.7499999999999997780 ) ;
#3579 = UNCERTAINTY_MEASURE_WITH_UNIT (LENGTH_MEASURE( 1.000000000000000082E-05 ), #2878, 'distance_accuracy_value', 'NONE');
#3580 = CARTESIAN_POINT ( 'NONE',  ( 1.700000000000000178, -1.000000000000000000, 0.000000000000000000 ) ) ;
#3581 = VERTEX_POINT ( 'NONE', #380 ) ;
#3582 = ORIENTED_EDGE ( 'NONE', *, *, #249, .T. ) ;
#3583 = CYLINDRICAL_SURFACE ( 'NONE', #3051, 0.7499999999999997780 ) ;
#3584 = EDGE_LOOP ( 'NONE', ( #2146, #1364, #1338, #10 ) ) ;
#3585 = DIRECTION ( 'NONE',  ( -0.000000000000000000, -1.000000000000000000, -0.000000000000000000 ) ) ;
#3586 = AXIS2_PLACEMENT_3D ( 'NONE', #2772, #156, #1105 ) ;
#3587 =( NAMED_UNIT ( * ) PLANE_ANGLE_UNIT ( ) SI_UNIT ( $, .RADIAN. ) );
#3588 = VERTEX_POINT ( 'NONE', #341 ) ;
#3589 = PRESENTATION_STYLE_ASSIGNMENT (( #2184 ) ) ;
#3590 = PLANE ( 'NONE',  #2974 ) ;
#3591 = ORIENTED_EDGE ( 'NONE', *, *, #2269, .T. ) ;
#3592 = DIRECTION ( 'NONE',  ( 0.000000000000000000, -1.000000000000000000, 0.000000000000000000 ) ) ;
#3593 = CARTESIAN_POINT ( 'NONE',  ( -7.804999999999999716, 3.050000000000001599, -9.558368267345090462E-16 ) ) ;
#3594 = CIRCLE ( 'NONE', #3301, 0.1000000000000000472 ) ;
#3595 = ADVANCED_FACE ( 'NONE', ( #3044 ), #3072, .F. ) ;
#3596 = ORIENTED_EDGE ( 'NONE', *, *, #1272, .T. ) ;
#3597 = ORIENTED_EDGE ( 'NONE', *, *, #2552, .T. ) ;
#3598 = DIRECTION ( 'NONE',  ( 0.000000000000000000, 1.000000000000000000, 0.000000000000000000 ) ) ;
#3599 = DIRECTION ( 'NONE',  ( -0.000000000000000000, 0.9993908270190956511, -0.03489949670250104552 ) ) ;
#3600 = EDGE_CURVE ( 'NONE', #879, #1810, #168, .T. ) ;
#3601 = EDGE_CURVE ( 'NONE', #3046, #198, #3172, .T. ) ;
#3602 = ORIENTED_EDGE ( 'NONE', *, *, #1079, .T. ) ;
#3603 = VERTEX_POINT ( 'NONE', #4055 ) ;
#3604 = CIRCLE ( 'NONE', #3983, 1.599999999999997202 ) ;
#3605 = CARTESIAN_POINT ( 'NONE',  ( -1.300000000000000044, -1.000000000000000000, 0.000000000000000000 ) ) ;
#3606 = DIRECTION ( 'NONE',  ( -0.000000000000000000, -1.000000000000000000, -0.000000000000000000 ) ) ;
#3607 = DIRECTION ( 'NONE',  ( 0.000000000000000000, 1.000000000000000000, 0.000000000000000000 ) ) ;
#3608 = TOROIDAL_SURFACE ( 'NONE', #169, 0.2000000000000003442, 0.05000000000000000278 ) ;
#3609 = CARTESIAN_POINT ( 'NONE',  ( 4.700000000000001066, 3.509016994374947629, 0.000000000000000000 ) ) ;
#3610 = ORIENTED_EDGE ( 'NONE', *, *, #1713, .T. ) ;
#3611 = DIRECTION ( 'NONE',  ( -0.000000000000000000, 1.000000000000000000, -0.000000000000000000 ) ) ;
#3612 = DIRECTION ( 'NONE',  ( -0.000000000000000000, 1.000000000000000000, -0.000000000000000000 ) ) ;
#3613 = AXIS2_PLACEMENT_3D ( 'NONE', #284, #2614, #760 ) ;
#3614 = FACE_OUTER_BOUND ( 'NONE', #2832, .T. ) ;
#3615 = DIRECTION ( 'NONE',  ( 0.000000000000000000, -0.000000000000000000, -1.000000000000000000 ) ) ;
#3616 = CARTESIAN_POINT ( 'NONE',  ( -1.300000000000000044, 3.149999999999999911, 0.000000000000000000 ) ) ;
#3617 = ORIENTED_EDGE ( 'NONE', *, *, #439, .T. ) ;
#3618 = AXIS2_PLACEMENT_3D ( 'NONE', #167, #875, #1920 ) ;
#3619 = ADVANCED_FACE ( 'NONE', ( #1586 ), #141, .T. ) ;
#3620 = CARTESIAN_POINT ( 'NONE',  ( 1.700000000000000178, 0.4000000000000001887, 0.000000000000000000 ) ) ;
#3621 = LINE ( 'NONE', #1319, #3644 ) ;
#3622 = AXIS2_PLACEMENT_3D ( 'NONE', #4368, #2426, #1802 ) ;
#3623 = ORIENTED_EDGE ( 'NONE', *, *, #1089, .F. ) ;
#3624 = ORIENTED_EDGE ( 'NONE', *, *, #1321, .T. ) ;
#3625 = CARTESIAN_POINT ( 'NONE',  ( 8.195000000000000284, -0.8500000000000000888, -1.650000000000001465 ) ) ;
#3626 = DIRECTION ( 'NONE',  ( 0.000000000000000000, 1.000000000000000000, 0.000000000000000000 ) ) ;
#3627 = DIRECTION ( 'NONE',  ( 0.000000000000000000, 0.000000000000000000, 1.000000000000000000 ) ) ;
#3628 = LINE ( 'NONE', #1758, #696 ) ;
#3629 = DIRECTION ( 'NONE',  ( 0.000000000000000000, 0.000000000000000000, 1.000000000000000000 ) ) ;
#3630 = LINE ( 'NONE', #3745, #781 ) ;
#3631 = ORIENTED_EDGE ( 'NONE', *, *, #1608, .T. ) ;
#3632 = EDGE_LOOP ( 'NONE', ( #272, #1199, #2034, #2677 ) ) ;
#3633 = DIRECTION ( 'NONE',  ( 0.000000000000000000, 0.000000000000000000, 1.000000000000000000 ) ) ;
#3634 = CARTESIAN_POINT ( 'NONE',  ( -1.300000000000000044, 3.100000000000000533, 0.000000000000000000 ) ) ;
#3635 = FILL_AREA_STYLE ('',( #2565 ) ) ;
#3636 = DIRECTION ( 'NONE',  ( 0.000000000000000000, 0.000000000000000000, 1.000000000000000000 ) ) ;
#3637 = CYLINDRICAL_SURFACE ( 'NONE', #3776, 1.500000000000000666 ) ;
#3638 = DIRECTION ( 'NONE',  ( 0.000000000000000000, 0.000000000000000000, 1.000000000000000000 ) ) ;
#3639 = ORIENTED_EDGE ( 'NONE', *, *, #1385, .T. ) ;
#3640 = CONICAL_SURFACE ( 'NONE', #3667, 1.499999999999999556, 0.7853981633974428389 ) ;
#3641 = DIRECTION ( 'NONE',  ( -1.000000000000000000, 0.000000000000000000, 0.000000000000000000 ) ) ;
#3642 = EDGE_CURVE ( 'NONE', #314, #2946, #1769, .T. ) ;
#3643 = DIRECTION ( 'NONE',  ( 8.659560562354857670E-17, 0.7071067811865536790, -0.7071067811865414665 ) ) ;
#3644 = VECTOR ( 'NONE', #766, 1000.000000000000000 ) ;
#3645 = DIRECTION ( 'NONE',  ( 0.000000000000000000, 0.000000000000000000, -1.000000000000000000 ) ) ;
#3646 = CARTESIAN_POINT ( 'NONE',  ( -4.299999999999999822, 0.000000000000000000, 0.000000000000000000 ) ) ;
#3647 = ORIENTED_EDGE ( 'NONE', *, *, #1457, .T. ) ;
#3648 = AXIS2_PLACEMENT_3D ( 'NONE', #3030, #3775, #742 ) ;
#3649 = ADVANCED_FACE ( 'NONE', ( #162 ), #1610, .T. ) ;
#3650 = EDGE_CURVE ( 'NONE', #686, #606, #3079, .T. ) ;
#3651 = EDGE_CURVE ( 'NONE', #1692, #928, #313, .T. ) ;
#3652 = CARTESIAN_POINT ( 'NONE',  ( -5.949999999999998401, -14.85791365496260497, -1.925999999999999934 ) ) ;
#3653 = ORIENTED_EDGE ( 'NONE', *, *, #3846, .T. ) ;
#3654 = DIRECTION ( 'NONE',  ( 0.000000000000000000, 0.000000000000000000, -1.000000000000000000 ) ) ;
#3655 = DIRECTION ( 'NONE',  ( 0.000000000000000000, 0.000000000000000000, -1.000000000000000000 ) ) ;
#3656 = CARTESIAN_POINT ( 'NONE',  ( 1.700000000000000178, -1.000000000000000000, 0.000000000000000000 ) ) ;
#3657 = AXIS2_PLACEMENT_3D ( 'NONE', #1219, #3836, #3555 ) ;
#3658 = ADVANCED_FACE ( 'NONE', ( #1619 ), #746, .T. ) ;
#3659 = FACE_OUTER_BOUND ( 'NONE', #1631, .T. ) ;
#3660 = ORIENTED_EDGE ( 'NONE', *, *, #3856, .T. ) ;
#3661 = EDGE_CURVE ( 'NONE', #15, #2102, #3093, .T. ) ;
#3662 = CARTESIAN_POINT ( 'NONE',  ( 1.700000000000000178, 0.4000000000000001887, 0.8999999999999999112 ) ) ;
#3663 = DIRECTION ( 'NONE',  ( -0.000000000000000000, -1.000000000000000000, -0.000000000000000000 ) ) ;
#3664 = DIRECTION ( 'NONE',  ( 0.000000000000000000, 0.000000000000000000, -1.000000000000000000 ) ) ;
#3665 = ORIENTED_EDGE ( 'NONE', *, *, #726, .T. ) ;
#3666 = ORIENTED_EDGE ( 'NONE', *, *, #663, .T. ) ;
#3667 = AXIS2_PLACEMENT_3D ( 'NONE', #4082, #2031, #687 ) ;
#3668 = FACE_OUTER_BOUND ( 'NONE', #3269, .T. ) ;
#3669 = EDGE_CURVE ( 'NONE', #281, #2815, #335, .T. ) ;
#3670 = AXIS2_PLACEMENT_3D ( 'NONE', #487, #824, #1825 ) ;
#3671 = CARTESIAN_POINT ( 'NONE',  ( -5.049999999999998046, 3.149999999999999911, 0.000000000000000000 ) ) ;
#3672 = DIRECTION ( 'NONE',  ( 0.000000000000000000, -0.000000000000000000, -1.000000000000000000 ) ) ;
#3673 = ORIENTED_EDGE ( 'NONE', *, *, #1898, .T. ) ;
#3674 = EDGE_CURVE ( 'NONE', #545, #246, #3205, .T. ) ;
#3675 = AXIS2_PLACEMENT_3D ( 'NONE', #174, #542, #880 ) ;
#3676 = CARTESIAN_POINT ( 'NONE',  ( -1.300000000000000044, 3.149999999999999911, 0.5000000000000004441 ) ) ;
#3677 = FACE_OUTER_BOUND ( 'NONE', #471, .T. ) ;
#3678 = ORIENTED_EDGE ( 'NONE', *, *, #3980, .T. ) ;
#3679 = ORIENTED_EDGE ( 'NONE', *, *, #2324, .F. ) ;
#3680 = CARTESIAN_POINT ( 'NONE',  ( 8.049999999999998934, 2.149999999999999911, 0.000000000000000000 ) ) ;
#3681 = FILL_AREA_STYLE ('',( #2909 ) ) ;
#3682 = DIRECTION ( 'NONE',  ( -0.000000000000000000, 1.000000000000000000, -0.000000000000000000 ) ) ;
#3683 = CIRCLE ( 'NONE', #3181, 0.05000000000000002359 ) ;
#3684 = VERTEX_POINT ( 'NONE', #3479 ) ;
#3685 =( GEOMETRIC_REPRESENTATION_CONTEXT ( 3 ) GLOBAL_UNCERTAINTY_ASSIGNED_CONTEXT ( ( #2113 ) ) GLOBAL_UNIT_ASSIGNED_CONTEXT ( ( #1141, #1476, #1861 ) ) REPRESENTATION_CONTEXT ( 'NONE', 'WORKASPACE' ) );
#3686 = DIRECTION ( 'NONE',  ( -1.000000000000000000, 0.000000000000000000, 0.000000000000000000 ) ) ;
#3687 = DIRECTION ( 'NONE',  ( -0.000000000000000000, 1.000000000000000000, -0.000000000000000000 ) ) ;
#3688 = ORIENTED_EDGE ( 'NONE', *, *, #4128, .T. ) ;
#3689 = EDGE_CURVE ( 'NONE', #2013, #409, #3063, .T. ) ;
#3690 = DIRECTION ( 'NONE',  ( 0.000000000000000000, 1.000000000000000000, 0.000000000000000000 ) ) ;
#3691 = DIRECTION ( 'NONE',  ( 0.000000000000000000, 0.000000000000000000, 1.000000000000000000 ) ) ;
#3692 = ADVANCED_FACE ( 'NONE', ( #1715 ), #1626, .T. ) ;
#3693 = DIRECTION ( 'NONE',  ( 0.000000000000000000, 0.000000000000000000, -1.000000000000000000 ) ) ;
#3694 = ORIENTED_EDGE ( 'NONE', *, *, #4066, .F. ) ;
#3695 = CIRCLE ( 'NONE', #452, 0.2000000000000000944 ) ;
#3696 = CARTESIAN_POINT ( 'NONE',  ( -8.049999999999997158, 2.149999999999999911, -2.899999999999999467 ) ) ;
#3697 = EDGE_CURVE ( 'NONE', #1077, #3122, #3194, .T. ) ;
#3698 = EDGE_CURVE ( 'NONE', #1843, #246, #278, .T. ) ;
#3699 = CYLINDRICAL_SURFACE ( 'NONE', #1522, 0.7499999999999997780 ) ;
#3700 = EDGE_CURVE ( 'NONE', #1661, #4023, #3014, .T. ) ;
#3701 =( NAMED_UNIT ( * ) SI_UNIT ( $, .STERADIAN. ) SOLID_ANGLE_UNIT ( ) );
#3702 = ORIENTED_EDGE ( 'NONE', *, *, #3786, .T. ) ;
#3703 = DIRECTION ( 'NONE',  ( -0.000000000000000000, 1.000000000000000000, -0.000000000000000000 ) ) ;
#3704 = DIRECTION ( 'NONE',  ( 0.000000000000000000, 0.000000000000000000, 1.000000000000000000 ) ) ;
#3705 = CIRCLE ( 'NONE', #203, 0.5000000000000004441 ) ;
#3706 = CARTESIAN_POINT ( 'NONE',  ( 8.000000000000000000, 2.149999999999999911, 2.026000000000002021 ) ) ;
#3707 = EDGE_CURVE ( 'NONE', #3261, #191, #1733, .T. ) ;
#3708 = FACE_OUTER_BOUND ( 'NONE', #1445, .T. ) ;
#3709 = ORIENTED_EDGE ( 'NONE', *, *, #1772, .F. ) ;
#3710 = CIRCLE ( 'NONE', #661, 1.650000000000000577 ) ;
#3711 = DIRECTION ( 'NONE',  ( -0.000000000000000000, -1.000000000000000000, -0.000000000000000000 ) ) ;
#3712 = CARTESIAN_POINT ( 'NONE',  ( -4.069999999999998508, 3.220837012152985679, -1.926000000000000822 ) ) ;
#3713 = ADVANCED_FACE ( 'NONE', ( #303 ), #1569, .F. ) ;
#3714 = CARTESIAN_POINT ( 'NONE',  ( 1.700000000000000178, 3.149999999999999911, 0.000000000000000000 ) ) ;
#3715 = ORIENTED_EDGE ( 'NONE', *, *, #3537, .T. ) ;
#3716 = CARTESIAN_POINT ( 'NONE',  ( 1.700000000000000178, 3.149999999999999911, 0.5000000000000004441 ) ) ;
#3717 = CIRCLE ( 'NONE', #4346, 1.500000000000000666 ) ;
#3718 = DIRECTION ( 'NONE',  ( 0.000000000000000000, 0.000000000000000000, 1.000000000000000000 ) ) ;
#3719 = AXIS2_PLACEMENT_3D ( 'NONE', #61, #3436, #1345 ) ;
#3720 = CARTESIAN_POINT ( 'NONE',  ( 8.195000000000000284, 3.149999999999999911, -1.400000000000000355 ) ) ;
#3721 = ORIENTED_EDGE ( 'NONE', *, *, #2219, .T. ) ;
#3722 = EDGE_CURVE ( 'NONE', #1356, #3276, #3025, .T. ) ;
#3723 = VECTOR ( 'NONE', #2793, 1000.000000000000000 ) ;
#3724 = CARTESIAN_POINT ( 'NONE',  ( -4.299999999999999822, 3.149999999999999911, 0.000000000000000000 ) ) ;
#3725 = ADVANCED_FACE ( 'NONE', ( #3214 ), #122, .T. ) ;
#3726 = DIRECTION ( 'NONE',  ( -0.000000000000000000, 1.000000000000000000, -0.000000000000000000 ) ) ;
#3727 = AXIS2_PLACEMENT_3D ( 'NONE', #2288, #2313, #1226 ) ;
#3728 = ORIENTED_EDGE ( 'NONE', *, *, #3829, .T. ) ;
#3729 = CIRCLE ( 'NONE', #2169, 0.1000000000000000472 ) ;
#3730 = DIRECTION ( 'NONE',  ( 0.000000000000000000, 1.000000000000000000, 0.000000000000000000 ) ) ;
#3731 = DIRECTION ( 'NONE',  ( -0.000000000000000000, 1.000000000000000000, -0.000000000000000000 ) ) ;
#3732 = CARTESIAN_POINT ( 'NONE',  ( -1.300000000000000044, 2.649999999999999911, 0.000000000000000000 ) ) ;
#3733 = AXIS2_PLACEMENT_3D ( 'NONE', #3634, #4185, #4129 ) ;
#3734 = VERTEX_POINT ( 'NONE', #4156 ) ;
#3735 = CYLINDRICAL_SURFACE ( 'NONE', #1954, 0.2500000000000003886 ) ;
#3736 = DIRECTION ( 'NONE',  ( 0.000000000000000000, 0.000000000000000000, 1.000000000000000000 ) ) ;
#3737 = DIRECTION ( 'NONE',  ( 0.000000000000000000, 0.000000000000000000, -1.000000000000000000 ) ) ;
#3738 = EDGE_CURVE ( 'NONE', #3831, #220, #1579, .T. ) ;
#3739 = EDGE_CURVE ( 'NONE', #2064, #3563, #3308, .T. ) ;
#3740 = DIRECTION ( 'NONE',  ( 0.000000000000000000, 1.000000000000000000, 0.000000000000000000 ) ) ;
#3741 = VERTEX_POINT ( 'NONE', #3282 ) ;
#3742 = DIRECTION ( 'NONE',  ( 0.000000000000000000, 0.000000000000000000, 1.000000000000000000 ) ) ;
#3743 = AXIS2_PLACEMENT_3D ( 'NONE', #2235, #903, #1202 ) ;
#3744 = ADVANCED_FACE ( 'NONE', ( #1836 ), #355, .F. ) ;
#3745 = CARTESIAN_POINT ( 'NONE',  ( 4.700000000000001066, -1.000000000000000000, 0.2000000000000003164 ) ) ;
#3746 = CARTESIAN_POINT ( 'NONE',  ( -4.299999999999999822, 3.149999999999999911, 0.000000000000000000 ) ) ;
#3747 = VERTEX_POINT ( 'NONE', #1801 ) ;
#3748 = FACE_OUTER_BOUND ( 'NONE', #2964, .T. ) ;
#3749 = EDGE_CURVE ( 'NONE', #2119, #1787, #427, .T. ) ;
#3750 = EDGE_CURVE ( 'NONE', #566, #3831, #3343, .T. ) ;
#3751 = CARTESIAN_POINT ( 'NONE',  ( 4.700000000000001066, 2.649999999999999911, 0.000000000000000000 ) ) ;
#3752 = ORIENTED_EDGE ( 'NONE', *, *, #905, .F. ) ;
#3753 = DIRECTION ( 'NONE',  ( 8.659560562354857670E-17, 0.7071067811865536790, -0.7071067811865414665 ) ) ;
#3754 = DIRECTION ( 'NONE',  ( -0.000000000000000000, 1.000000000000000000, -0.000000000000000000 ) ) ;
#3755 = EDGE_CURVE ( 'NONE', #2102, #3791, #444, .T. ) ;
#3756 = AXIS2_PLACEMENT_3D ( 'NONE', #2794, #2217, #2248 ) ;
#3757 = PLANE ( 'NONE',  #4100 ) ;
#3758 = CARTESIAN_POINT ( 'NONE',  ( -1.300000000000000044, 3.100000000000000089, 0.000000000000000000 ) ) ;
#3759 = ADVANCED_FACE ( 'NONE', ( #3372 ), #1922, .T. ) ;
#3760 = ORIENTED_EDGE ( 'NONE', *, *, #182, .F. ) ;
#3761 = FACE_BOUND ( 'NONE', #105, .T. ) ;
#3762 = AXIS2_PLACEMENT_3D ( 'NONE', #1886, #3626, #2812 ) ;
#3763 = CARTESIAN_POINT ( 'NONE',  ( 1.700000000000000178, 3.149999999999999911, 0.000000000000000000 ) ) ;
#3764 = AXIS2_PLACEMENT_3D ( 'NONE', #3345, #3682, #3973 ) ;
#3765 = DIRECTION ( 'NONE',  ( -0.000000000000000000, -1.000000000000000000, -0.000000000000000000 ) ) ;
#3766 = ORIENTED_EDGE ( 'NONE', *, *, #2690, .F. ) ;
#3767 = FACE_BOUND ( 'NONE', #3212, .T. ) ;
#3768 = DIRECTION ( 'NONE',  ( -0.000000000000000000, -1.000000000000000000, -0.000000000000000000 ) ) ;
#3769 = DIRECTION ( 'NONE',  ( -0.000000000000000000, -1.000000000000000000, -0.000000000000000000 ) ) ;
#3770 = EDGE_CURVE ( 'NONE', #23, #1852, #385, .T. ) ;
#3771 = DIRECTION ( 'NONE',  ( 0.000000000000000000, 1.000000000000000000, 0.000000000000000000 ) ) ;
#3772 = DIRECTION ( 'NONE',  ( -0.000000000000000000, -1.000000000000000000, -0.000000000000000000 ) ) ;
#3773 = DIRECTION ( 'NONE',  ( 0.000000000000000000, -0.000000000000000000, 1.000000000000000000 ) ) ;
#3774 = EDGE_LOOP ( 'NONE', ( #1923, #3331 ) ) ;
#3775 = DIRECTION ( 'NONE',  ( 0.000000000000000000, 1.000000000000000000, 0.000000000000000000 ) ) ;
#3776 = AXIS2_PLACEMENT_3D ( 'NONE', #1711, #710, #1348 ) ;
#3777 = ADVANCED_FACE ( 'NONE', ( #464 ), #1928, .T. ) ;
#3778 = AXIS2_PLACEMENT_3D ( 'NONE', #2877, #599, #3267 ) ;
#3779 = DIRECTION ( 'NONE',  ( -0.000000000000000000, 1.000000000000000000, -0.000000000000000000 ) ) ;
#3780 = ORIENTED_EDGE ( 'NONE', *, *, #3785, .T. ) ;
#3781 = CIRCLE ( 'NONE', #1370, 1.000000000000000000 ) ;
#3782 = DIRECTION ( 'NONE',  ( -0.000000000000000000, -1.000000000000000000, -0.000000000000000000 ) ) ;
#3783 = CARTESIAN_POINT ( 'NONE',  ( -1.300000000000000044, 3.509016994374947629, 0.5000000000000004441 ) ) ;
#3784 = ORIENTED_EDGE ( 'NONE', *, *, #608, .T. ) ;
#3785 = EDGE_CURVE ( 'NONE', #1724, #3191, #1912, .T. ) ;
#3786 = EDGE_CURVE ( 'NONE', #3884, #1779, #495, .T. ) ;
#3787 = CARTESIAN_POINT ( 'NONE',  ( -4.299999999999999822, 3.149999999999999911, 0.5000000000000004441 ) ) ;
#3788 = CARTESIAN_POINT ( 'NONE',  ( -4.299999999999999822, 3.100000000000000533, 0.7499999999999997780 ) ) ;
#3789 = ADVANCED_FACE ( 'NONE', ( #434 ), #1844, .T. ) ;
#3790 = DIRECTION ( 'NONE',  ( 0.000000000000000000, 0.000000000000000000, 1.000000000000000000 ) ) ;
#3791 = VERTEX_POINT ( 'NONE', #1178 ) ;
#3792 = FACE_OUTER_BOUND ( 'NONE', #192, .T. ) ;
#3793 = CARTESIAN_POINT ( 'NONE',  ( 4.700000000000001066, 2.649999999999999911, 0.000000000000000000 ) ) ;
#3794 = CARTESIAN_POINT ( 'NONE',  ( 1.700000000000000400, 0.000000000000000000, -0.8999999999999999112 ) ) ;
#3795 = DIRECTION ( 'NONE',  ( -0.000000000000000000, -1.000000000000000000, -0.000000000000000000 ) ) ;
#3796 = ORIENTED_EDGE ( 'NONE', *, *, #3488, .T. ) ;
#3797 = FACE_BOUND ( 'NONE', #1824, .T. ) ;
#3798 = AXIS2_PLACEMENT_3D ( 'NONE', #2596, #1996, #3672 ) ;
#3799 = EDGE_CURVE ( 'NONE', #4117, #1263, #498, .T. ) ;
#3800 = CARTESIAN_POINT ( 'NONE',  ( 4.700000000000001066, 3.100000000000000533, 0.000000000000000000 ) ) ;
#3801 = PRESENTATION_LAYER_ASSIGNMENT (  '', '', ( #1038 ) ) ;
#3802 = CLOSED_SHELL ( 'NONE', ( #1984, #741, #979, #898, #1624, #239 ) ) ;
#3803 = CIRCLE ( 'NONE', #2593, 0.05000000000000002359 ) ;
#3804 = DIRECTION ( 'NONE',  ( 0.000000000000000000, 0.000000000000000000, 1.000000000000000000 ) ) ;
#3805 = DIRECTION ( 'NONE',  ( 0.000000000000000000, 1.000000000000000000, 0.000000000000000000 ) ) ;
#3806 = EDGE_LOOP ( 'NONE', ( #1231, #3647, #3821, #155 ) ) ;
#3807 = CIRCLE ( 'NONE', #186, 1.550000000000000488 ) ;
#3808 = AXIS2_PLACEMENT_3D ( 'NONE', #2918, #3319, #4008 ) ;
#3809 = DIRECTION ( 'NONE',  ( 0.000000000000000000, 1.000000000000000000, 0.000000000000000000 ) ) ;
#3810 = DIRECTION ( 'NONE',  ( -0.000000000000000000, -1.000000000000000000, -0.000000000000000000 ) ) ;
#3811 = AXIS2_PLACEMENT_3D ( 'NONE', #2147, #1437, #4094 ) ;
#3812 = DIRECTION ( 'NONE',  ( 0.000000000000000000, 0.000000000000000000, 1.000000000000000000 ) ) ;
#3813 = EDGE_LOOP ( 'NONE', ( #302, #448, #2451, #2484 ) ) ;
#3814 = LINE ( 'NONE', #2245, #3723 ) ;
#3815 = DIRECTION ( 'NONE',  ( -0.000000000000000000, -1.000000000000000000, -0.000000000000000000 ) ) ;
#3816 = CARTESIAN_POINT ( 'NONE',  ( -8.049999999999997158, 3.149999999999999911, -2.699999999999999289 ) ) ;
#3817 = CARTESIAN_POINT ( 'NONE',  ( 1.700000000000000400, -5.695584412271569974, -0.8999999999999999112 ) ) ;
#3818 = CARTESIAN_POINT ( 'NONE',  ( -1.300000000000000044, 3.100000000000000533, 0.000000000000000000 ) ) ;
#3819 = ADVANCED_FACE ( 'NONE', ( #1829 ), #1799, .T. ) ;
#3820 = CARTESIAN_POINT ( 'NONE',  ( -7.804999999999999716, -0.9499999999999995115, -9.558368267345090462E-16 ) ) ;
#3821 = ORIENTED_EDGE ( 'NONE', *, *, #1225, .F. ) ;
#3822 = EDGE_CURVE ( 'NONE', #3254, #4296, #3316, .T. ) ;
#3823 = ORIENTED_EDGE ( 'NONE', *, *, #3198, .F. ) ;
#3824 = FACE_BOUND ( 'NONE', #1753, .T. ) ;
#3825 = CARTESIAN_POINT ( 'NONE',  ( 1.700000000000000178, 3.149999999999999911, 0.000000000000000000 ) ) ;
#3826 = DIRECTION ( 'NONE',  ( 0.4999999999999946154, -0.000000000000000000, 0.8660254037844418162 ) ) ;
#3827 = CARTESIAN_POINT ( 'NONE',  ( -1.300000000000000044, 0.000000000000000000, 0.2500000000000003886 ) ) ;
#3828 = CARTESIAN_POINT ( 'NONE',  ( -5.799999999999999822, -0.3499999999999996447, -1.189999999999999725 ) ) ;
#3829 = EDGE_CURVE ( 'NONE', #1648, #3966, #3277, .T. ) ;
#3830 = EDGE_CURVE ( 'NONE', #1534, #407, #1817, .T. ) ;
#3831 = VERTEX_POINT ( 'NONE', #1607 ) ;
#3832 = CIRCLE ( 'NONE', #3136, 0.6999999999999997335 ) ;
#3833 = DIRECTION ( 'NONE',  ( 0.000000000000000000, 0.000000000000000000, 1.000000000000000000 ) ) ;
#3834 = AXIS2_PLACEMENT_3D ( 'NONE', #516, #3607, #82 ) ;
#3835 = CARTESIAN_POINT ( 'NONE',  ( 4.700000000000001066, 3.149999999999999911, 0.000000000000000000 ) ) ;
#3836 = DIRECTION ( 'NONE',  ( 0.000000000000000000, 1.000000000000000000, 0.000000000000000000 ) ) ;
#3837 = DIRECTION ( 'NONE',  ( 1.000000000000000000, -0.000000000000000000, -0.000000000000000000 ) ) ;
#3838 = ORIENTED_EDGE ( 'NONE', *, *, #1540, .F. ) ;
#3839 = FACE_OUTER_BOUND ( 'NONE', #2665, .T. ) ;
#3840 = CARTESIAN_POINT ( 'NONE',  ( -5.449999999999993960, 3.220837012152985679, 1.129256628518329864 ) ) ;
#3841 = EDGE_CURVE ( 'NONE', #98, #3978, #418, .T. ) ;
#3842 = CARTESIAN_POINT ( 'NONE',  ( 8.195000000000000284, 1.049999999999999822, -9.558368267345090462E-16 ) ) ;
#3843 = DIRECTION ( 'NONE',  ( -0.000000000000000000, -1.000000000000000000, -0.000000000000000000 ) ) ;
#3844 = VERTEX_POINT ( 'NONE', #2609 ) ;
#3845 = TOROIDAL_SURFACE ( 'NONE', #4269, 1.399999999999999467, 0.1000000000000000056 ) ;
#3846 = EDGE_CURVE ( 'NONE', #2033, #732, #1943, .T. ) ;
#3847 = AXIS2_PLACEMENT_3D ( 'NONE', #2152, #70, #3569 ) ;
#3848 = AXIS2_PLACEMENT_3D ( 'NONE', #2137, #3110, #778 ) ;
#3849 = ADVANCED_FACE ( 'NONE', ( #475 ), #3411, .T. ) ;
#3850 = SURFACE_SIDE_STYLE ('',( #2124 ) ) ;
#3851 = ORIENTED_EDGE ( 'NONE', *, *, #2231, .F. ) ;
#3852 = LINE ( 'NONE', #496, #871 ) ;
#3853 = DIRECTION ( 'NONE',  ( -0.000000000000000000, 1.000000000000000000, -0.000000000000000000 ) ) ;
#3854 = DIRECTION ( 'NONE',  ( 0.000000000000000000, 0.000000000000000000, 1.000000000000000000 ) ) ;
#3855 = CARTESIAN_POINT ( 'NONE',  ( 8.205000000000000071, 3.050000000000002487, 1.500000000000000666 ) ) ;
#3856 = EDGE_CURVE ( 'NONE', #1780, #2691, #365, .T. ) ;
#3857 = DIRECTION ( 'NONE',  ( 0.000000000000000000, 1.000000000000000000, 0.000000000000000000 ) ) ;
#3858 =( GEOMETRIC_REPRESENTATION_CONTEXT ( 3 ) GLOBAL_UNCERTAINTY_ASSIGNED_CONTEXT ( ( #2919 ) ) GLOBAL_UNIT_ASSIGNED_CONTEXT ( ( #4216, #148, #3577 ) ) REPRESENTATION_CONTEXT ( 'NONE', 'WORKASPACE' ) );
#3859 = AXIS2_PLACEMENT_3D ( 'NONE', #809, #3809, #1461 ) ;
#3860 = VERTEX_POINT ( 'NONE', #2587 ) ;
#3861 = CARTESIAN_POINT ( 'NONE',  ( -7.804999999999999716, 3.050000000000001599, -1.500000000000000444 ) ) ;
#3862 = MECHANICAL_DESIGN_GEOMETRIC_PRESENTATION_REPRESENTATION (  '', ( #290 ), #736 ) ;
#3863 = DIRECTION ( 'NONE',  ( 0.000000000000000000, 0.000000000000000000, 1.000000000000000000 ) ) ;
#3864 = CARTESIAN_POINT ( 'NONE',  ( -4.299999999999999822, -5.695584412271569974, 0.000000000000000000 ) ) ;
#3865 = ORIENTED_EDGE ( 'NONE', *, *, #1082, .T. ) ;
#3866 = DIRECTION ( 'NONE',  ( 0.000000000000000000, 0.000000000000000000, 1.000000000000000000 ) ) ;
#3867 = CIRCLE ( 'NONE', #1059, 0.05000000000000002359 ) ;
#3868 = AXIS2_PLACEMENT_3D ( 'NONE', #3825, #513, #1420 ) ;
#3869 = ADVANCED_FACE ( 'NONE', ( #457 ), #671, .T. ) ;
#3870 = CARTESIAN_POINT ( 'NONE',  ( 8.205000000000000071, 2.649999999999999911, -1.500000000000000666 ) ) ;
#3871 = DIRECTION ( 'NONE',  ( -0.000000000000000000, 0.000000000000000000, 1.000000000000000000 ) ) ;
#3872 = CARTESIAN_POINT ( 'NONE',  ( 4.700000000000001066, 0.4000000000000001887, -0.8999999999999994671 ) ) ;
#3873 = VERTEX_POINT ( 'NONE', #3662 ) ;
#3874 = DIRECTION ( 'NONE',  ( 0.000000000000000000, 0.000000000000000000, 1.000000000000000000 ) ) ;
#3875 = EDGE_CURVE ( 'NONE', #3563, #2064, #410, .T. ) ;
#3876 = AXIS2_PLACEMENT_3D ( 'NONE', #3671, #332, #3773 ) ;
#3877 = ORIENTED_EDGE ( 'NONE', *, *, #973, .F. ) ;
#3878 = DIRECTION ( 'NONE',  ( -0.000000000000000000, 1.000000000000000000, -0.000000000000000000 ) ) ;
#3879 = DIRECTION ( 'NONE',  ( 0.000000000000000000, 0.000000000000000000, -1.000000000000000000 ) ) ;
#3880 = EDGE_CURVE ( 'NONE', #2139, #981, #3325, .T. ) ;
#3881 = DIRECTION ( 'NONE',  ( -0.000000000000000000, -1.000000000000000000, -0.000000000000000000 ) ) ;
#3882 = ADVANCED_FACE ( 'NONE', ( #1953 ), #3379, .T. ) ;
#3883 = DIRECTION ( 'NONE',  ( 8.673617379884035472E-16, 0.000000000000000000, 1.000000000000000000 ) ) ;
#3884 = VERTEX_POINT ( 'NONE', #4276 ) ;
#3885 = EDGE_CURVE ( 'NONE', #999, #1513, #1937, .T. ) ;
#3886 = DIRECTION ( 'NONE',  ( 0.000000000000000000, 0.000000000000000000, 1.000000000000000000 ) ) ;
#3887 = CARTESIAN_POINT ( 'NONE',  ( -7.804999999999999716, -0.9499999999999995115, 1.549999999999999822 ) ) ;
#3888 = EDGE_CURVE ( 'NONE', #3873, #3734, #1895, .T. ) ;
#3889 = DIRECTION ( 'NONE',  ( 0.000000000000000000, 1.000000000000000000, 0.000000000000000000 ) ) ;
#3890 = AXIS2_PLACEMENT_3D ( 'NONE', #3558, #815, #3812 ) ;
#3891 = ORIENTED_EDGE ( 'NONE', *, *, #2498, .F. ) ;
#3892 = CARTESIAN_POINT ( 'NONE',  ( -5.449999999999993072, 1.049999999999999822, -1.129256628518331418 ) ) ;
#3893 = CARTESIAN_POINT ( 'NONE',  ( -7.804999999999999716, 1.049999999999999822, -9.558368267345090462E-16 ) ) ;
#3894 = CARTESIAN_POINT ( 'NONE',  ( -8.049999999999998934, 2.949999999999999734, -2.699999999999999289 ) ) ;
#3895 = DIRECTION ( 'NONE',  ( 0.000000000000000000, 1.000000000000000000, 0.000000000000000000 ) ) ;
#3896 = DIRECTION ( 'NONE',  ( 0.000000000000000000, 0.000000000000000000, 1.000000000000000000 ) ) ;
#3897 = ORIENTED_EDGE ( 'NONE', *, *, #3132, .F. ) ;
#3898 = AXIS2_PLACEMENT_3D ( 'NONE', #2229, #3528, #526 ) ;
#3899 = VERTEX_POINT ( 'NONE', #2982 ) ;
#3900 = CARTESIAN_POINT ( 'NONE',  ( -4.069999999999999396, 1.049999999999999822, 1.925999999999999934 ) ) ;
#3901 = EDGE_CURVE ( 'NONE', #4296, #4098, #1958, .T. ) ;
#3902 = DIRECTION ( 'NONE',  ( -0.000000000000000000, -1.000000000000000000, -0.000000000000000000 ) ) ;
#3903 = AXIS2_PLACEMENT_3D ( 'NONE', #1179, #3902, #2275 ) ;
#3904 = CARTESIAN_POINT ( 'NONE',  ( 4.700000000000001066, 3.149999999999999911, 0.000000000000000000 ) ) ;
#3905 = DIRECTION ( 'NONE',  ( 0.000000000000000000, 0.000000000000000000, 1.000000000000000000 ) ) ;
#3906 = ORIENTED_EDGE ( 'NONE', *, *, #2359, .T. ) ;
#3907 = STYLED_ITEM ( 'NONE', ( #2736 ), #3036 ) ;
#3908 = FACE_OUTER_BOUND ( 'NONE', #4301, .T. ) ;
#3909 = FACE_OUTER_BOUND ( 'NONE', #4088, .T. ) ;
#3910 = DIRECTION ( 'NONE',  ( 0.000000000000000000, 1.000000000000000000, 0.000000000000000000 ) ) ;
#3911 = DIRECTION ( 'NONE',  ( 0.000000000000000000, 0.000000000000000000, 1.000000000000000000 ) ) ;
#3912 = ORIENTED_EDGE ( 'NONE', *, *, #795, .T. ) ;
#3913 = LINE ( 'NONE', #3817, #2453 ) ;
#3914 = FACE_OUTER_BOUND ( 'NONE', #3171, .T. ) ;
#3915 = PLANE ( 'NONE',  #2209 ) ;
#3916 = CARTESIAN_POINT ( 'NONE',  ( -7.804999999999999716, -9.716904755831215823, -9.558368267345090462E-16 ) ) ;
#3917 = CARTESIAN_POINT ( 'NONE',  ( 8.195000000000000284, 7.392640687119284237, 1.499999999999998668 ) ) ;
#3918 = EDGE_CURVE ( 'NONE', #1784, #3603, #1879, .T. ) ;
#3919 = DIRECTION ( 'NONE',  ( 0.000000000000000000, 0.000000000000000000, 1.000000000000000000 ) ) ;
#3920 = CLOSED_SHELL ( 'NONE', ( #1148, #2114, #2338, #2544, #2093, #2136 ) ) ;
#3921 = LINE ( 'NONE', #1442, #1009 ) ;
#3922 = CIRCLE ( 'NONE', #1430, 0.2500000000000002220 ) ;
#3923 = AXIS2_PLACEMENT_3D ( 'NONE', #2589, #1550, #2893 ) ;
#3924 = ORIENTED_EDGE ( 'NONE', *, *, #3786, .F. ) ;
#3925 = DIRECTION ( 'NONE',  ( 0.000000000000000000, 0.000000000000000000, 1.000000000000000000 ) ) ;
#3926 = EDGE_CURVE ( 'NONE', #2863, #409, #3353, .T. ) ;
#3927 = CIRCLE ( 'NONE', #42, 0.05000000000000002359 ) ;
#3928 = CIRCLE ( 'NONE', #2649, 0.7499999999999997780 ) ;
#3929 = DIRECTION ( 'NONE',  ( 0.000000000000000000, -1.000000000000000000, 0.000000000000000000 ) ) ;
#3930 = CARTESIAN_POINT ( 'NONE',  ( -1.300000000000000044, 3.100000000000000533, 0.000000000000000000 ) ) ;
#3931 = CARTESIAN_POINT ( 'NONE',  ( -4.949999999999998401, 0.4000000000000001887, 0.2632312247338886579 ) ) ;
#3932 = ORIENTED_EDGE ( 'NONE', *, *, #2399, .F. ) ;
#3933 = PRESENTATION_LAYER_ASSIGNMENT (  '', '', ( #4180 ) ) ;
#3934 = VECTOR ( 'NONE', #2931, 1000.000000000000000 ) ;
#3935 = EDGE_CURVE ( 'NONE', #3074, #3274, #3358, .T. ) ;
#3936 = CARTESIAN_POINT ( 'NONE',  ( 1.700000000000000178, 0.000000000000000000, 0.000000000000000000 ) ) ;
#3937 = AXIS2_PLACEMENT_3D ( 'NONE', #3930, #4249, #618 ) ;
#3938 = DIRECTION ( 'NONE',  ( 1.000000000000000000, 0.000000000000000000, 0.000000000000000000 ) ) ;
#3939 = DIRECTION ( 'NONE',  ( 0.000000000000000000, 0.000000000000000000, -1.000000000000000000 ) ) ;
#3940 = ORIENTED_EDGE ( 'NONE', *, *, #3377, .T. ) ;
#3941 = CYLINDRICAL_SURFACE ( 'NONE', #938, 0.7499999999999997780 ) ;
#3942 = STYLED_ITEM ( 'NONE', ( #1463 ), #3491 ) ;
#3943 = DIRECTION ( 'NONE',  ( -1.000000000000000000, 0.000000000000000000, 0.000000000000000000 ) ) ;
#3944 = CARTESIAN_POINT ( 'NONE',  ( -5.449999999999993072, 0.4000000000000001887, -1.129256628518331640 ) ) ;
#3945 = CARTESIAN_POINT ( 'NONE',  ( 1.700000000000000178, -1.000000000000000000, 0.000000000000000000 ) ) ;
#3946 = DIRECTION ( 'NONE',  ( 0.000000000000000000, -1.000000000000000000, 0.000000000000000000 ) ) ;
#3947 = EDGE_LOOP ( 'NONE', ( #3266, #306, #2594, #3121 ) ) ;
#3948 = CIRCLE ( 'NONE', #4385, 0.2500000000000003886 ) ;
#3949 = EDGE_CURVE ( 'NONE', #142, #3791, #3364, .T. ) ;
#3950 = ORIENTED_EDGE ( 'NONE', *, *, #529, .T. ) ;
#3951 = CARTESIAN_POINT ( 'NONE',  ( -4.299999999999999822, 0.000000000000000000, 0.000000000000000000 ) ) ;
#3952 = CARTESIAN_POINT ( 'NONE',  ( 4.700000000000001066, -1.000000000000000000, 0.000000000000000000 ) ) ;
#3953 = FACE_OUTER_BOUND ( 'NONE', #295, .T. ) ;
#3954 = VECTOR ( 'NONE', #2681, 1000.000000000000000 ) ;
#3955 = AXIS2_PLACEMENT_3D ( 'NONE', #2263, #1573, #822 ) ;
#3956 = CARTESIAN_POINT ( 'NONE',  ( 5.950000000000001954, 1.049999999999999822, 0.9259999999999990461 ) ) ;
#3957 = AXIS2_PLACEMENT_3D ( 'NONE', #1318, #2053, #3415 ) ;
#3958 = SURFACE_STYLE_USAGE ( .BOTH. , #1286 ) ;
#3959 = VERTEX_POINT ( 'NONE', #930 ) ;
#3960 = DIRECTION ( 'NONE',  ( 1.000000000000000000, 0.000000000000000000, 0.000000000000000000 ) ) ;
#3961 = VECTOR ( 'NONE', #4295, 1000.000000000000000 ) ;
#3962 = CIRCLE ( 'NONE', #817, 0.7500000000000000000 ) ;
#3963 = ADVANCED_FACE ( 'NONE', ( #375 ), #1906, .T. ) ;
#3964 = PLANE ( 'NONE',  #4214 ) ;
#3965 = DIRECTION ( 'NONE',  ( -1.000000000000000000, 0.000000000000000000, 1.224646799147353700E-16 ) ) ;
#3966 = VERTEX_POINT ( 'NONE', #3487 ) ;
#3967 = FACE_OUTER_BOUND ( 'NONE', #3153, .T. ) ;
#3968 = EDGE_CURVE ( 'NONE', #879, #2471, #1807, .T. ) ;
#3969 = CARTESIAN_POINT ( 'NONE',  ( 4.700000000000001066, 3.149999999999999911, 0.5000000000000004441 ) ) ;
#3970 = ADVANCED_FACE ( 'NONE', ( #470 ), #1993, .F. ) ;
#3971 = DIRECTION ( 'NONE',  ( 0.000000000000000000, 0.000000000000000000, 1.000000000000000000 ) ) ;
#3972 = SURFACE_SIDE_STYLE ('',( #1455 ) ) ;
#3973 = DIRECTION ( 'NONE',  ( 0.000000000000000000, 0.000000000000000000, 1.000000000000000000 ) ) ;
#3974 = ORIENTED_EDGE ( 'NONE', *, *, #946, .F. ) ;
#3975 =( GEOMETRIC_REPRESENTATION_CONTEXT ( 3 ) GLOBAL_UNCERTAINTY_ASSIGNED_CONTEXT ( ( #4268 ) ) GLOBAL_UNIT_ASSIGNED_CONTEXT ( ( #3522, #3587, #4230 ) ) REPRESENTATION_CONTEXT ( 'NONE', 'WORKASPACE' ) );
#3976 = VECTOR ( 'NONE', #649, 1000.000000000000000 ) ;
#3977 = EDGE_CURVE ( 'NONE', #3959, #3115, #3573, .T. ) ;
#3978 = VERTEX_POINT ( 'NONE', #3149 ) ;
#3979 = DIRECTION ( 'NONE',  ( 0.000000000000000000, -1.000000000000000000, 0.000000000000000000 ) ) ;
#3980 = EDGE_CURVE ( 'NONE', #639, #3516, #3470, .T. ) ;
#3981 = FACE_OUTER_BOUND ( 'NONE', #1234, .T. ) ;
#3982 = CARTESIAN_POINT ( 'NONE',  ( -8.000000000000000000, 2.149999999999999911, 2.026000000000002021 ) ) ;
#3983 = AXIS2_PLACEMENT_3D ( 'NONE', #3002, #1324, #715 ) ;
#3984 = CARTESIAN_POINT ( 'NONE',  ( -4.299999999999999822, 5.271320343559642296, 0.000000000000000000 ) ) ;
#3985 = ORIENTED_EDGE ( 'NONE', *, *, #3005, .T. ) ;
#3986 = CARTESIAN_POINT ( 'NONE',  ( -4.299999999999999822, 3.149999999999999911, 0.000000000000000000 ) ) ;
#3987 = CYLINDRICAL_SURFACE ( 'NONE', #4054, 0.8999999999999994671 ) ;
#3988 = DIRECTION ( 'NONE',  ( 0.000000000000000000, -0.000000000000000000, 1.000000000000000000 ) ) ;
#3989 = DIRECTION ( 'NONE',  ( -0.000000000000000000, 1.000000000000000000, -0.000000000000000000 ) ) ;
#3990 = ORIENTED_EDGE ( 'NONE', *, *, #1891, .T. ) ;
#3991 = AXIS2_PLACEMENT_3D ( 'NONE', #4084, #9, #1388 ) ;
#3992 = AXIS2_PLACEMENT_3D ( 'NONE', #2533, #2476, #3175 ) ;
#3993 = CIRCLE ( 'NONE', #3120, 0.2000000000000000944 ) ;
#3994 = LINE ( 'NONE', #3334, #1040 ) ;
#3995 = CARTESIAN_POINT ( 'NONE',  ( -4.299999999999999822, 3.149999999999999911, 0.000000000000000000 ) ) ;
#3996 = DIRECTION ( 'NONE',  ( 0.000000000000000000, 0.000000000000000000, 1.000000000000000000 ) ) ;
#3997 = CARTESIAN_POINT ( 'NONE',  ( 8.195000000000000284, -0.8500000000000000888, -9.558368267345090462E-16 ) ) ;
#3998 = ORIENTED_EDGE ( 'NONE', *, *, #697, .F. ) ;
#3999 = AXIS2_PLACEMENT_3D ( 'NONE', #2728, #2675, #2643 ) ;
#4000 = CARTESIAN_POINT ( 'NONE',  ( -8.049999999999998934, -0.3999999999999997446, 0.000000000000000000 ) ) ;
#4001 = AXIS2_PLACEMENT_3D ( 'NONE', #3003, #1252, #3654 ) ;
#4002 = DIRECTION ( 'NONE',  ( 0.000000000000000000, 1.000000000000000000, 0.000000000000000000 ) ) ;
#4003 = FACE_OUTER_BOUND ( 'NONE', #1147, .T. ) ;
#4004 = FACE_OUTER_BOUND ( 'NONE', #327, .T. ) ;
#4005 = ADVANCED_FACE ( 'NONE', ( #627 ), #3583, .F. ) ;
#4006 = VERTEX_POINT ( 'NONE', #3518 ) ;
#4007 = AXIS2_PLACEMENT_3D ( 'NONE', #2713, #2035, #3449 ) ;
#4008 = DIRECTION ( 'NONE',  ( 0.000000000000000000, -0.000000000000000000, 1.000000000000000000 ) ) ;
#4009 = CARTESIAN_POINT ( 'NONE',  ( -1.300000000000000044, 2.950000000000000178, 0.000000000000000000 ) ) ;
#4010 = CIRCLE ( 'NONE', #967, 0.5000000000000004441 ) ;
#4011 = SPHERICAL_SURFACE ( 'NONE', #2118, 0.7500000000000000000 ) ;
#4012 = CARTESIAN_POINT ( 'NONE',  ( 1.700000000000000178, 2.649999999999999911, 0.7499999999999997780 ) ) ;
#4013 = DIRECTION ( 'NONE',  ( -0.000000000000000000, -1.000000000000000000, -0.000000000000000000 ) ) ;
#4014 = EDGE_CURVE ( 'NONE', #3588, #191, #668, .T. ) ;
#4015 = CARTESIAN_POINT ( 'NONE',  ( -4.299999999999999822, 3.100000000000000089, 0.000000000000000000 ) ) ;
#4016 = ORIENTED_EDGE ( 'NONE', *, *, #4337, .F. ) ;
#4017 = DIRECTION ( 'NONE',  ( 0.000000000000000000, 0.000000000000000000, 1.000000000000000000 ) ) ;
#4018 = LINE ( 'NONE', #991, #1103 ) ;
#4019 = AXIS2_PLACEMENT_3D ( 'NONE', #3420, #371, #1008 ) ;
#4020 = CARTESIAN_POINT ( 'NONE',  ( -2.049999999999998046, 3.149999999999999911, 0.000000000000000000 ) ) ;
#4021 = DIRECTION ( 'NONE',  ( -1.000000000000000000, 0.000000000000000000, 0.000000000000000000 ) ) ;
#4022 = DIRECTION ( 'NONE',  ( 0.000000000000000000, 1.000000000000000000, 0.000000000000000000 ) ) ;
#4023 = VERTEX_POINT ( 'NONE', #3787 ) ;
#4024 = CIRCLE ( 'NONE', #170, 0.8999999999999999112 ) ;
#4025 = LINE ( 'NONE', #2595, #3976 ) ;
#4026 = AXIS2_PLACEMENT_3D ( 'NONE', #1940, #1161, #1875 ) ;
#4027 = DIRECTION ( 'NONE',  ( 0.000000000000000000, 1.000000000000000000, -0.000000000000000000 ) ) ;
#4028 = CARTESIAN_POINT ( 'NONE',  ( -5.799999999999999822, -0.3999999999999997446, -1.439999999999999947 ) ) ;
#4029 = CARTESIAN_POINT ( 'NONE',  ( -5.949999999999998401, 1.049999999999999822, 1.925999999999999934 ) ) ;
#4030 = FILL_AREA_STYLE ('',( #2353 ) ) ;
#4031 = ORIENTED_EDGE ( 'NONE', *, *, #1417, .T. ) ;
#4032 = FILL_AREA_STYLE_COLOUR ( '', #2768 ) ;
#4033 = LINE ( 'NONE', #3788, #4114 ) ;
#4034 = LINE ( 'NONE', #4189, #4154 ) ;
#4035 = EDGE_LOOP ( 'NONE', ( #2508, #1808, #3990, #352 ) ) ;
#4036 = CARTESIAN_POINT ( 'NONE',  ( -5.799999999999999822, -0.3499999999999996447, -1.439999999999999947 ) ) ;
#4037 = CIRCLE ( 'NONE', #3246, 0.8999999999999999112 ) ;
#4038 = LINE ( 'NONE', #2707, #3954 ) ;
#4039 = ADVANCED_FACE ( 'NONE', ( #2008 ), #2575, .T. ) ;
#4040 = CARTESIAN_POINT ( 'NONE',  ( -8.000000000000000000, 2.149999999999999911, 0.000000000000000000 ) ) ;
#4041 = CARTESIAN_POINT ( 'NONE',  ( 1.700000000000000178, 3.149999999999999911, -0.6999999999999997335 ) ) ;
#4042 = DIRECTION ( 'NONE',  ( 0.000000000000000000, 1.000000000000000000, 0.000000000000000000 ) ) ;
#4043 = EDGE_LOOP ( 'NONE', ( #2750, #2339, #933, #2273 ) ) ;
#4044 = VECTOR ( 'NONE', #628, 1000.000000000000000 ) ;
#4045 = VECTOR ( 'NONE', #4048, 1000.000000000000000 ) ;
#4046 = AXIS2_PLACEMENT_3D ( 'NONE', #705, #3413, #1004 ) ;
#4047 = DIRECTION ( 'NONE',  ( 0.000000000000000000, 0.000000000000000000, -1.000000000000000000 ) ) ;
#4048 = DIRECTION ( 'NONE',  ( 0.000000000000000000, 0.7071067811865486830, 0.7071067811865464625 ) ) ;
#4049 = AXIS2_PLACEMENT_3D ( 'NONE', #2142, #4090, #2870 ) ;
#4050 = CYLINDRICAL_SURFACE ( 'NONE', #3743, 1.499999999999999556 ) ;
#4051 = FACE_BOUND ( 'NONE', #2823, .T. ) ;
#4052 = AXIS2_PLACEMENT_3D ( 'NONE', #3534, #2469, #2496 ) ;
#4053 = DIRECTION ( 'NONE',  ( 1.000000000000000000, -0.000000000000000000, 1.224646799147353207E-16 ) ) ;
#4054 = AXIS2_PLACEMENT_3D ( 'NONE', #2175, #1782, #1472 ) ;
#4055 = CARTESIAN_POINT ( 'NONE',  ( -4.299999999999999822, 0.4000000000000001887, 0.8999999999999999112 ) ) ;
#4056 = DIRECTION ( 'NONE',  ( 0.000000000000000000, 1.000000000000000000, 0.000000000000000000 ) ) ;
#4057 = EDGE_LOOP ( 'NONE', ( #3536, #2089, #2039, #623 ) ) ;
#4058 = SURFACE_STYLE_USAGE ( .BOTH. , #2067 ) ;
#4059 = CARTESIAN_POINT ( 'NONE',  ( 1.700000000000000178, 3.100000000000000089, -0.7499999999999997780 ) ) ;
#4060 = FACE_OUTER_BOUND ( 'NONE', #1770, .T. ) ;
#4061 = TOROIDAL_SURFACE ( 'NONE', #3401, 0.6999999999999997335, 0.05000000000000000278 ) ;
#4062 = AXIS2_PLACEMENT_3D ( 'NONE', #717, #2381, #3996 ) ;
#4063 = EDGE_LOOP ( 'NONE', ( #1903, #236, #3268, #3193 ) ) ;
#4064 = DIRECTION ( 'NONE',  ( 0.000000000000000000, 1.000000000000000000, 0.000000000000000000 ) ) ;
#4065 = DIRECTION ( 'NONE',  ( 0.000000000000000000, 0.000000000000000000, 1.000000000000000000 ) ) ;
#4066 = EDGE_CURVE ( 'NONE', #2995, #2934, #1973, .T. ) ;
#4067 = DIRECTION ( 'NONE',  ( -1.000000000000000000, -0.000000000000000000, -0.000000000000000000 ) ) ;
#4068 = DIRECTION ( 'NONE',  ( -0.000000000000000000, -1.000000000000000000, -0.000000000000000000 ) ) ;
#4069 = ORIENTED_EDGE ( 'NONE', *, *, #2362, .T. ) ;
#4070 = AXIS2_PLACEMENT_3D ( 'NONE', #4290, #2397, #296 ) ;
#4071 = CARTESIAN_POINT ( 'NONE',  ( -4.299999999999999822, 2.649999999999999911, 0.7499999999999997780 ) ) ;
#4072 = CIRCLE ( 'NONE', #2671, 0.7499999999999997780 ) ;
#4073 = CIRCLE ( 'NONE', #3559, 0.5000000000000004441 ) ;
#4074 = ADVANCED_FACE ( 'NONE', ( #515 ), #546, .T. ) ;
#4075 = EDGE_CURVE ( 'NONE', #438, #1107, #503, .T. ) ;
#4076 = DIRECTION ( 'NONE',  ( 0.000000000000000000, 0.000000000000000000, -1.000000000000000000 ) ) ;
#4077 = DIRECTION ( 'NONE',  ( 0.000000000000000000, 0.000000000000000000, 1.000000000000000000 ) ) ;
#4078 = ORIENTED_EDGE ( 'NONE', *, *, #2407, .T. ) ;
#4079 = EDGE_CURVE ( 'NONE', #1745, #1804, #557, .T. ) ;
#4080 = CYLINDRICAL_SURFACE ( 'NONE', #1635, 0.2500000000000003886 ) ;
#4081 = CIRCLE ( 'NONE', #3094, 1.499999999999999556 ) ;
#4082 = CARTESIAN_POINT ( 'NONE',  ( -7.804999999999999716, 3.050000000000001599, -9.558368267345090462E-16 ) ) ;
#4083 = DIRECTION ( 'NONE',  ( 0.000000000000000000, 0.000000000000000000, 1.000000000000000000 ) ) ;
#4084 = CARTESIAN_POINT ( 'NONE',  ( -7.804999999999999716, 3.050000000000000711, -9.558368267345090462E-16 ) ) ;
#4085 = ORIENTED_EDGE ( 'NONE', *, *, #587, .T. ) ;
#4086 = EDGE_CURVE ( 'NONE', #256, #2330, #1999, .T. ) ;
#4087 = FACE_BOUND ( 'NONE', #382, .T. ) ;
#4088 = EDGE_LOOP ( 'NONE', ( #4267, #713 ) ) ;
#4089 = AXIS2_PLACEMENT_3D ( 'NONE', #1978, #1253, #3627 ) ;
#4090 = DIRECTION ( 'NONE',  ( -0.000000000000000000, -0.000000000000000000, -1.000000000000000000 ) ) ;
#4091 = DIRECTION ( 'NONE',  ( 8.659560562354886020E-17, 0.7071067811865513475, -0.7071067811865436870 ) ) ;
#4092 = FACE_OUTER_BOUND ( 'NONE', #2404, .T. ) ;
#4093 = CYLINDRICAL_SURFACE ( 'NONE', #3756, 1.499999999999999556 ) ;
#4094 = DIRECTION ( 'NONE',  ( 0.000000000000000000, 0.000000000000000000, -1.000000000000000000 ) ) ;
#4095 = ORIENTED_EDGE ( 'NONE', *, *, #182, .T. ) ;
#4096 = CARTESIAN_POINT ( 'NONE',  ( 1.700000000000000178, 0.000000000000000000, 0.8999999999999999112 ) ) ;
#4097 = FACE_BOUND ( 'NONE', #3182, .T. ) ;
#4098 = VERTEX_POINT ( 'NONE', #1081 ) ;
#4099 = MECHANICAL_DESIGN_GEOMETRIC_PRESENTATION_REPRESENTATION (  '', ( #1352 ), #1690 ) ;
#4100 = AXIS2_PLACEMENT_3D ( 'NONE', #4000, #2975, #990 ) ;
#4101 = FACE_OUTER_BOUND ( 'NONE', #30, .T. ) ;
#4102 = ADVANCED_FACE ( 'NONE', ( #641 ), #2108, .T. ) ;
#4103 = CARTESIAN_POINT ( 'NONE',  ( -1.300000000000000044, 3.100000000000000089, 0.6999999999999997335 ) ) ;
#4104 = DIRECTION ( 'NONE',  ( -0.000000000000000000, 1.000000000000000000, -0.000000000000000000 ) ) ;
#4105 = ORIENTED_EDGE ( 'NONE', *, *, #322, .F. ) ;
#4106 = DIRECTION ( 'NONE',  ( 0.000000000000000000, 0.000000000000000000, 1.000000000000000000 ) ) ;
#4107 = DIRECTION ( 'NONE',  ( 0.000000000000000000, 0.000000000000000000, 1.000000000000000000 ) ) ;
#4108 = SURFACE_STYLE_USAGE ( .BOTH. , #1731 ) ;
#4109 = VECTOR ( 'NONE', #838, 1000.000000000000000 ) ;
#4110 = FACE_OUTER_BOUND ( 'NONE', #1851, .T. ) ;
#4111 = EDGE_CURVE ( 'NONE', #87, #2154, #511, .T. ) ;
#4112 = CARTESIAN_POINT ( 'NONE',  ( -7.804999999999999716, -0.9499999999999995115, -1.550000000000001377 ) ) ;
#4113 = CARTESIAN_POINT ( 'NONE',  ( -4.299999999999999822, 3.149999999999999911, 0.6999999999999997335 ) ) ;
#4114 = VECTOR ( 'NONE', #1398, 1000.000000000000000 ) ;
#4115 = CARTESIAN_POINT ( 'NONE',  ( -1.300000000000000044, -1.000000000000000000, -0.2000000000000003164 ) ) ;
#4116 = CARTESIAN_POINT ( 'NONE',  ( 4.700000000000001066, -1.000000000000000000, 0.000000000000000000 ) ) ;
#4117 = VERTEX_POINT ( 'NONE', #4112 ) ;
#4118 = CARTESIAN_POINT ( 'NONE',  ( 1.199999999999999734, 3.509016994374947629, 0.000000000000000000 ) ) ;
#4119 = ORIENTED_EDGE ( 'NONE', *, *, #2637, .F. ) ;
#4120 = FACE_OUTER_BOUND ( 'NONE', #1873, .T. ) ;
#4121 = DIRECTION ( 'NONE',  ( -0.000000000000000000, 1.000000000000000000, -0.000000000000000000 ) ) ;
#4122 = CARTESIAN_POINT ( 'NONE',  ( 1.700000000000000178, 3.149999999999999911, 0.000000000000000000 ) ) ;
#4123 = EDGE_CURVE ( 'NONE', #1368, #908, #2027, .T. ) ;
#4124 = VERTEX_POINT ( 'NONE', #1130 ) ;
#4125 = AXIS2_PLACEMENT_3D ( 'NONE', #3360, #2025, #652 ) ;
#4126 = ORIENTED_EDGE ( 'NONE', *, *, #1235, .T. ) ;
#4127 = FACE_OUTER_BOUND ( 'NONE', #1360, .T. ) ;
#4128 = EDGE_CURVE ( 'NONE', #1531, #49, #2101, .T. ) ;
#4129 = DIRECTION ( 'NONE',  ( 0.000000000000000000, 0.000000000000000000, 1.000000000000000000 ) ) ;
#4130 = CONICAL_SURFACE ( 'NONE', #446, 0.2000000000000003164, 0.7853981633974467247 ) ;
#4131 = DIRECTION ( 'NONE',  ( 0.000000000000000000, 1.000000000000000000, 0.000000000000000000 ) ) ;
#4132 = ORIENTED_EDGE ( 'NONE', *, *, #1833, .T. ) ;
#4133 = DIRECTION ( 'NONE',  ( 0.000000000000000000, 1.000000000000000000, 0.000000000000000000 ) ) ;
#4134 = FACE_OUTER_BOUND ( 'NONE', #939, .T. ) ;
#4135 = CIRCLE ( 'NONE', #2646, 0.7499999999999997780 ) ;
#4136 = AXIS2_PLACEMENT_3D ( 'NONE', #1927, #1157, #1494 ) ;
#4137 = ADVANCED_FACE ( 'NONE', ( #1979 ), #4231, .F. ) ;
#4138 = EDGE_LOOP ( 'NONE', ( #2180, #3679, #2965, #2116 ) ) ;
#4139 = DIRECTION ( 'NONE',  ( 1.000000000000000000, 0.000000000000000000, 0.000000000000000000 ) ) ;
#4140 = DIRECTION ( 'NONE',  ( 0.000000000000000000, 1.000000000000000000, 0.000000000000000000 ) ) ;
#4141 = ORIENTED_EDGE ( 'NONE', *, *, #2166, .F. ) ;
#4142 = CIRCLE ( 'NONE', #2095, 0.6999999999999997335 ) ;
#4143 = CYLINDRICAL_SURFACE ( 'NONE', #1668, 0.7499999999999997780 ) ;
#4144 = PLANE ( 'NONE',  #2280 ) ;
#4145 = DIRECTION ( 'NONE',  ( 1.000000000000000000, 0.000000000000000000, 0.000000000000000000 ) ) ;
#4146 = DIRECTION ( 'NONE',  ( -0.000000000000000000, -1.000000000000000000, -0.000000000000000000 ) ) ;
#4147 = ORIENTED_EDGE ( 'NONE', *, *, #3968, .F. ) ;
#4148 = CARTESIAN_POINT ( 'NONE',  ( -4.299999999999999822, 2.649999999999999911, 0.000000000000000000 ) ) ;
#4149 = ORIENTED_EDGE ( 'NONE', *, *, #2835, .T. ) ;
#4150 = DIRECTION ( 'NONE',  ( 0.000000000000000000, 0.000000000000000000, 1.000000000000000000 ) ) ;
#4151 = DIRECTION ( 'NONE',  ( 0.000000000000000000, 0.000000000000000000, 1.000000000000000000 ) ) ;
#4152 = CIRCLE ( 'NONE', #3203, 0.8999999999999999112 ) ;
#4153 = VERTEX_POINT ( 'NONE', #297 ) ;
#4154 = VECTOR ( 'NONE', #214, 1000.000000000000000 ) ;
#4155 =( NAMED_UNIT ( * ) PLANE_ANGLE_UNIT ( ) SI_UNIT ( $, .RADIAN. ) );
#4156 = CARTESIAN_POINT ( 'NONE',  ( 1.700000000000000400, 0.4000000000000001887, -0.8999999999999999112 ) ) ;
#4157 = CARTESIAN_POINT ( 'NONE',  ( -1.300000000000000044, 3.149999999999999911, 0.000000000000000000 ) ) ;
#4158 = DIRECTION ( 'NONE',  ( 0.000000000000000000, -0.000000000000000000, 1.000000000000000000 ) ) ;
#4159 = UNCERTAINTY_MEASURE_WITH_UNIT (LENGTH_MEASURE( 1.000000000000000082E-05 ), #2969, 'distance_accuracy_value', 'NONE');
#4160 = ADVANCED_FACE ( 'NONE', ( #647 ), #2066, .T. ) ;
#4161 = ORIENTED_EDGE ( 'NONE', *, *, #3601, .F. ) ;
#4162 = DIRECTION ( 'NONE',  ( 0.000000000000000000, 0.000000000000000000, -1.000000000000000000 ) ) ;
#4163 = PRESENTATION_STYLE_ASSIGNMENT (( #2895 ) ) ;
#4164 = EDGE_CURVE ( 'NONE', #1852, #23, #657, .T. ) ;
#4165 = EDGE_CURVE ( 'NONE', #2000, #1447, #2060, .T. ) ;
#4166 = PLANE ( 'NONE',  #3586 ) ;
#4167 = EDGE_LOOP ( 'NONE', ( #674, #254, #3302, #4326 ) ) ;
#4168 = FACE_OUTER_BOUND ( 'NONE', #363, .T. ) ;
#4169 = FACE_OUTER_BOUND ( 'NONE', #1752, .T. ) ;
#4170 = CARTESIAN_POINT ( 'NONE',  ( 4.700000000000001066, 0.000000000000000000, 0.8999999999999994671 ) ) ;
#4171 = ADVANCED_FACE ( 'NONE', ( #1963 ), #1622, .F. ) ;
#4172 = DIRECTION ( 'NONE',  ( 0.000000000000000000, 1.000000000000000000, 0.000000000000000000 ) ) ;
#4173 = DIRECTION ( 'NONE',  ( 0.000000000000000000, -0.000000000000000000, -1.000000000000000000 ) ) ;
#4174 = EDGE_CURVE ( 'NONE', #1834, #3978, #3454, .T. ) ;
#4175 = EDGE_CURVE ( 'NONE', #3516, #1800, #3535, .T. ) ;
#4176 = CIRCLE ( 'NONE', #152, 1.499999999999999556 ) ;
#4177 = CIRCLE ( 'NONE', #3937, 0.7499999999999997780 ) ;
#4178 = DIRECTION ( 'NONE',  ( 0.000000000000000000, 0.000000000000000000, 1.000000000000000000 ) ) ;
#4179 = DIRECTION ( 'NONE',  ( 0.000000000000000000, 1.000000000000000000, 0.000000000000000000 ) ) ;
#4180 = STYLED_ITEM ( 'NONE', ( #537 ), #4183 ) ;
#4181 = EDGE_CURVE ( 'NONE', #1036, #1699, #578, .T. ) ;
#4182 = AXIS2_PLACEMENT_3D ( 'NONE', #2077, #1371, #3435 ) ;
#4183 = MANIFOLD_SOLID_BREP ( 'LPattern2[3]', #316 ) ;
#4184 = FACE_OUTER_BOUND ( 'NONE', #3195, .T. ) ;
#4185 = DIRECTION ( 'NONE',  ( 0.000000000000000000, 1.000000000000000000, 0.000000000000000000 ) ) ;
#4186 = DIRECTION ( 'NONE',  ( 1.000000000000000000, -0.000000000000000000, -0.000000000000000000 ) ) ;
#4187 = EDGE_CURVE ( 'NONE', #4006, #1503, #634, .T. ) ;
#4188 = VERTEX_POINT ( 'NONE', #3696 ) ;
#4189 = CARTESIAN_POINT ( 'NONE',  ( -5.449999999999993072, 3.220837012152985679, -1.129256628518331418 ) ) ;
#4190 = VECTOR ( 'NONE', #2879, 1000.000000000000000 ) ;
#4191 = TOROIDAL_SURFACE ( 'NONE', #4351, 0.6999999999999997335, 0.05000000000000000278 ) ;
#4192 = AXIS2_PLACEMENT_3D ( 'NONE', #3055, #3430, #610 ) ;
#4193 = CARTESIAN_POINT ( 'NONE',  ( -4.299999999999999822, 3.509016994374947629, 0.5000000000000004441 ) ) ;
#4194 = PRESENTATION_LAYER_ASSIGNMENT (  '', '', ( #1815 ) ) ;
#4195 = DIRECTION ( 'NONE',  ( 0.000000000000000000, 0.000000000000000000, 1.000000000000000000 ) ) ;
#4196 = AXIS2_PLACEMENT_3D ( 'NONE', #3835, #2515, #1811 ) ;
#4197 = ADVANCED_FACE ( 'NONE', ( #2051, #3515 ), #2258, .F. ) ;
#4198 = VERTEX_POINT ( 'NONE', #1566 ) ;
#4199 = SURFACE_STYLE_FILL_AREA ( #4370 ) ;
#4200 = CARTESIAN_POINT ( 'NONE',  ( -1.300000000000000044, 5.271320343559642296, 0.000000000000000000 ) ) ;
#4201 = DIRECTION ( 'NONE',  ( 0.000000000000000000, 0.000000000000000000, 1.000000000000000000 ) ) ;
#4202 = CARTESIAN_POINT ( 'NONE',  ( -4.949999999999998401, 1.049999999999998934, -0.2632312247338899902 ) ) ;
#4203 = MECHANICAL_DESIGN_GEOMETRIC_PRESENTATION_REPRESENTATION (  '', ( #3942 ), #3685 ) ;
#4204 = CARTESIAN_POINT ( 'NONE',  ( 1.700000000000000178, 0.000000000000000000, 0.000000000000000000 ) ) ;
#4205 = ORIENTED_EDGE ( 'NONE', *, *, #3390, .T. ) ;
#4206 = FACE_OUTER_BOUND ( 'NONE', #577, .T. ) ;
#4207 = FACE_OUTER_BOUND ( 'NONE', #2979, .T. ) ;
#4208 = CARTESIAN_POINT ( 'NONE',  ( -7.804999999999999716, 3.050000000000000711, -9.558368267345090462E-16 ) ) ;
#4209 = CARTESIAN_POINT ( 'NONE',  ( 8.195000000000000284, 2.649999999999999911, -9.558368267345090462E-16 ) ) ;
#4210 = EDGE_CURVE ( 'NONE', #246, #3204, #3540, .T. ) ;
#4211 = ORIENTED_EDGE ( 'NONE', *, *, #2966, .T. ) ;
#4212 = FACE_OUTER_BOUND ( 'NONE', #237, .T. ) ;
#4213 = CYLINDRICAL_SURFACE ( 'NONE', #1911, 0.8999999999999999112 ) ;
#4214 = AXIS2_PLACEMENT_3D ( 'NONE', #404, #4021, #4358 ) ;
#4215 = DIRECTION ( 'NONE',  ( 0.000000000000000000, 1.000000000000000000, 0.000000000000000000 ) ) ;
#4216 =( LENGTH_UNIT ( ) NAMED_UNIT ( * ) SI_UNIT ( .MILLI., .METRE. ) );
#4217 = EDGE_CURVE ( 'NONE', #2330, #2437, #622, .T. ) ;
#4218 = CARTESIAN_POINT ( 'NONE',  ( -4.299999999999999822, -1.000000000000000000, 0.000000000000000000 ) ) ;
#4219 = EDGE_CURVE ( 'NONE', #1513, #3899, #2081, .T. ) ;
#4220 = ORIENTED_EDGE ( 'NONE', *, *, #2002, .F. ) ;
#4221 = DIRECTION ( 'NONE',  ( -1.000000000000000000, 0.000000000000000000, 0.000000000000000000 ) ) ;
#4222 = LINE ( 'NONE', #3427, #2699 ) ;
#4223 = CONICAL_SURFACE ( 'NONE', #3890, 0.2000000000000003164, 0.7853981633974467247 ) ;
#4224 = DIRECTION ( 'NONE',  ( 0.000000000000000000, -1.000000000000000000, 0.000000000000000000 ) ) ;
#4225 = EDGE_CURVE ( 'NONE', #2336, #3588, #3717, .T. ) ;
#4226 = DIRECTION ( 'NONE',  ( 0.000000000000000000, 1.000000000000000000, 0.000000000000000000 ) ) ;
#4227 = ORIENTED_EDGE ( 'NONE', *, *, #3511, .F. ) ;
#4228 = VECTOR ( 'NONE', #2009, 1000.000000000000000 ) ;
#4229 = CIRCLE ( 'NONE', #1797, 0.7499999999999997780 ) ;
#4230 =( NAMED_UNIT ( * ) SI_UNIT ( $, .STERADIAN. ) SOLID_ANGLE_UNIT ( ) );
#4231 = PLANE ( 'NONE',  #37 ) ;
#4232 = EDGE_CURVE ( 'NONE', #3191, #681, #3628, .T. ) ;
#4233 = CARTESIAN_POINT ( 'NONE',  ( -8.049999999999998934, 2.149999999999999911, 0.000000000000000000 ) ) ;
#4234 = AXIS2_PLACEMENT_3D ( 'NONE', #1259, #675, #2638 ) ;
#4235 = DIRECTION ( 'NONE',  ( -0.000000000000000000, -1.000000000000000000, -0.000000000000000000 ) ) ;
#4236 = ORIENTED_EDGE ( 'NONE', *, *, #3856, .F. ) ;
#4237 = SURFACE_STYLE_FILL_AREA ( #753 ) ;
#4238 = VECTOR ( 'NONE', #4104, 1000.000000000000000 ) ;
#4239 = CARTESIAN_POINT ( 'NONE',  ( 8.205000000000000071, 3.050000000000002487, -1.500000000000000666 ) ) ;
#4240 = DIRECTION ( 'NONE',  ( 0.000000000000000000, 0.000000000000000000, -1.000000000000000000 ) ) ;
#4241 = ORIENTED_EDGE ( 'NONE', *, *, #2610, .F. ) ;
#4242 = ORIENTED_EDGE ( 'NONE', *, *, #540, .F. ) ;
#4243 = CONICAL_SURFACE ( 'NONE', #1567, 0.2000000000000003164, 0.7853981633974467247 ) ;
#4244 = AXIS2_PLACEMENT_3D ( 'NONE', #1781, #1110, #2436 ) ;
#4245 = ORIENTED_EDGE ( 'NONE', *, *, #3755, .T. ) ;
#4246 = CARTESIAN_POINT ( 'NONE',  ( 4.700000000000001066, 3.100000000000000089, 0.000000000000000000 ) ) ;
#4247 = CARTESIAN_POINT ( 'NONE',  ( 1.700000000000000178, 0.000000000000000000, 0.2500000000000003886 ) ) ;
#4248 = ORIENTED_EDGE ( 'NONE', *, *, #234, .F. ) ;
#4249 = DIRECTION ( 'NONE',  ( 0.000000000000000000, 1.000000000000000000, 0.000000000000000000 ) ) ;
#4250 = CIRCLE ( 'NONE', #664, 0.7499999999999997780 ) ;
#4251 = ORIENTED_EDGE ( 'NONE', *, *, #36, .T. ) ;
#4252 = CARTESIAN_POINT ( 'NONE',  ( 1.700000000000000178, 2.950000000000000178, 0.000000000000000000 ) ) ;
#4253 = AXIS2_PLACEMENT_3D ( 'NONE', #3118, #4140, #4195 ) ;
#4254 = EDGE_LOOP ( 'NONE', ( #3932, #1860, #3322, #4105 ) ) ;
#4255 = DIRECTION ( 'NONE',  ( 0.000000000000000000, 0.000000000000000000, -1.000000000000000000 ) ) ;
#4256 = CARTESIAN_POINT ( 'NONE',  ( -1.300000000000000044, 2.950000000000000178, 0.000000000000000000 ) ) ;
#4257 = ORIENTED_EDGE ( 'NONE', *, *, #1644, .F. ) ;
#4258 = AXIS2_PLACEMENT_3D ( 'NONE', #1274, #2099, #1694 ) ;
#4259 = PRODUCT_DEFINITION_FORMATION_WITH_SPECIFIED_SOURCE ( 'ANY', '', #935, .NOT_KNOWN. ) ;
#4260 = ADVANCED_FACE ( 'NONE', ( #3668 ), #3640, .F. ) ;
#4261 = DIRECTION ( 'NONE',  ( -0.000000000000000000, -1.000000000000000000, -0.000000000000000000 ) ) ;
#4262 = TOROIDAL_SURFACE ( 'NONE', #3762, 0.6999999999999997335, 0.05000000000000000278 ) ;
#4263 = DIRECTION ( 'NONE',  ( 0.000000000000000000, 0.000000000000000000, -1.000000000000000000 ) ) ;
#4264 = CARTESIAN_POINT ( 'NONE',  ( -4.949999999999998401, -14.85791365496260497, -0.2632312247338899902 ) ) ;
#4265 = EDGE_CURVE ( 'NONE', #1263, #2401, #3710, .T. ) ;
#4266 = DIRECTION ( 'NONE',  ( 0.000000000000000000, 0.000000000000000000, -1.000000000000000000 ) ) ;
#4267 = ORIENTED_EDGE ( 'NONE', *, *, #726, .F. ) ;
#4268 = UNCERTAINTY_MEASURE_WITH_UNIT (LENGTH_MEASURE( 1.000000000000000082E-05 ), #3522, 'distance_accuracy_value', 'NONE');
#4269 = AXIS2_PLACEMENT_3D ( 'NONE', #2277, #3286, #3636 ) ;
#4270 = ORIENTED_EDGE ( 'NONE', *, *, #3485, .F. ) ;
#4271 = LINE ( 'NONE', #2556, #4190 ) ;
#4272 = LINE ( 'NONE', #2115, #4325 ) ;
#4273 = ORIENTED_EDGE ( 'NONE', *, *, #3145, .F. ) ;
#4274 = EDGE_CURVE ( 'NONE', #2844, #1840, #2239, .T. ) ;
#4275 = EDGE_CURVE ( 'NONE', #23, #219, #806, .T. ) ;
#4276 = CARTESIAN_POINT ( 'NONE',  ( -1.300000000000000044, 3.100000000000000533, 0.7499999999999997780 ) ) ;
#4277 = DIRECTION ( 'NONE',  ( 0.000000000000000000, 0.000000000000000000, 1.000000000000000000 ) ) ;
#4278 = EDGE_CURVE ( 'NONE', #2006, #1554, #3604, .T. ) ;
#4279 = EDGE_LOOP ( 'NONE', ( #531, #17 ) ) ;
#4280 = DIRECTION ( 'NONE',  ( 0.000000000000000000, 0.000000000000000000, 1.000000000000000000 ) ) ;
#4281 = FACE_OUTER_BOUND ( 'NONE', #343, .T. ) ;
#4282 = ORIENTED_EDGE ( 'NONE', *, *, #2610, .T. ) ;
#4283 = DIRECTION ( 'NONE',  ( 0.000000000000000000, 0.000000000000000000, 1.000000000000000000 ) ) ;
#4284 = CARTESIAN_POINT ( 'NONE',  ( 4.700000000000001066, -1.000000000000000000, 0.000000000000000000 ) ) ;
#4285 = EDGE_CURVE ( 'NONE', #545, #908, #2253, .T. ) ;
#4286 = AXIS2_PLACEMENT_3D ( 'NONE', #3412, #1706, #3326 ) ;
#4287 = ORIENTED_EDGE ( 'NONE', *, *, #1905, .F. ) ;
#4288 = VECTOR ( 'NONE', #3424, 1000.000000000000000 ) ;
#4289 = LINE ( 'NONE', #1284, #1399 ) ;
#4290 = CARTESIAN_POINT ( 'NONE',  ( 4.700000000000001066, -0.9499999999999997335, 0.000000000000000000 ) ) ;
#4291 = CARTESIAN_POINT ( 'NONE',  ( 4.700000000000001066, -1.000000000000000000, 0.2500000000000003886 ) ) ;
#4292 =( NAMED_UNIT ( * ) SI_UNIT ( $, .STERADIAN. ) SOLID_ANGLE_UNIT ( ) );
#4293 = ORIENTED_EDGE ( 'NONE', *, *, #540, .T. ) ;
#4294 = AXIS2_PLACEMENT_3D ( 'NONE', #1198, #1507, #2233 ) ;
#4295 = DIRECTION ( 'NONE',  ( -0.000000000000000000, -1.000000000000000000, -0.000000000000000000 ) ) ;
#4296 = VERTEX_POINT ( 'NONE', #1629 ) ;
#4297 = DIRECTION ( 'NONE',  ( 0.000000000000000000, 1.000000000000000000, 0.000000000000000000 ) ) ;
#4298 = CIRCLE ( 'NONE', #2329, 2.899999999999999023 ) ;
#4299 = DIRECTION ( 'NONE',  ( -0.000000000000000000, -1.000000000000000000, -0.000000000000000000 ) ) ;
#4300 = EDGE_LOOP ( 'NONE', ( #274, #544, #3514, #4382 ) ) ;
#4301 = EDGE_LOOP ( 'NONE', ( #315, #2158 ) ) ;
#4302 = CONICAL_SURFACE ( 'NONE', #3618, 0.7499999999999997780, 0.7853981633974396193 ) ;
#4303 = VECTOR ( 'NONE', #3494, 1000.000000000000000 ) ;
#4304 = EDGE_CURVE ( 'NONE', #1506, #3307, #2133, .T. ) ;
#4305 = ORIENTED_EDGE ( 'NONE', *, *, #2539, .F. ) ;
#4306 = DIRECTION ( 'NONE',  ( 0.000000000000000000, 1.000000000000000000, 0.000000000000000000 ) ) ;
#4307 = DIRECTION ( 'NONE',  ( 0.000000000000000000, 1.000000000000000000, 0.000000000000000000 ) ) ;
#4308 = MECHANICAL_DESIGN_GEOMETRIC_PRESENTATION_REPRESENTATION (  '', ( #510 ), #3363 ) ;
#4309 = VERTEX_POINT ( 'NONE', #982 ) ;
#4310 = DIRECTION ( 'NONE',  ( 0.000000000000000000, 1.000000000000000000, 0.000000000000000000 ) ) ;
#4311 = FACE_OUTER_BOUND ( 'NONE', #384, .T. ) ;
#4312 = VERTEX_POINT ( 'NONE', #1014 ) ;
#4313 = DIRECTION ( 'NONE',  ( -0.000000000000000000, 0.9993908270190956511, -0.03489949670250104552 ) ) ;
#4314 = DIRECTION ( 'NONE',  ( -0.000000000000000000, 1.000000000000000000, -0.000000000000000000 ) ) ;
#4315 = CARTESIAN_POINT ( 'NONE',  ( -7.804999999999999716, 3.149999999999999911, 1.599999999999996092 ) ) ;
#4316 = VERTEX_POINT ( 'NONE', #40 ) ;
#4317 = FACE_OUTER_BOUND ( 'NONE', #3048, .T. ) ;
#4318 = CYLINDRICAL_SURFACE ( 'NONE', #2369, 0.7499999999999997780 ) ;
#4319 = DIRECTION ( 'NONE',  ( 0.000000000000000000, 0.000000000000000000, 1.000000000000000000 ) ) ;
#4320 = EDGE_CURVE ( 'NONE', #2917, #4153, #2182, .T. ) ;
#4321 = EDGE_CURVE ( 'NONE', #1369, #3398, #3695, .T. ) ;
#4322 = EDGE_LOOP ( 'NONE', ( #3177, #3148, #2222, #133 ) ) ;
#4323 = DIRECTION ( 'NONE',  ( -1.000000000000000000, 0.000000000000000000, 0.000000000000000000 ) ) ;
#4324 = LINE ( 'NONE', #3716, #4334 ) ;
#4325 = VECTOR ( 'NONE', #3837, 1000.000000000000000 ) ;
#4326 = ORIENTED_EDGE ( 'NONE', *, *, #608, .F. ) ;
#4327 = DIRECTION ( 'NONE',  ( -0.000000000000000000, -1.000000000000000000, -0.000000000000000000 ) ) ;
#4328 = CARTESIAN_POINT ( 'NONE',  ( -8.000000000000000000, 2.149999999999999911, 2.026000000000002021 ) ) ;
#4329 = CARTESIAN_POINT ( 'NONE',  ( 4.700000000000001066, 3.149999999999999911, -0.5000000000000004441 ) ) ;
#4330 = ORIENTED_EDGE ( 'NONE', *, *, #1608, .F. ) ;
#4331 = DIRECTION ( 'NONE',  ( 0.000000000000000000, 1.000000000000000000, 0.000000000000000000 ) ) ;
#4332 = ADVANCED_FACE ( 'NONE', ( #733 ), #2333, .F. ) ;
#4333 = ORIENTED_EDGE ( 'NONE', *, *, #1718, .F. ) ;
#4334 = VECTOR ( 'NONE', #4013, 1000.000000000000000 ) ;
#4335 = CIRCLE ( 'NONE', #2857, 0.2000000000000000944 ) ;
#4336 = ORIENTED_EDGE ( 'NONE', *, *, #1605, .F. ) ;
#4337 = EDGE_CURVE ( 'NONE', #3831, #2000, #2270, .T. ) ;
#4338 = ORIENTED_EDGE ( 'NONE', *, *, #3086, .T. ) ;
#4339 = CARTESIAN_POINT ( 'NONE',  ( -8.049999999999998934, 2.949999999999999734, 2.899999999999999023 ) ) ;
#4340 = DIRECTION ( 'NONE',  ( -1.000000000000000000, 0.000000000000000000, 0.000000000000000000 ) ) ;
#4341 = ORIENTED_EDGE ( 'NONE', *, *, #22, .F. ) ;
#4342 = CARTESIAN_POINT ( 'NONE',  ( 8.000000000000000000, 2.149999999999999911, -2.026000000000002021 ) ) ;
#4343 = VECTOR ( 'NONE', #2849, 1000.000000000000000 ) ;
#4344 = CIRCLE ( 'NONE', #3348, 0.8999999999999999112 ) ;
#4345 = ORIENTED_EDGE ( 'NONE', *, *, #2002, .T. ) ;
#4346 = AXIS2_PLACEMENT_3D ( 'NONE', #338, #4027, #4364 ) ;
#4347 = CARTESIAN_POINT ( 'NONE',  ( -1.300000000000000044, 3.100000000000000089, -0.7499999999999997780 ) ) ;
#4348 = ORIENTED_EDGE ( 'NONE', *, *, #3446, .F. ) ;
#4349 = DIRECTION ( 'NONE',  ( 0.000000000000000000, 0.000000000000000000, -1.000000000000000000 ) ) ;
#4350 = EDGE_CURVE ( 'NONE', #2599, #1777, #3705, .T. ) ;
#4351 = AXIS2_PLACEMENT_3D ( 'NONE', #2226, #893, #2748 ) ;
#4352 =( LENGTH_UNIT ( ) NAMED_UNIT ( * ) SI_UNIT ( .MILLI., .METRE. ) );
#4353 = DIRECTION ( 'NONE',  ( -0.000000000000000000, 1.000000000000000000, -0.000000000000000000 ) ) ;
#4354 = ADVANCED_FACE ( 'NONE', ( #2141 ), #1660, .F. ) ;
#4355 = VERTEX_POINT ( 'NONE', #2004 ) ;
#4356 = FACE_OUTER_BOUND ( 'NONE', #1209, .T. ) ;
#4357 = PRESENTATION_STYLE_ASSIGNMENT (( #1327 ) ) ;
#4358 = DIRECTION ( 'NONE',  ( 0.000000000000000000, 0.000000000000000000, 1.000000000000000000 ) ) ;
#4359 = EDGE_LOOP ( 'NONE', ( #600, #4336, #3495, #3596 ) ) ;
#4360 = ORIENTED_EDGE ( 'NONE', *, *, #3901, .F. ) ;
#4361 = AXIS2_PLACEMENT_3D ( 'NONE', #923, #445, #1697 ) ;
#4362 = PRODUCT_DEFINITION_SHAPE ( 'NONE', 'NONE',  #424 ) ;
#4363 = EDGE_LOOP ( 'NONE', ( #3016, #2097, #701, #2072 ) ) ;
#4364 = DIRECTION ( 'NONE',  ( 0.000000000000000000, 0.000000000000000000, -1.000000000000000000 ) ) ;
#4365 = CYLINDRICAL_SURFACE ( 'NONE', #3622, 1.500000000000000666 ) ;
#4366 = EDGE_LOOP ( 'NONE', ( #1652, #2455, #373, #3924 ) ) ;
#4367 = DIRECTION ( 'NONE',  ( 0.000000000000000000, 0.000000000000000000, 1.000000000000000000 ) ) ;
#4368 = CARTESIAN_POINT ( 'NONE',  ( 8.205000000000000071, 2.649999999999999911, -4.898587196589386574E-17 ) ) ;
#4369 = ORIENTED_EDGE ( 'NONE', *, *, #2049, .T. ) ;
#4370 = FILL_AREA_STYLE ('',( #4032 ) ) ;
#4371 = DIRECTION ( 'NONE',  ( 0.000000000000000000, 1.000000000000000000, 0.000000000000000000 ) ) ;
#4372 = ORIENTED_EDGE ( 'NONE', *, *, #3785, .F. ) ;
#4373 = VECTOR ( 'NONE', #3599, 1000.000000000000227 ) ;
#4374 = FACE_OUTER_BOUND ( 'NONE', #3362, .T. ) ;
#4375 = ORIENTED_EDGE ( 'NONE', *, *, #2633, .T. ) ;
#4376 = CARTESIAN_POINT ( 'NONE',  ( -1.300000000000000044, 3.509016994374947629, 0.000000000000000000 ) ) ;
#4377 = DIRECTION ( 'NONE',  ( -0.000000000000000000, 1.000000000000000000, -0.000000000000000000 ) ) ;
#4378 = VERTEX_POINT ( 'NONE', #2623 ) ;
#4379 = VECTOR ( 'NONE', #534, 1000.000000000000000 ) ;
#4380 = SPHERICAL_SURFACE ( 'NONE', #2667, 0.7500000000000000000 ) ;
#4381 = ORIENTED_EDGE ( 'NONE', *, *, #268, .T. ) ;
#4382 = ORIENTED_EDGE ( 'NONE', *, *, #1309, .F. ) ;
#4383 = CARTESIAN_POINT ( 'NONE',  ( 4.700000000000001066, 3.149999999999999911, -0.6999999999999997335 ) ) ;
#4384 = FILL_AREA_STYLE_COLOUR ( '', #3006 ) ;
#4385 = AXIS2_PLACEMENT_3D ( 'NONE', #2346, #34, #711 ) ;
#4386 = DIRECTION ( 'NONE',  ( 0.000000000000000000, 0.7071067811865486830, 0.7071067811865464625 ) ) ;
#4387 = ORIENTED_EDGE ( 'NONE', *, *, #3918, .F. ) ;
#4388 = CIRCLE ( 'NONE', #3352, 1.650000000000000577 ) ;
#4389 = VECTOR ( 'NONE', #3754, 1000.000000000000000 ) ;
#4390 = PLANE ( 'NONE',  #241 ) ;
ENDSEC;
END-ISO-10303-21;
